"species_code","parent_taxon","scientific_name","common_name"
"24166","3","Lycodapus psarostomatus","specklemouth eelpout"
"24170","3","Lycodapus mandibularis","pallid eelpout"
"24180","3","Lycodes sp.","Lycodes sp."
"24181","3","Lycodes rossi","threespot eelpout"
"24182","3","Lycodes soldatovi","dipline eelpout"
"24184","3","Lycodes raridens","marbled eelpout"
"24185","3","Lycodes palearis","wattled eelpout"
"24186","3","Lycodes mucosus","saddled eelpout"
"24187","3","Lycodes concolor","ebony eelpout"
"24188","3","Lycodes polaris","Canadian eelpout"
"24189","3","Lycodes turneri","polar eelpout"
"24190","3","Lycodes diapterus","black eelpout"
"24191","3","Lycodes brevipes","shortfin eelpout"
"24192","3","Gymnelus viridis","fish doctor"
"24193","3","Gymnelus sp.","Gymnelus sp."
"24194","3","Gymnelus hemifasciatus","halfbarred eelpout"
"24200","3","Lycodes pacificus","blackbelly eelpout"
"24220","3","Bothrocara sp.","Bothrocara sp."
"24230","3","Lycodapus sp.","Lycodapus sp."
"24231","3","Lycodapus poecilus","variform eelpout"
"24232","3","Lycodapus parviceps","smallhead eelpout"
"24233","3","Lycodapus grossidens","bigtooth eelpout"
"24240","3","Lycodema barbatum","bearded eelpout"
"24393","3","Melanostigma pammelas","midwater eelpout"
"24394","3","Puzanovia rubra","coral eelpout"
"24395","3","Nalbantichthys elongatus","thinskin eelpout"
"24404","3","Gibbonsia metzi","striped kelpfish"
"25100","3","Acipenseridae (family)","sturgeons"
"25120","3","Acipenser medirostris","green sturgeon"
"26050","3","Stomiidae (family)","loosejaws"
"26053","3","Aristostomias scintillans","shining loosejaw"
"26060","3","Neonesthes capensis","Neonesthes capensis"
"27020","3","Lampris guttatus","opah"
"27028","3","Stylephorus chordatus","tube-eye"
"27050","3","Synodontidae (family)","lizardfishes"
"27051","3","Synodus lucioceps","California lizardfish"
"28532","3","Howella sherborni","Sherborn's cardinalfish"
"29990","3","Eurypharynx pelecanoides","umbrellamouth gulper"
"29996","3","Saccopharynx sp.","Saccopharynx sp."
"29999","3","Actinopterygii (class)","roundfishes"
"30000","3","Scorpaenidae (family)","scorpionfishes and rockfishes"
"30010","3","Sebastolobus (genus)","thornyhead spp."
"30020","3","Sebastolobus alascanus","shortspine thornyhead"
"30025","3","Sebastolobus macrochir","broadfin thornyhead"
"30030","3","Sebastolobus altivelis","longspine thornyhead"
"30035","3","Adelosebastes latens","Aleutian scorpionfish"
"30040","3","Sebastes (genus)","rockfish spp."
"30050","3","Sebastes (genus)","rougheye and blackspotted rockfish spp."
"30051","3","Sebastes aleutianus","rougheye rockfish"
"30052","3","Sebastes melanostictus","blackspotted rockfish"
"30060","3","Sebastes alutus","POP"
"30080","3","Sebastes auriculatus","brown rockfish"
"30090","3","Sebastes aurora","aurora rockfish"
"30100","3","Sebastes brevispinis","silvergray rockfish"
"30110","3","Sebastes carnatus","gopher rockfish"
"30120","3","Sebastes caurinus","copper rockfish"
"30130","3","Sebastes chlorostictus","greenspotted rockfish"
"30150","3","Sebastes (genus)","dusky and dark rockfish spp."
"30151","3","Sebastes ciliatus","dark rockfish"
"30152","3","Sebastes variabilis","dusky rockfish"
"30160","3","Sebastes constellatus","starry rockfish"
"30170","3","Sebastes crameri","darkblotched rockfish"
"30180","3","Sebastes dalli","calico rockfish"
"30190","3","Sebastes diploproa","splitnose rockfish"
"30200","3","Sebastes elongatus","greenstriped rockfish"
"30210","3","Sebastes emphaeus","Puget Sound rockfish"
"30220","3","Sebastes entomelas","widow rockfish"
"30230","3","Sebastes eos","pink rockfish"
"30240","3","Sebastes flavidus","yellowtail rockfish"
"30250","3","Sebastes gilli","bronzespotted rockfish"
"30260","3","Sebastes goodei","chilipepper"
"30270","3","Sebastes helvomaculatus","rosethorn rockfish"
"30280","3","Sebastes hopkinsi","squarespot rockfish"
"30290","3","Sebastes jordani","shortbelly rockfish"
"30295","3","Sebastes lentiginosus","freckled rockfish"
"30300","3","Sebastes levis","cowcod"
"30320","3","Sebastes maliger","quillback rockfish"
"30330","3","Sebastes melanops","black rockfish"
"30340","3","Sebastes melanostomus","blackgill rockfish"
"30350","3","Sebastes miniatus","vermilion rockfish"
"30360","3","Sebastes mystinus","blue rockfish"
"30370","3","Sebastes nebulosus","China rockfish"
"30380","3","Sebastes nigrocinctus","tiger rockfish"
"30390","3","Sebastes ovalis","speckled rockfish"
"30400","3","Sebastes paucispinis","bocaccio"
"30410","3","Sebastes pinniger","canary rockfish"
"30420","3","Sebastes polyspinis","northern rockfish"
"30430","3","Sebastes proriger","redstripe rockfish"
"30460","3","Sebastes rosaceus","rosy rockfish"
"30470","3","Sebastes ruberrimus","yelloweye rockfish"
"30475","3","Sebastes babcocki","redbanded rockfish"
"30480","3","Sebastes rubrivinctus","flag rockfish"
"30490","3","Sebastes saxicola","stripetail rockfish"
"30500","3","Sebastes semicinctus","halfbanded rockfish"
"30510","3","Sebastes serranoides","olive rockfish"
"30535","3","Sebastes variegatus","harlequin rockfish"
"30540","3","Sebastes vexillaris","whitebelly rockfish"
"30550","3","Sebastes wilsoni","pygmy rockfish"
"30560","3","Sebastes zacentrus","sharpchin rockfish"
"30570","3","Sebastes phillipsi","chameleon rockfish"
"30575","3","Sebastes rufus","bank rockfish"
"30576","3","Sebastes borealis","shortraker rockfish"
"30580","3","Sebastes (genus)","black rockfish spp."
"30590","3","Sebastes (genus)","red rockfish spp."
"30600","3","Sebastes reedi","yellowmouth rockfish"
"30611","3","Sebastes rosenblatti","greenblotched rockfish"
"30620","3","Sebastes simulator","pinkrose rockfish"
"30630","3","Sebastes (genus)","white spotted red rockfish spp."
"31501","3","Scorpaena guttata","California scorpionfish"
"31550","3","Prionotus stephanophrys","lumptail searobin"
"39100","3","Eumetopias jubatus","Steller sea lion"
"40001","3","Cnidaria (phylum)","coelenterates"
"40008","3","Campanulariidae","campanulariid hydroid"
"40009","3","Plumulariidae","plumulariid hydroids"
"40010","3","Hydrozoa","Hydrozoa"
"40011","3","Hydrozoa (class)","hydroids"
"40012","3","Bonneviella sp. A (Clark 2006)","champagne flute hydroid"
"40020","3","Hydractinia sp.","Hydractinia sp."
"40028","3","Aglaophenia sp.","Aglaophenia sp."
"40049","3","Sertulariidae","Sertulariid hydroid"
"40050","3","Sertularia robusta","Sertularia robusta"
"40500","3","Scyphozoa (class)","jellyfishes"
"40501","3","Chrysaora sp.","chrysaora jellyfish"
"40502","3","Periphylla sp.","Periphylla sp."
"40503","3","Periphylla periphylla","helmet jelly"
"40504","3","Chrysaora melanaster","northern sea nettle"
"40505","3","Phacellophora camtschatica","egg yolk jelly"
"40506","3","Aequorea sp.","Aequorea sp."
"40507","3","Bolinopsis sp.","Bolinopsis sp."
"40508","3","Polyorchis sp.","Polyorchis sp."
"40509","3","Phacellophora sp.","Phacellophora sp."
"40510","3","Atolla sp.","Atolla sp."
"40511","3","Aurelia sp.","Aurelia sp."
"40512","3","Aurelia labiata","Aurelia labiata"
"40560","3","Cyanea sp.","Cyanea sp."
"40561","3","Cyanea capillata","lions mane"
"41000","3","Anthozoa","Anthozoa"
"41100","3","Alcyonacea (order)","soft corals"
"41101","3","Alyconaria unident.","octocoral spp."
"41102","3","Alcyonium sp.","Alcyonium sp."
"41201","3","Gersemia sp.","sea raspberry"
"41221","3","Gersemia rubiformis","Gersemia rubiformis"
"41300","3","Anthomastus sp.","Anthomastus sp."
"41331","3","Anthomastus sp. A","red anthomastus"
"41332","3","Anthomastus sp. B","gray anthomastus"
"41333","3","Anthomastus sp. cf. japonicus (Bayer et al.)","Anthomastus sp. cf. japonicus (Bayer et al.)"
"3","3","Actinopterygii (class)","fishes"
"2","3","Actinopterygii (class)","fish larvae"
"10","3","Petromyzontidae (family)","lampreys"
"21","3","Lampetra tridentata","Pacific lamprey"
"100","3","Myxinidae (family)","hagfishes"
"109","3","Eptatretus sp.","Eptatretus sp."
"110","3","Eptatretus deani","black hagfish"
"120","3","Eptatretus stouti","Pacific hagfish"
"150","3","Chondrichthyes (class)","sharks"
"151","3","Chondrichthyes (class)","cartilaginous fishes"
"160","3","Chondrichthyes (class)","shark egg cases"
"180","3","Alopias vulpinus","thresher shark"
"200","3","Scyliorhinidae (family)","cat sharks"
"201","3","Apristurus brunneus egg case","brown cat shark egg case"
"210","3","Apristurus brunneus","brown cat shark"
"211","3","Parmaturus xaniurus","filetail cat shark"
"212","3","Apristurus kampae","longnose cat shark"
"213","3","Apristurus sp.","Apristurus sp."
"214","3","Cephaloscyllium ventriosum","swell shark"
"222","3","Hexanchus griseus","sixgill shark"
"232","3","Lamna ditropis","salmon shark"
"242","3","Cetorhinus maximus","basking shark"
"252","3","Squatina californica","Pacific angel shark"
"310","3","Squalus suckleyi","spiny dogfish"
"320","3","Somniosus pacificus","Pacific sleeper shark"
"332","3","Galeorhinus galeus","soupfin shark"
"339","3","Mustelus sp.","Mustelus sp."
"340","3","Mustelus henlei","brown smoothhound"
"341","3","Mustelus californicus","gray smoothhound"
"351","3","Prionace glauca","blue shark"
"355","3","Triakis semifasciata","leopard shark"
"400","3","Rajidae (family)","skates"
"401","3","Rajidae (family)","skate egg cases"
"402","3","Bathyraja sp. egg case","Bathyraja sp. egg case"
"403","3","Raja sp. egg case","Raja sp. egg case"
"404","3","Raja sp.","Raja sp."
"405","3","Bathyraja sp.","Bathyraja sp."
"406","3","Bathyraja spinosissima","white skate"
"410","3","Bathyraja abyssicola","deepsea skate"
"420","3","Beringraja binoculata","big skate"
"421","3","Raja binoculata egg case","Raja binoculata egg case"
"425","3","Raja inornata","California skate"
"435","3","Bathyraja interrupta","Bering skate"
"436","3","Bathyraja interrupta egg case","Bathyraja interrupta egg case"
"440","3","Raja rhina","longnose skate"
"445","3","Raja badia","roughshoulder skate"
"450","3","Raja stellulata","starry skate"
"455","3","Bathyraja taranetzi","mud skate"
"460","3","Bathyraja trachura","roughtail skate"
"461","3","Bathyraja trachura egg case","Bathyraja trachura egg case"
"471","3","Bathyraja parmifera","Alaska skate"
"472","3","Bathyraja aleutica","Aleutian skate"
"475","3","Bathyraja lindbergi","Commander skate"
"480","3","Bathyraja maculata","whiteblotched skate"
"485","3","Bathyraja minispinosa","whitebrow skate"
"490","3","Bathyraja smirnovi","golden skate"
"495","3","Bathyraja violacea","Okhotsk skate"
"610","3","Torpedo californica","Pacific electric ray"
"710","3","Hydrolagus colliei","spotted ratfish"
"711","3","Hydrolagus colliei egg case","Hydrolagus colliei egg case"
"10000","3","fish eggs unident.","fish eggs"
"10001","3","Pleuronectiformes (order)","flatfishes"
"10002","3","Pleuronectiform larvae","flatfish larvae"
"10003","3","Bothidae (family)","lefteye flounders"
"10008","3","Citharichthys (genus)","sanddab spp."
"10009","3","Citharichthys xanthostigma","longfin sanddab"
"10010","3","Citharichthys sordidus","Pacific sanddab"
"10020","3","Citharichthys stigmaeus","speckled sanddab"
"10041","3","Hippoglossina stomata","bigmouth sole"
"10050","3","Paralichthys californicus","California halibut"
"10060","3","Xystreurys liolepis","fantail sole"
"10100","3","Pleuronectidae (family)","righteye flounders"
"10110","3","Atheresthes stomias","arrowtooth flounder"
"10111","3","Atheresthes sp.","Atheresthes sp."
"10112","3","Atheresthes evermanni","Kamchatka flounder"
"10115","3","Reinhardtius hippoglossoides","Greenland turbot"
"10120","3","Hippoglossus stenolepis","Pacific halibut"
"10122","3","Parophrys vetulus X Platichthys stellatus hybrid","hybrid sole"
"10129","3","Hippoglossoides sp.","Hippoglossoides sp."
"10130","3","Hippoglossoides elassodon","flathead sole"
"10140","3","Hippoglossoides robustus","Bering flounder"
"10145","3","Hypsopsetta guttulata","diamond turbot"
"10150","3","Lyopsetta exilis","slender sole"
"10155","3","Liopsetta glacialis","Arctic flounder"
"10160","3","Eopsetta jordani","petrale sole"
"10170","3","Parophrys vetulus","English sole"
"10180","3","Microstomus pacificus","Dover sole"
"10190","3","Embassichthys bathybius","deepsea sole"
"10200","3","Glyptocephalus zachirus","rex sole"
"10201","3","Glyptocephalus zachirus larvae","rex sole larvae"
"10210","3","Limanda aspera","yellowfin sole"
"10211","3","Limanda proboscidea","longhead dab"
"10212","3","Limanda sakhalinensis","Sakhalin sole"
"10220","3","Platichthys stellatus","starry flounder"
"10221","3","Platichthys stellatus X Pleuronectes quadrituberculatus hybrid","hybrid starry flounder X Alaska plaice"
"10240","3","Clidoderma asperrimum","roughscale sole"
"10250","3","Psettichthys melanostictus","sand sole"
"10260","3","Lepidopsetta (genus)","rock sole spp."
"10261","3","Lepidopsetta polyxystra","northern rock sole"
"10262","3","Lepidopsetta bilineata","southern rock sole"
"10270","3","Isopsetta isolepis","butter sole"
"10280","3","Pleuronichthys decurrens","curlfin sole"
"10281","3","Pleuronichthys verticalis","hornyhead turbot"
"10285","3","Pleuronectes quadrituberculatus","Alaska plaice"
"10291","3","Pleuronichthys sp.","Pleuronichthys sp."
"10295","3","Pleuronichthys ritteri","spotted turbot"
"10400","3","Symphurus atricauda","California tonguefish"
"20000","3","Agonidae (family)","poachers"
"20001","3","Pallasina barbata","tubenose poacher"
"20002","3","Percis japonicus","dragon poacher"
"20004","3","Leptagonus sp.","Leptagonus sp."
"20005","3","Leptagonus leptorhynchus","longnose poacher"
"20006","3","Leptagonus frenatus","sawback poacher"
"20015","3","Agonopsis vulsa","northern spearnose poacher"
"20018","3","Odontopyxis trispinosa","pygmy poacher"
"20020","3","Xeneretmus latifrons","blacktip poacher"
"20021","3","Xeneretmus triacanthus","bluespotted poacher"
"20022","3","Xeneretmus leiops","smootheye poacher"
"20023","3","Xeneretmus sp.","Xeneretmus sp."
"20034","3","Bathyagonus (genus)","starsnout poacher spp."
"20035","3","Bathyagonus alascanus","gray starsnout"
"20036","3","Bathyagonus infraspinatus","spinycheek starsnout"
"20037","3","Bathyagonus pentacanthus","bigeye poacher"
"20038","3","Bathyagonus nigripinnis","blackfin poacher"
"20039","3","Podothecus sp.","Podothecus sp."
"20040","3","Podothecus accipenserinus","sturgeon poacher"
"20041","3","Podothecus veternus","veteran poacher"
"20050","3","Aspidophoroides monopterygius","Aleutian alligatorfish"
"20051","3","Ulcina olrikii","Arctic alligatorfish"
"20055","3","Anoplagonus inermis","smooth alligatorfish"
"20060","3","Chesnonia verrucosa","warty poacher"
"20061","3","Occella dodecaedron","Bering poacher"
"20071","3","Hypsagonus quadricornis","fourhorn poacher"
"20075","3","Stellerina xyosterna","pricklebreast poacher"
"20100","3","Alepocephalidae (family)","slickheads"
"20110","3","Alepocephalus sp.","Alepocephalus sp."
"20120","3","Alepocephalus tenebrosus","California slickhead"
"20121","3","Bajacalifornia burragei","sharpchin slickhead"
"20122","3","Bajacalifornia megalops","Bajacalifornia megalops"
"20150","3","Talismania bifurcata","threadfin slickhead"
"20179","3","Maulisia sp.","Maulisia sp."
"20180","3","Maulisia mauli","Maulisia mauli"
"20202","3","Ammodytes (genus)","sand lance spp."
"20320","3","Anarrhichthys ocellatus","wolf-eel"
"20322","3","Anarhichas orientalis","Bering wolffish"
"20420","3","Anoplogaster cornuta","fangtooth"
"20510","3","Anoplopoma fimbria","sablefish"
"20542","3","Aulorhynchus flavidus","tube-snout"
"20571","3","Argentinidae (family)","argentines"
"20572","3","Nansenia candida","bluethroat argentine"
"20573","3","Argentina sialis","Pacific argentine"
"20575","3","Atherinidae (family)","silversides"
"20610","3","Engraulis mordax","northern anchovy"
"20614","3","Bathylagidae (family)","deepsea smelts"
"20615","3","Bathylagus pacificus","Pacific blacksmelt"
"20619","3","Bathylagus (genus)","blacksmelt spp."
"20620","3","Bathylagus milleri","robust blacksmelt"
"20622","3","Leuroglossus schmidti","northern smoothtongue"
"20624","3","Bathylagus ochotensis","popeye blacksmelt"
"20660","3","Leuroglossus sp.","Leuroglossus sp."
"20662","3","Leuroglossus stilbius","California smoothtongue"
"20700","3","Bathymasteridae (family)","ronquils"
"20702","3","Ronquilus jordani","northern ronquil"
"20712","3","Bathymaster caeruleofasciatus","Alaskan ronquil"
"20713","3","Bathymaster leurolepis","smallmouth ronquil"
"20720","3","Bathymaster signatus","searcher"
"20722","3","Bathymaster derjugini","bluecheek ronquil"
"20731","3","Rathbunella hypoplecta","smooth ronquil"
"20801","3","Porichthys notatus","plainfin midshipman"
"20802","3","Porichthys sp.","Porichthys sp."
"20842","3","Brama japonica","Pacific pomfret"
"20871","3","Bathylaco nigricans","bonythroat"
"20900","3","Ophidiidae (family)","cusk-eels"
"20901","3","Chilara taylori","spotted cusk-eel"
"20902","3","Ophidion scrippsae","basketweave cusk-eel"
"20905","3","Lamprogrammus niger","paperbone cusk-eel"
"20908","3","Dicrolene sp.","Dicrolene sp."
"20910","3","Dicrolene filamentosa","threadfin cusk-eel"
"20915","3","Melanonus zugmayeri","arrowtail"
"20920","3","Cataetyx sp.","Cataetyx sp."
"20921","3","Cataetyx rubrirostris","rubynose brotula"
"20930","3","Brosmophycis marginata","red brotula"
"20952","3","Trachurus symmetricus","jack mackerel"
"20960","3","Ceratioidei","Ceratioidei"
"20971","3","Melanocetus johnsonii","common blackdevil"
"20980","3","Ceratiidae (family)","seadevils"
"20990","3","Cetomimidae","flabby whalefishes"
"20995","3","Rondeletia loricata","armored redmouth whalefish"
"21000","3","Stomiidae (family)","viperfishes"
"21010","3","Chauliodus macouni","Pacific viperfish"
"21110","3","Clupea pallasii","Pacific herring"
"21120","3","Alosa sapidissima","American shad"
"21130","3","Sardinops sagax","Pacific sardine"
"21150","3","Gigantactis sp.","Gigantactis sp."
"21200","3","Macrouridae (family)","grenadiers"
"21201","3","Nezumia stelgidolepis","California grenadier"
"21202","3","Nezumia liolepis","smooth grenadier"
"21204","3","Caelorinchus scaphopsis","shoulderspot grenadier"
"21210","3","Coryphaenoides sp.","Coryphaenoides sp."
"21220","3","Coryphaenoides acrolepis","Pacific grenadier"
"21230","3","Coryphaenoides pectoralis","giant grenadier"
"21232","3","Coryphaenoides cinereus","popeye grenadier"
"21238","3","Coryphaenoides filifer","filamented grenadier"
"21239","3","Coryphaenoides longifilis","longfin grenadier"
"21240","3","Malacocephalus laevis","softhead grenadier"
"21300","3","Cottidae (family)","sculpins"
"21305","3","Zesticelus profundorum","flabby sculpin"
"21307","3","Icelinus sp.","Icelinus sp."
"21308","3","Thyriscus anoplus","sponge sculpin"
"21309","3","Icelinus oculatus","frogmouth sculpin"
"21310","3","Icelinus filamentosus","threadfin sculpin"
"21311","3","Icelinus borealis","northern sculpin"
"21312","3","Icelinus tenuis","spotfin sculpin"
"21313","3","Gymnocanthus sp.","Gymnocanthus sp."
"21314","3","Gymnocanthus pistilliger","threaded sculpin"
"21315","3","Gymnocanthus tricuspis","Arctic staghorn sculpin"
"21316","3","Gymnocanthus galeatus","armorhead sculpin"
"21318","3","Icelinus fimbriatus","fringed sculpin"
"21320","3","Radulinus asprellus","slim sculpin"
"21327","3","Clinocottus acuticeps","sharpnose sculpin"
"21329","3","Gymnocanthus detrisus","purplegray sculpin"
"21330","3","Scorpaenichthys marmoratus","cabezon"
"21331","3","Artediellus sp.","Artediellus sp."
"21332","3","Artediellus miacanthus","bride sculpin"
"21333","3","Artediellus pacificus","hookhorn sculpin"
"21334","3","Artediellus scaber","hamecon"
"21335","3","Artediellus uncinatus","Arctic hookear sculpin"
"21336","3","Artediellus gomojunovi","spinyhook sculpin"
"21337","3","Bolinia euryptera","broadfin sculpin"
"21338","3","Malacocottus aleuticus","whitetail sculpin"
"21339","3","Malacocottus sp.","Malacocottus sp."
"21340","3","Malacocottus kincaidi","blackfin sculpin"
"21341","3","Malacocottus zonurus","darkfin sculpin"
"21342","3","Hemilepidotus sp.","Irish lord"
"21343","3","Hemilepidotus gilberti","banded Irish lord"
"21344","3","Hemilepidotus spinosus","brown Irish lord"
"21345","3","Hemilepidotus zapus","longfin Irish lord"
"21346","3","Hemilepidotus hemilepidotus","red Irish lord"
"21347","3","Hemilepidotus jordani","yellow Irish lord"
"21348","3","Hemilepidotus papilio","butterfly sculpin"
"21349","3","Archistes plumarius","plumed sculpin"
"21350","3","Triglops sp.","Triglops sp."
"21352","3","Triglops forficata","scissortail sculpin"
"21353","3","Triglops metopias","highbrow sculpin"
"21354","3","Triglops scepticus","spectacled sculpin"
"21355","3","Triglops pingeli","ribbed sculpin"
"21356","3","Triglops macellus","roughspine sculpin"
"21359","3","Archistes biseriatus","scaled sculpin"
"21360","3","Microcottus sellaris","brightbelly sculpin"
"21363","3","Artedius lateralis","smoothhead sculpin"
"21366","3","Chitonotus pugetensis","roughback sculpin"
"21368","3","Myoxocephalus scorpius","shorthorn (=warty) sculpin"
"21369","3","Myoxocephalus niger","warthead sculpin"
"21370","3","Myoxocephalus polyacanthocephalus","great sculpin"
"21371","3","Myoxocephalus jaok","plain sculpin"
"21373","3","Myoxocephalus stelleri","frog sculpin"
"21375","3","Myoxocephalus sp.","Myoxocephalus sp."
"21376","3","Megalocottus platycephalus","belligerent sculpin"
"21377","3","Myoxocephalus quadricornis","fourhorn sculpin"
"21378","3","Myoxocephalus scorpioides","Arctic sculpin"
"21379","3","Trichocottus brashnikovi","hairhead sculpin"
"21380","3","Leptocottus armatus","Pacific staghorn sculpin"
"21383","3","Gilbertidia sigalutes","soft sculpin"
"21384","3","Enophrys sp.","Enophrys sp."
"21386","3","Enophrys bison","buffalo sculpin"
"21387","3","Enophrys lucasi","leister sculpin"
"21388","3","Enophrys diceraus","antlered sculpin"
"21389","3","Enophrys taurina","bull sculpin"
"21390","3","Dasycottus setiger","spinyhead sculpin"
"21393","3","Psychrolutes sp.","Psychrolutes sp."
"21394","3","Psychrolutes paradoxus","tadpole sculpin"
"21395","3","Psychrolutes phrictus","blob sculpin"
"21397","3","Blepsias bilobus","crested sculpin"
"21398","3","Blepsias cirrhosus","silverspotted sculpin"
"21405","3","Nautichthys pribilovius","eyeshade sculpin"
"21406","3","Nautichthys oculofasciatus","sailfin sculpin"
"21407","3","Nautichthys robustus","shortmast sculpin"
"21415","3","Rhamphocottus richardsoni","grunt sculpin"
"21420","3","Hemitripterus bolini","bigmouth sculpin"
"21421","3","Hemitripterus villosus","sea raven"
"21422","3","Hemitripterus bolini eggs","bigmouth sculpin eggs"
"21423","3","Eurymen gyrinus","smoothcheek sculpin"
"21429","3","Triglops xenostethus","scalybreasted sculpin"
"21437","3","Icelinus burchami","dusky sculpin"
"21438","3","Icelus spiniger","thorny sculpin"
"21439","3","Icelus canaliculatus","blacknose sculpin"
"21440","3","Icelus euryops","wide-eye sculpin"
"21441","3","Icelus spatula","spatulate sculpin"
"21443","3","Icelus uncinalis","uncinate sculpin"
"21444","3","Rastrinus scutiger","roughskin sculpin"
"21445","3","Jordania zonope","longfin sculpin"
"21446","3","Icelus sp.","Icelus sp."
"21447","3","Paricelinus hopliticus","thornback sculpin"
"21484","3","Paralabrax nebulifer","barred sand bass"
"21500","3","Embiotocidae (family)","surfperches"
"21501","3","Amphistichus argenteus","barred surfperch"
"21506","3","Embiotoca lateralis","striped surfperch"
"21510","3","Cymatogaster aggregata","shiner perch"
"21515","3","Hyperprosopon anale","spotfin surfperch"
"21521","3","Rhacochilus vacca","pile perch"
"21522","3","Zalembius rosaceus","pink seaperch"
"21592","3","Trichodon trichodon","Pacific sandfish"
"21594","3","Chiasmodontidae","swallowers"
"21595","3","Kali indica","shortnose swallower"
"21596","3","Chiasmodon niger","black swallower"
"21597","3","Kali normani","needletooth swallower"
"21598","3","Pseudoscopelus sp.","Pseudoscopelus sp."
"21705","3","Gadidae (family)","cods"
"21710","3","Microgadus proximus","Pacific tomcod"
"21720","3","Gadus macrocephalus","Pacific cod"
"21725","3","Boreogadus saida","Arctic cod"
"21726","3","Moridae (family)","codlings"
"21727","3","Halargyreus johnsonii","slender codling"
"21731","3","Antimora microlepis","Pacific flatnose"
"21732","3","Physiculus rastrelliger","hundred fathom codling"
"21733","3","Laemonema longipes","longfin codling"
"21735","3","Eleginus gracilis","saffron cod"
"21740","3","Gadus chalcogrammus","pollock"
"21744","3","Gadus chalcogrammus","pollock age 0"
"21752","3","Gasterosteus aculeatus","threespine stickleback"
"21753","3","Pungitius pungitius","ninespine stickleback"
"21760","3","Syngnathidae (family)","pipefishes"
"21770","3","Gobiidae (family)","gobys"
"21800","3","Gonostomatidae (family)","bristlemouths"
"21805","3","Sigmops gracilis","slender fangjaw"
"21810","3","Cyclothone sp.","Cyclothone sp."
"21811","3","Cyclothone atraria","black bristlemouth"
"21812","3","Cyclothone pseudopallida","slender bristlemouth"
"21813","3","Cyclothone signata","showy bristlemouth"
"21815","3","Cyclothone acclinidens","benttooth bristlemouth"
"21818","3","Gonostoma sp.","Gonostoma sp."
"21820","3","Sternoptychidae (family)","hatchetfishes"
"21822","3","Argyropelecus sp.","Argyropelecus sp."
"21823","3","Argyropelecus lychnus","tropical hatchetfish"
"21824","3","Argyropelecus affinis","slender hatchetfish"
"21825","3","Sternoptyx diaphana","longspine hatchetfish"
"21827","3","Sternoptyx sp.","Sternoptyx sp."
"21845","3","Stomias atriventer","blackbelly dragonfish"
"21846","3","Stomiiformes","Stomiiformes"
"21847","3","Stomiidae","barbeled dragonfish"
"21900","3","Hexagrammidae (family)","greenlings"
"21910","3","Ophiodon elongatus","lingcod"
"21915","3","Oxylebius pictus","painted greenling"
"21921","3","Pleurogrammus monopterygius","Atka mackerel"
"21930","3","Hexagrammos sp.","Hexagrammos sp."
"21931","3","Hexagrammos octogrammus","masked greenling"
"21932","3","Hexagrammos stelleri","whitespotted greenling"
"21934","3","Hexagrammos lagocephalus","rock greenling"
"21935","3","Hexagrammos decagrammus","kelp greenling"
"21936","3","Zaniolepis latipinnis","longspine combfish"
"21937","3","Zaniolepis frenata","shortspine combfish"
"22010","3","Icosteus aenigmaticus","ragfish"
"22110","3","Idiacanthus antrostomus","Pacific blackdragon"
"22121","3","Medialuna californiensis","halfmoon"
"22169","3","Cyclopteridae","Lumpsuckers or snailfishs"
"22170","3","Cyclopteridae (family)","lumpsuckers"
"22173","3","Lethotremus sp.","Lethotremus sp."
"22175","3","Aptocyclus ventricosus","smooth lumpsucker"
"22176","3","Lethotremus muticus","docked snailfish"
"22177","3","Eumicrotremus birulai","round lumpsucker"
"22178","3","Eumicrotremus orbis","Pacific spiny lumpsucker"
"22179","3","Eumicrotremus derjugini","leatherfin lumpsucker"
"22180","3","Eumicrotremus gyrinops","Alaskan lumpsucker"
"22182","3","Eumicrotremus andriashevi","pimpled lumpsucker"
"22183","3","Eumicrotremus sp.","spiny lumpsuckers"
"22184","3","Eumicrotremus barbatus","papillose lumpsucker"
"22190","3","Eumicrotremus phrynoides","toad lumpsucker"
"22200","3","Liparidae (family)","snailfishes"
"22201","3","Liparis sp.","Liparis sp."
"22202","3","Liparis fucensis","slipskin snailfish"
"22203","3","Liparis bristolense","Bristol snailfish"
"22204","3","Liparis dennyi","marbled snailfish"
"22205","3","Liparis gibbus","variegated snailfish"
"22206","3","Crystallichthys cyclospilus","blotched snailfish"
"22207","3","Liparis megacephalus","bighead snailfish"
"22208","3","Liparis pulchellus","showy snailfish"
"22209","3","Liparis callyodon","spotted snailfish"
"22210","3","Liparis ochotensis","Okhotsk snailfish"
"22211","3","Liparis cyclopus","ribbon snailfish"
"22213","3","Liparis rutteri","ringtail snailfish"
"22214","3","Elassodiscus sp.","Elassodiscus sp."
"22215","3","Elassodiscus caudatus","humpback snailfish"
"22216","3","Elassodiscus tremebundus","blacklip snailfish"
"22217","3","Allocareproctus jordani","cherry snailfish"
"22219","3","Careproctus sp.","Careproctus sp."
"22220","3","Careproctus melanurus","blacktail snailfish"
"22221","3","Careproctus curilanus","Kuril snailfish"
"22222","3","Careproctus bowersianus","Bowers Bank snailfish"
"22223","3","Careproctus simus","proboscis snailfish"
"22224","3","Careproctus ectenes","shovelhead snailfish"
"22225","3","Careproctus canus","gray snailfish"
"22226","3","Careproctus phasma","monster snailfish"
"22228","3","Careproctus cypselurus","blackfin snailfish"
"22229","3","Careproctus furcellus","emarginate snailfish"
"22230","3","Careproctus abbreviatus","short snailfish"
"22231","3","Paraliparis ulochir","broadfin snailfish"
"22232","3","Careproctus scottae","peachskin snailfish"
"22233","3","Careproctus gilberti","smalldisk snailfish"
"22235","3","Careproctus colletti","Alaska snailfish"
"22236","3","Careproctus rastrinus","salmon snailfish"
"22237","3","Careproctus ovigerus","abyssal snailfish"
"22238","3","Liparis tunicatus","kelp snailfish"
"22239","3","Careproctus zachirus","paintbrush snailfish"
"22240","3","Careproctus candidus","bigeye snailfish"
"22241","3","Paraliparis dactylosus","red snailfish"
"22242","3","Paraliparis rosaceus","rosy snailfish"
"22243","3","Paraliparis deani","prickly snailfish"
"22244","3","Paraliparis cephalus","swellhead snailfish"
"22245","3","Careproctus lycopersicus","tomato snailfish"
"22246","3","Careproctus comus","comic snailfish"
"22247","3","Careproctus oregonensis","Oregon snailfish"
"22248","3","Careproctus microstomus","smallmouth snailfish"
"22249","3","Paraliparis pectoralis","pectoral snailfish"
"22250","3","Paraliparis sp.","Paraliparis sp."
"22251","3","Careproctus ostentum","microdisk snailfish"
"22252","3","Paraliparis paucidens","toothless snailfish"
"22253","3","Lipariscus nanus","pygmy snailfish"
"22254","3","Paraliparis dipterus","Splitfin snailfish"
"22255","3","Nectoliparis pelagicus","tadpole snailfish"
"22260","3","Rhinoliparis sp.","Rhinoliparis sp."
"22261","3","Rhinoliparis barbulifer","longnose snailfish"
"22262","3","Rhinoliparis attenuatus","slim snailfish"
"22263","3","Prognatholiparis ptychomandibularis","wrinkle-jaw snailfish"
"22264","3","Lopholiparis flerxi","hardhead snailfish"
"22271","3","Acantholiparis opercularis","spiny snailfish"
"22300","3","Melamphaidae (family)","bigscales"
"22310","3","Poromitra curilensis (=crassiceps)","crested bigscale"
"22320","3","Melamphaes lugubris","highsnout bigscale"
"22390","3","Allocyttus folletti","oxeye oreo"
"22400","3","Stomiidae (family)","scaleless dragonfishes"
"22410","3","Tactostoma macropus","longfin dragonfish"
"22420","3","Bathophilus flemingi","highfin dragonfish"
"22450","3","Borostomias panamensis","Borostomias panamensis"
"22461","3","Caristius macropus","manefish"
"22500","3","Merluccius productus","Pacific hake"
"22570","3","Anotopterus nikparini","North Pacific daggertooth"
"22582","3","Mola mola","ocean sunfish"
"22595","3","Scopelengys tristis","blackchin"
"22600","3","Myctophidae (family)","lanternfishes"
"22601","3","Stenobrachius sp.","Stenobrachius sp."
"22602","3","Stenobrachius leucopsarus","northern lampfish"
"22603","3","Stenobrachius nannochir","garnet lampfish"
"22609","3","Diaphus sp.","Diaphus sp."
"22610","3","Diaphus theta","California headlightfish"
"22620","3","Lampanyctus sp.","Lampanyctus sp."
"22623","3","Nannobrachium ritteri","broadfin lanternfish"
"22624","3","Nannobrachium regale","pinpoint lampfish"
"22625","3","Lampanyctus jordani","brokenline lampfish"
"22630","3","Ceratoscopelus townsendi","Ceratoscopelus townsendi"
"22640","3","Hygophum reinhardtii","slender lanternfish"
"22642","3","Notoscopelus resplendens","patchwork lampfish"
"22647","3","Protomyctophum crockeri","California flashlightfish"
"22648","3","Protomyctophum sp.","Protomyctophum sp."
"22649","3","Protomyctophum thompsoni","northern flashlightfish"
"22650","3","Tarletonbeania sp.","Tarletonbeania sp."
"22651","3","Tarletonbeania crenularis","blue lanternfish"
"22656","3","Symbolophorus californiensis","California lanternfish"
"22701","3","Nemichthyidae (family)","snipe eels"
"22702","3","Nemichthys scolopaceus","slender snipe eel"
"22703","3","Avocettina sp.","Avocettina sp."
"22704","3","Avocettina infans","blackline snipe eel"
"22705","3","Nemichthys larseni","pale snipe eel"
"22716","3","Leptocephalus sp.","Eel larva sp."
"22721","3","Serrivomer sector","sawtooth eel"
"22750","3","Linophrynidae","Linophrynidae"
"22800","3","Notacanthidae (family)","spiny eels"
"22810","3","Polyacanthonotus challengeri","Polyacanthonotus challengeri"
"22815","3","Notacanthus chemnitzii","snubnosed spiny eel"
"22900","3","Oneirodidae (family)","dreamers"
"22912","3","Oneirodes sp.","Oneirodes sp."
"22913","3","Oneirodes acanthias","spiny dreamer"
"22914","3","Oneirodes bulbosus","hairy-lure dreamer"
"22915","3","Oneirodes thompsoni","Oneirodes thompsoni"
"22917","3","Chaenophryne longiceps","Chaenophryne longiceps"
"22918","3","Chaenophryne melanorhabdus","Chaenophryne melanorhabdus"
"22919","3","Chaenophryne draco","smooth dreamer"
"22920","3","Gigantactis vanhoeffeni","whipnose"
"22921","3","Gigantactis microdontis","Gigantactis microdontis"
"22924","3","Caulophryne jordani","fanfin angler"
"22951","3","Paralepididae (family)","barracudinas"
"22952","3","Magnisudis atlantica","duckbill barracudina"
"22955","3","Lestidiops ringens","slender barracudina"
"22956","3","Arctozenus risso","ribbon barracudina"
"23000","3","Osmeridae (family)","smelts"
"23010","3","Thaleichthys pacificus","eulachon"
"23020","3","Hypomesus pretiosus","surf smelt"
"23030","3","Allosmerus elongatus","whitebait smelt"
"23041","3","Mallotus catervarius","Pacific capelin"
"23055","3","Osmerus mordax","rainbow smelt"
"23060","3","Spirinchus starksi","night smelt"
"23061","3","Spirinchus thaleichthys","longfin smelt"
"23071","3","Hypomesus olidus","pond smelt"
"23201","3","Salmonidae (family)","salmon and trouts"
"23202","3","Oncorhynchus (genus)","salmon spp."
"23220","3","Oncorhynchus tshawytscha","Chinook salmon"
"23225","3","Oncorhynchus kisutch","coho salmon"
"23230","3","Oncorhynchus gorbuscha","pink salmon"
"23235","3","Oncorhynchus keta","chum salmon"
"23240","3","Oncorhynchus nerka","sockeye salmon"
"23250","3","Salvelinus alpinus","Arctic char"
"23252","3","Salvelinus malma","Dolly Varden"
"23260","3","Oncorhynchus mykiss","steelhead"
"23310","3","Coregonus laurettae","Bering cisco"
"23402","3","Genyonemus lineatus","white croaker"
"23500","3","Scombridae (family)","mackerels"
"23524","3","Scomber japonicus","chub mackerel"
"23562","3","Cololabis saira","Pacific saury"
"23590","3","Neoscopelus macrolepidotus","glowingfish"
"23602","3","Benthalbella sp.","Benthalbella sp."
"23603","3","Benthalbella dentata","northern pearleye"
"23620","3","Scopelosaurus harryi","scaly paperbone"
"23621","3","Scopelosaurus sp.","Scopelosaurus sp."
"23657","3","Alepisaurus ferox","longnose lancetfish"
"23700","3","Platytroctidae (family)","tubeshoulders"
"23710","3","Sagamichthys abei","shining tubeshoulder"
"23720","3","Mirorictus taningi","striped tubeshoulder"
"23791","3","Cryptacanthodes aleutensis","dwarf wrymouth"
"23792","3","Cryptacanthodes giganteus","giant wrymouth"
"23800","3","Stichaeidae (family)","pricklebacks"
"23801","3","Lumpenus sp.","Lumpenus sp."
"23802","3","Plectobranchus evides","bluebarred prickleback"
"23803","3","Eumesogrammus praecisus","fourline snakeblenny"
"23804","3","Stichaeus punctatus","Arctic shanny"
"23805","3","Lumpenus maculatus","daubed shanny"
"23806","3","Lumpenus medius","stout eelblenny"
"23807","3","Lumpenus fabricii","slender eelblenny"
"23808","3","Lumpenus sagitta","snake prickleback"
"23809","3","Acantholumpenus mackayi","pighead prickleback"
"23836","3","Lumpenella longirostris","longsnout prickleback"
"23840","3","Chirolophis sp.","Chirolophis sp."
"23841","3","Chirolophis decoratus","decorated warbonnet"
"23843","3","Chirolophis snyderi","bearded warbonnet"
"23850","3","Poroclinus rothrocki","whitebarred prickleback"
"23851","3","Chirolophis nugator","mosshead warbonnet"
"23861","3","Bryozoichthys lysimus","nutcracker prickleback"
"23862","3","Bryozoichthys marjorius","pearly prickleback"
"23863","3","Bryozoichthys sp.","Bryozoichthys sp."
"23865","3","Anoplarchus purpurescens","high cockscomb"
"23866","3","Anoplarchus insignis","slender cockscomb"
"23871","3","Pholidae (family)","gunnels"
"23872","3","Pholis sp.","Pholis sp."
"23873","3","Pholis laeta","crescent gunnel"
"23900","3","Stromateidae (family)","butterfishes"
"23911","3","Peprilus simillimus","Pacific pompano"
"23915","3","Icichthys lockingtoni","medusafish"
"23932","3","Trachipterus altivelis","king-of-the-salmon"
"23933","3","Desmodema lorum","whiptail ribbonfish"
"23940","3","Trichiuridae","Trichiuridae"
"23942","3","Benthodesmus pacificus","North Pacific frostfish"
"23943","3","Benthodesmus sp.","Benthodesmus sp."
"23944","3","Aphanopus arigato","Pacific black scabbardfish"
"23945","3","Lepidopus fitchi","scabbardfish"
"23950","3","Anguilliformes (order)","eels"
"23952","3","Anguilliformes (order)","leptocephalus"
"23958","3","Opisthoproctidae (family)","spookfishes"
"23960","3","Dolichopteryx sp.","Dolichopteryx sp."
"23961","3","Dolichopteryx longipes","brownsnout spookfish"
"23962","3","Macropinna microstoma","barreleye"
"23963","3","Bathylychnops sp.","Bathylychnops sp."
"23970","3","Gigantura indica","Gigantura indica"
"24001","3","Zaprora silenus","prowfish"
"24100","3","Zoarcidae (family)","eelpouts"
"24110","3","Bothrocara brunneum","twoline eelpout"
"24111","3","Bothrocara pusillum","Alaska eelpout"
"24113","3","Bothrocara remigerum","Longfin eelpout"
"24114","3","Bothrocara nyx","shadow eelpout"
"24120","3","Bothrocara molle","soft eelpout"
"24130","3","Lycenchelys crotalinus","snakehead eelpout"
"24140","3","Lycodes cortezianus","bigfin eelpout"
"24150","3","Lycenchelys sp.","Lycenchelys sp."
"24151","3","Lycenchelys jordani","shortjaw eelpout"
"24152","3","Lycenchelys camchatica","Kamchatka eelpout"
"24153","3","Lycenchelys ratmanovi","Lycenchelys ratmanovi"
"24158","3","Lycodapus endemoscotus","deepwater eelpout"
"24160","3","Lycodapus fierasfer","blackmouth eelpout"
"24165","3","Lycodapus dermatinus","looseskin eelpout"
"94500","3","Echiura (phylum)","echiuroid worms"
"94900","3","Phoronida (phylum)","phoronida tube worms"
"95000","3","Bryozoa (phylum)","bryozoans"
"95005","3","Myriapora sp. cf. subgracilis (Bayer et al.)","Myriapora sp. cf. subgracilis (Bayer et al.)"
"95010","3","Bryozoa (phylum)","bryozoan sp. A"
"95011","3","Porifera (phylum)","fluffy sponge"
"95015","3","Phidolopora pacifica","lattice-work bryozoan"
"95020","3","Eucratea loricata","feathery bryozoan"
"95030","3","Flustra serrulata","leafy bryozoan"
"95035","3","Flustrellidra corniculata","Flustrellidra corniculata"
"95040","3","Myriapora subgracilis","Myriapora subgracilis"
"95050","3","Porella compressa","flattened bryozoan"
"95060","3","Escharopsis sarsi","Escharopsis sarsi"
"95070","3","Rhamphostomella costata","ribbed bryozoan"
"95080","3","Celleporina ventricosa","coral bryozoan"
"95100","3","Microporina articulata","Microporina articulata"
"97000","3","Brachiopoda (phylum)","lampshells"
"97100","3","Terebratulina sp.","Terebratulina sp."
"97110","3","Terebratalia transversa","common brachiopod"
"97111","3","Frieleia halli","Hall?s lamp shell"
"97115","3","Terebratulina unguicula","snakeshead brachiopod"
"97116","3","Laqueus californianus","California lamp shell"
"97120","3","Hemithiris psittacea","black brachiopod"
"98000","3","Ascidiacea (class)","tunicates"
"98001","3","Ascidian n. sp. A","cow-eye tunicate"
"98002","3","Ascidian n. sp. B","transparent tunicate"
"98003","3","Pyrosoma sp.","green colonial tunicate"
"98070","3","Thaliacea (class)","salps"
"98071","3","Pyrosoma atlanticum","Pyrosoma atlanticum"
"98072","3","Thetys vagina","common salp"
"98080","3","Styela sp.","Styela sp."
"98082","3","Styela rustica","sea potato"
"98100","3","Boltenia sp.","Boltenia sp."
"98101","3","Boltenia villosa","Boltenia villosa"
"98105","3","Boltenia ovifera","sea onion"
"98200","3","Halocynthia (genus)","sea peach spp."
"98205","3","Halocynthia aurantium","sea peach"
"98206","3","Cnemidocarpa finmarkiensis","broad base tunicate"
"98220","3","Botrylloides sp.","Botrylloides sp."
"98300","3","Ascidiacea (class)","compound ascidians"
"98302","3","Amaroucium sp.","Amaroucium sp."
"98309","3","Chelyosoma orientale","Chelyosoma orientale"
"98310","3","Aplidium sp. A (Clark 2006)","sea glob"
"98311","3","Aplidium n. sp. A","orange aplidium"
"98320","3","Synoicum sp.","sea blob"
"98322","3","Ascidia paratropa","glassy tunicate"
"98324","3","Halocynthia hispidus","hairy tunicate"
"98330","3","Ascidiacea (class)","brown leafy compound tunicate"
"99900","3","Molgula sp.","Molgula sp."
"99902","3","Molgula griffithsii","sea grape"
"99904","3","Molgula retortiformis","sea clod"
"99987","3","Craniella sp.","puffball sponges"
"99990","3","Animalia (kingdom)","invertebrates"
"99992","3","Animalia (kingdom)","invertebrate eggs"
"99993","3","Bivalvia (class)","empty bivalve shells"
"99994","3","Gastropoda (class)","empty gastropod shells"
"99997","3"," ","unsorted catch and debris"
"99998","3","Polychaete tubes","Polychaete tubes"
"99999","3"," ","unsorted shab"
"41500","3","Gorgonacea (genus)","gorgonian coral spp."
"41510","3","Ideogorgia sp.","Ideogorgia sp."
"41520","3","Primnoa sp.","Primnoa sp."
"41522","3","Primnoa willeyi","red tree coral"
"41523","3","Primnoa resedaeformis","Primnoa resedaeformis"
"41525","3","Antipatharia","black coral"
"41530","3","Chrysopathes speciosa","Chrysopathes speciosa"
"41540","3","Bathypathes sp.","Bathypathes sp."
"41550","3","Parantipathes sp.","Parantipathes sp."
"41570","3","Swiftia sp.","Swiftia sp."
"41571","3","Swiftia pacifica","Swiftia pacifica"
"41572","3","Psammogorgia simplex","Psammogorgia simplex"
"41580","3","Paragorgia sp.","Paragorgia sp."
"41582","3","Paragorgia arborea","Kamchatka coral"
"41583","3","Paragorgia pacifica","Paragorgia pacifica"
"41585","3","Euplexaura sp.","Euplexaura sp."
"41586","3","Euplexaura marki","Euplexaura marki"
"41600","3","Callogorgia sp.","Callogorgia sp."
"41700","3","Calcigorgia sp.","Calcigorgia sp."
"41701","3","Calcigorgia spiculifera","Calcigorgia spiculifera"
"41750","3","Clavularia sp.","Clavularia sp."
"41751","3","Clavularia sp. cf. evagorgiacrustans (Bayer et al.)","Clavularia sp. cf. evagorgiacrustans (Bayer et al.)"
"42000","3","Pennatulacea (order)","sea pens or sea whips"
"42001","3","Virgularia sp.","smoothstem seawhip"
"42003","3","Virgulariidae (family)","sea whips"
"42004","3","Stylatula sp.","slender seawhips"
"42005","3","Stylatula gracile","roughstem seawhip"
"42008","3","Halipteris sp.","Halipteris sp."
"42010","3","Halipteris finmarchia","Halipteris finmarchia"
"42012","3","Halipteris willemoesi","Halipteris willemoesi"
"42013","3","Halipteris californica","Halipteris californica"
"42015","3","Umbellula sp.","Umbellula sp."
"42017","3","Ptilosarcus gurneyi","orange sea pen"
"42020","3","Anthoptilum grandiflorum","Anthoptilum grandiflorum"
"43000","3","Actiniaria (order)","sea anemones"
"43001","3","Actinauge verrilli","reticulate anemone"
"43002","3","Actinostola faeculenta

","rough purple sea anemone"
"43003","3","Actinoscyphia sp.","Actinoscyphia sp."
"43004","3","Paraphelliactis pabista","Paraphelliactis pabista"
"43005","3","Actinernus sp.","Actinernus sp."
"43006","3","Actiniaria (order)","purple striated sea anemone"
"43007","3","Actiniaria (order)","red striated sea anemone"
"43009","3","Corallimorphus sp.","Corallimorphus sp."
"43010","3","Metridium sp.","Metridium sp."
"43020","3","Metridium senile","clonal plumose anemone"
"43021","3","Metridium farcimen","gigantic anemone"
"43029","3","Stomphia didemon","cowardly anemone"
"43030","3","Stomphia sp.","Stomphia sp."
"43032","3","Stomphia coccinea","swimming anemone"
"43040","3","Urticina sp.","Urticina sp."
"43041","3","Urticina coriacea","leathery anemone"
"43042","3","Urticina crassicornis","mottled anemone"
"43045","3","Zoanthidae sp. A","hot dog zoanthid"
"43050","3","Oceanactis diomedeae","grape anemone"
"43082","3","Cribrinopsis fernaldi","chevron-tentacled anemone"
"43090","3","Liponema brevicorne","tentacle-shedding anemone"
"43100","3","Actinostolidae","Actinostolidae"
"43110","3","Actinostola sp.","Actinostola sp."
"43200","3","Hormathiidae","Hormathiidae"
"43201","3","Hormathiidae (family)","pink hormathiid anemone"
"43225","3","Zoanthus sp.","Zoanthus sp."
"44000","3","Scleractinia (order)","stony corals"
"44005","3","Flabellum sp. A (Clark 2006)","tan trumpet coral"
"44010","3","Javania borealis","Aleutian trumpet coral"
"44011","3","Javania cailleti","slender trumpet coral"
"44020","3","Caryophyllia sp.","Caryophyllia sp."
"44023","3","Caryophyllia alaskensis","Alaska cup coral"
"44028","3","Stylasteridae","stylasterid corals"
"44029","3","Stylasterina (order)","hydrocorals"
"44030","3","Stylaster sp.","Stylaster sp."
"44031","3","Stylaster verrilli","Stylaster verrilli"
"44032","3","Stylaster brochi","Stylaster brochi"
"44033","3","Stylaster cancellatus","Stylaster cancellatus"
"44034","3","Stylaster elassotomus","Stylaster elassotomus"
"44035","3","Stylaster polyorchis","Stylaster polyorchis"
"44036","3","Crypthelia trophostega","Crypthelia trophostega"
"44037","3","Stylaster campylecus","Stylaster campylecus"
"44038","3","Crypthelia sp.","Crypthelia sp."
"44039","3","Stylaster moseleyana","Stylaster moseleyana"
"44040","3","Cyclohelia lamellata","Cyclohelia lamellata"
"44041","3","Cyclohelia sp.","Cyclohelia sp."
"44042","3","Errinopora undulata","undulate-fan hydrocoral"
"44045","3","Stylaster alaskanus","Stylaster alaskanus"
"44046","3","Stylaster stejnegeri","Stylaster stejnegeri"
"44047","3","Stylaster venustus","Stylaster venustus"
"44050","3","Stylantheca petrograpta","Stylantheca petrograpta"
"44052","3","Stenohelia sp.","Stenohelia sp."
"44060","3","Distichopora sp.","Distichopora sp."
"44061","3","Distichopora borealis","Distichopora borealis"
"44071","3","Thouarella sp. 1 (Bayer et al.)","Thouarella sp. 1 (Bayer et al.)"
"44072","3","Thouarella sp. 2 (Bayer et al.)","Thouarella sp. 2 (Bayer et al.)"
"44073","3","Thouarella sp. 3 (Bayer et al.)","Thouarella sp. 3 (Bayer et al.)"
"44074","3","Thouarella sp. 4 (Bayer et al.)","Thouarella sp. 4 (Bayer et al.)"
"44080","3","Errinopora zarhyncha","Errinopora zarhyncha"
"44081","3","Errinopora sp.","Errinopora sp."
"44082","3","Errinopora nanneca","Errinopora nanneca"
"44083","3","Plumarella sp.","Plumarella sp."
"44085","3","Isidella sp.","articulated bamboo coral"
"44086","3","Plumarella sp. 1 (Bayer)","feathery Plumarella"
"44087","3","Thouarella sp.","Thouarella sp."
"44088","3","Keratoisis (genus)","nodal bamboo coral spp."
"44089","3","Fanellia sp.","Fanellia sp."
"44090","3","Fanellia compressa","Fanellia compressa"
"44091","3","Fanellia fraseri","Fanellia fraseri"
"44092","3","Muriceides nigra","Muriceides nigra"
"44093","3","Muriceides sp.","Muriceides sp."
"44094","3","Amphilaphis sp.","Amphilaphis sp."
"44095","3","Plumarella sp. A","pale Plumarella"
"44096","3","Plumarella sp. B","pinnate Plumarella"
"44097","3","Plumarella nuttingi","loose-branched Plumarella"
"44098","3","Arthrogorgia sp.","Arthrogorgia sp."
"44099","3","Arthrogorgia utinomi","Arthrogorgia utinomi"
"44103","3","Plumarella hapala","Plumarella hapala"
"45000","3","Ctenophora (phylum)","comb jellys"
"45005","3","Beroe sp.","Beroe sp."
"50000","3","Polychaeta (class)","polychaete worms"
"50001","3","Annelida (phylum)","worms"
"50010","3","Polychaeta (class)","tube worms"
"50100","3","Oweniidae","Oweniidae"
"50160","3","Aphroditidae (family)","sea mouses"
"50161","3","Aphrodita sp.","Aphrodita sp."
"50190","3","Aphrodita japonica","Aphrodita japonica"
"50192","3","Aphrodita negligens","Aphrodita negligens"
"52715","3","Glycera sp.","Glycera sp."
"53700","3","Nephtyidae (family)","cat worms"
"54000","3","Nereididae","Nereididae"
"54010","3","Nereis sp.","Nereis sp."
"54030","3","Cheilonereis cyclurus","red and white banded sea nymph"
"56300","3","Polynoidae (family)","scale worms"
"56310","3","Eunoe sp.","Eunoe sp."
"56311","3","Eunoe nodosa","giant scale worm"
"56312","3","Eunoe depressa","depressed scale worm"
"57000","3","Sabellidae (family)","sabellids"
"57410","3","Serpula vermicularis","Serpula vermicularis"
"59000","3","Polychaeta (class)","bristle worms"
"59100","3","Clitellata (class)","leeches"
"59110","3","Notostomum sp.","Notostomum sp."
"59111","3","Notostomum cyclostomum","striped sea leech"
"59120","3","Notostomobdella sp.","Notostomobdella sp."
"60001","3","Arthropoda (phylum)","crustaceans"
"60100","3","Amphipoda (order)","amphipods"
"60110","3","Amphipoda (order)","gammarid amphipods"
"60130","3","Melita dentata","Melita dentata"
"60140","3","Anonyx sp.","Anonyx sp."
"60145","3","Caprella sp.","skeleton shrimps"
"62000","3","Isopoda (order)","isopods"
"62010","3","Livoneca sp.","Livoneca sp."
"62020","3","Saduria entomon","Saduria entomon"
"63000","3","Cumacea (order)","cumaceans"
"63500","3","Euphausiacea (order)","euphausiids"
"63510","3","Bathyphausia sp.","Scarlet horned shrimp"
"64000","3","Mysida","opossum shrimps"
"64010","3","Neognathophausia sp.","Neognathophausia sp."
"64011","3","Neognathophausia gigas","giant red mysid"
"64012","3","Neognathophausia ingens","red mysid"
"64500","3","Maxillopoda (class)","copepods"
"65000","3","Cirripedia","Cirripedia"
"65100","3","Maxillopoda (class)","barnacles"
"65101","3","Lepas sp.","pelagic gooseneck barnacle"
"65201","3","Balanus sp.","Balanus sp."
"65202","3","Balanus balanus","Balanus balanus"
"65203","3","Chirona evermanni","giant barnacle"
"65204","3","Balanus hesperius","crab barnacle"
"65205","3","Balanus rostratus","beaked barnacle"
"65206","3","Balanus nubilus","Balanus nubilus"
"65209","3","Scalpellum sp.","Scalpellum sp."
"65210","3","Scalpellum cornutum","eared barnacle"
"66000","3","Malacostraca (class)","shrimps"
"66003","3","Sergestidae (family)","sergestid shrimps"
"66004","3","Sergestes sp.","Sergestes sp."
"66009","3","Sicyonia ingentis","ridgeback rock shrimp"
"66010","3","Eryonicus agassizi","Eryonicus agassizi"
"66019","3","Pandalidae (family)","pandalid shrimps"
"66020","3","Pandalus sp.","Pandalus sp."
"66025","3","Pandalus danae","dock shrimp"
"66030","3","Pandalus jordani","ocean shrimp"
"66031","3","Pandalus eous","Alaskan pink shrimp"
"66033","3","Pandalus tridens","yellowleg pandalid"
"66040","3","Pandalus platyceros","spot shrimp"
"66045","3","Pandalus goniurus","humpy shrimp"
"66050","3","Pandalus hypsinotus","coonstripe shrimp"
"66055","3","Pandalus stenolepis","roughpatch shrimp"
"66060","3","Pandalopsis aleutica","Aleutian bigeye"
"66120","3","Pandalopsis dispar","sidestripe shrimp"
"66130","3","Pandalopsis ampla","stripeleg pandalid"
"66140","3","Penaeidae (family)","penaeid shrimps"
"66150","3","Hippolytidae (family)","hippolytid shrimps"
"66160","3","Spirontocaris sp.","Spirontocaris sp."
"66163","3","Spirontocaris lamellicornis","Dana blade shrimp"
"66165","3","Spirontocaris snyderi","Spirontocaris snyderi"
"66170","3","Eualus sp.","Eualus sp."
"66171","3","Eualus barbatus","barbed eualid"
"66174","3","Eualus fabricii","Arctic eualid"
"66175","3","Eualus gaimardii","circumpolar eualid"
"66179","3","Eualus macilentus","Greenland shrimp"
"66180","3","Eualus macrophthalmus","bigeye eualid"
"66190","3","Eualus biunguis","deepsea eualid"
"66192","3","Eualus stoneyi","Eualus stoneyi"
"66193","3","Eualus suckleyi","shortscale eualid"
"66200","3","Lebbeus sp.","Lebbeus sp."
"66201","3","Lebbeus grandimana","candy stripe shrimp"
"66203","3","Lebbeus groenlandicus","spiny lebbeid"
"66204","3","Lebbeus polaris","Lebbeus polaris"
"66301","3","Heptacarpus sp.","Heptacarpus sp."
"66500","3","Crangonidae (family)","crangonid shrimps"
"66502","3","Crangon sp.","Crangon sp."
"66510","3","Crangon abyssorum","abyssal crangon"
"66512","3","Crangon alaskensis","shell shrimp"
"66515","3","Crangon communis","twospine crangon"
"66520","3","Crangon resima","Crangon resima"
"66530","3","Crangon dalli","ridged crangon"
"66536","3","Mesocrangon intermedia","northern spinyhead"
"66546","3","Lissocrangon stylirostris","smooth crangon"
"66548","3","Crangon septemspinosa","sevenspine bay shrimp"
"66570","3","Argis sp.","Argis sp."
"66575","3","Argis alaskensis","common argid"
"66580","3","Argis dentata","Arctic argid"
"66600","3","Sclerocrangon sp.","Sclerocrangon sp."
"66601","3","Sclerocrangon boreas","sculptured shrimp"
"66602","3","Rhynocrangon alata","saddleback shrimp"
"66603","3","Sclerocrangon sculptus","Sclerocrangon sculptus"
"66611","3","Argis lar","kuro argid"
"66612","3","Argis crassa","rough argid"
"66613","3","Argis levior","Nelson's argid"
"66614","3","Argis ovifer","split-eye argid"
"66615","3","Paracrangon echinata","horned shrimp"
"66750","3","Pasiphaeidae (family)","pasiphaeid shrimps"
"66770","3","Pasiphaea pacifica","Pacific glass shrimp"
"66772","3","Pasiphaea tarda","crimson pasiphaeid"
"66814","3","Notostomus sp.","Notostomus sp."
"66815","3","Notostomus japonicus","spinyridge shrimp"
"66839","3","Hymenodora sp.","Hymenodora sp."
"66840","3","Hymenodora frontalis","Pacific ambereye"
"66860","3","Acanthephyra sp.","Acanthephyra sp."
"66865","3","Acanthephyra curtirostris","peaked shrimp"
"66875","3","Systellaspis braueri","Quale's spinytail"
"68000","3","Decapoda (order)","crabs"
"68010","3","Cancer (genus)","cancer crab spp."
"68011","3","Cancer branneri","furrowed rock crab"
"68020","3","Cancer magister","Dungeness crab"
"68040","3","Cancer oregonensis","Oregon rock crab"
"68050","3","Cancer productus","red rock crab"
"68060","3","Cancer gracilis","graceful rock crab"
"68065","3","Xanthidae","Xanthidae"
"68072","3","Pinnixa occidentalis","pea crab"
"68100","3","Mursia gaudichaudii","Mursia gaudichaudii"
"68500","3","Majidae (family)","spider crabs"
"68502","3","Oregonia bifurca","split-nose decorator crab"
"68510","3","Oregonia gracilis","graceful decorator crab"
"68515","3","Loxorhynchus crispatus","spider crab"
"68520","3","Chorilia longipes","longhorned decorator crab"
"68541","3","Chionoecetes (genus)","Tanner crab spp."
"68550","3","Chionoecetes tanneri","grooved Tanner crab"
"68560","3","Chionoecetes bairdi","Tanner crab"
"68570","3","Chionoecetes angulatus","triangle Tanner crab"
"68577","3","Hyas coarctatus","circumboreal toad crab"
"68578","3","Hyas lyratus","Pacific lyre crab"
"68580","3","Chionoecetes opilio","snow crab"
"68590","3","Chionoecetes hybrid","hybrid Tanner crab"
"68781","3","Telmessus cheiragonus","helmet crab"
"69000","3","Anomura","Anomura"
"69010","3","Paguridae (family)","hermit crabs"
"69011","3","Discorsopagurus schmitti","Discorsopagurus schmitti"
"69013","3","Paguristes turgidus","Paguristes turgidus"
"69035","3","Pagurus sp.","Pagurus sp."
"69042","3","Pagurus brandti","sponge hermit"
"69060","3","Pagurus aleuticus","Aleutian hermit"
"69061","3","Labidochirus splendescens","splendid hermit"
"69070","3","Pagurus confragosus","knobbyhand hermit"
"69080","3","Pagurus cornutus","hornyhand hermit"
"69082","3","Pagurus dalli","whiteknee hermit"
"69085","3","Pagurus kennerlyi","bluespine hermit"
"69086","3","Pagurus trigonocheirus","fuzzy hermit crab"
"69090","3","Pagurus ochotensis","Alaskan hermit"
"69095","3","Pagurus rathbuni","longfinger hermit"
"69100","3","Pagurus tanneri","longhand hermit"
"69110","3","Elassochirus tenuimanus","widehand hermit crab"
"69120","3","Pagurus capillatus","hairy hermit crab"
"69121","3","Elassochirus cavimanus","purple hermit"
"69122","3","Elassochirus gilli","Pacific red hermit"
"69123","3","Elassochirus sp.","Elassochirus sp."
"69200","3","Parapagurus pliosimanus","Parapagurus pliosimanus"
"69250","3","Lithodidae (family)","stone crabs"
"69260","3","Lopholithodes (genus)","box crab spp."
"69270","3","Lopholithodes foraminatus","brown box crab"
"69280","3","Lopholithodes mandtii","red box crab"
"69285","3","Acantholithodes hispidus","fuzzy crab"
"69290","3","Lithodes sp.","Lithodes sp."
"69300","3","Lithodes couesi","scarlet king crab"
"69310","3","Lithodes aequispinus","golden king crab"
"69312","3","Dermaturus mandtii","wrinkled crab"
"69314","3","Hapalogaster mertensii","Hapalogaster mertensii"
"69315","3","Hapalogaster sp.","Hapalogaster sp."
"69316","3","Hapalogaster grebnitzkii","soft crab"
"69317","3","Rhinolithodes wosnessenskii","rhinoceros crab"
"69318","3","Phyllolithodes papillosus","flatspine triangle crab"
"69321","3","Paralithodes sp.","Paralithodes sp."
"69322","3","Paralithodes camtschaticus","red king crab"
"69323","3","Paralithodes platypus","blue king crab"
"69324","3","Paralithodes brevipes","Brown king crab"
"69325","3","Paralithodes californiensis","California king crab"
"69326","3","Paralithodes rathbuni","Paralithodes rathbuni"
"69328","3","Cryptolithodes typicus","butterfly crab"
"69329","3","Cryptolithodes sp.","Cryptolithodes sp."
"69330","3","Paralomis sp.","Paralomis sp."
"69331","3","Paralomis verrilli","Paralomis verrilli"
"69335","3","Paralomis multispina","many spine spider crab"
"69336","3","Placetron wosnessenskii","scaled crab"
"69341","3","Neolithodes diomedeae","Neolithodes diomedeae"
"69400","3","Erimacrus isenbeckii","horsehair crab"
"69520","3","Hyas sp.","Hyas sp."
"69530","3","Pugettia sp.","kelp crab"
"69531","3","Pugettia gracilis","graceful kelp crab"
"69540","3","Scyra acutifrons","Scyra acutifrons"
"69550","3","Galatheidae (family)","galatheid crabs"
"69552","3","Munidopsis (genus)","Munidopsis spp."
"69554","3","Chirostylus sp.","Chirostylus sp."
"69556","3","Munida quadrispina","pinchbug"
"69557","3","Albuneidae","mole crab"
"69560","3","Stereomastis sculpta","deep-sea lobster"
"69642","3","Calastacus investigatoris","Calastacus investigatoris"
"69650","3","Callianassa sp.","Callianassa sp."
"69651","3","Neotrypaea gigas","giant ghost shrimp"
"69652","3","Callianassa goniophthalma","Callianassa goniophthalma"
"69653","3","Callianassa californiensis","ghost shrimp"
"69655","3","Upogebia pugettensis","blue mud shrimp"
"69900","3","Pycnogonida (class)","sea spiders"
"69910","3","Colossendeis sp.","Colossendeis sp."
"69911","3","Colossendeis dofleini","Colossendeis dofleini"
"70000","3","Mollusca (phylum)","mollusks"
"70050","3","Aplacophora (class)","solenogasters"
"70060","3","Neomenia sp.","Neomenia sp."
"70100","3","Polyplacophora (class)","chitons"
"70108","3","Cryptochiton stelleri","giant Pacific chiton"
"70110","3","Lepidozona trifida","Lepidozona trifida"
"70111","3","Lepidozona beringiana","Lepidozona beringiana"
"70112","3","Lepidozona abyssicola","Lepidozona abyssicola"
"70113","3","Lepidozona sp.","Lepidozona sp."
"70115","3","Amicula vestita","Amicula vestita"
"70119","3","Placiphorella sp.","Placiphorella sp."
"70121","3","Placiphorella atlantica","Placiphorella atlantica"
"70122","3","Placiphorella pacifica","Placiphorella pacifica"
"70124","3","Leptochiton sp.","Leptochiton sp."
"70125","3","Leptochiton alveolus","Leptochiton alveolus"
"70126","3","Mopalia swanii","Mopalia swanii"
"70127","3","Leptochiton belknapi","Leptochiton belknapi"
"71001","3","gastropod eggs","snail  eggs"
"71002","3","Buccinum sp. eggs","Buccinum sp. eggs"
"71003","3","Fusitriton oregonensis eggs","Fusitriton oregonensis eggs"
"71004","3","Neptunea sp. eggs","Neptunea sp. eggs"
"71010","3","Nudibranchia (order)","nudibranchs"
"71011","3","Onchidoris bilamellata","barnacle-eating onchidoris"
"71012","3","Tochuina tetraquetra","giant orange tochui"
"71013","3","Hermissenda crassicornis","thick-horned aeolid"
"71014","3","Acanthodoris nanaimoensis","Nanaimo dorid"
"71015","3","Cadlina luteomarginata","yellow-edged cadlina"
"71016","3","Diaulula sandiegensis","Diaulula sandiegensis"
"71018","3","Dendronotus sp.","Dendronotus sp."
"71020","3","Dendronotus dalli","Dall's dendronotid"
"71021","3","Dendronotus frondosus","frond-aeolis"
"71022","3","Dendronotus subramosus","stubby frond-aeolis"
"71025","3","Tritonia sp.","Tritonia sp."
"71030","3","Tritonia diomedea","rosy tritonia"
"71050","3","Triopha catalinae","sea-clown triopha"
"71055","3","Archidoris montereyensis","Monterey dorid"
"71080","3","Armina californica","California armina"
"71152","3","Issena sp.","Issena sp."
"71202","3","Chlamylla sp.","Chlamylla sp."
"71230","3","Anisodoris nobilis","Pacific sea lemon"
"71250","3","Dorididae (family)","dorid nudibranchs"
"71260","3","Archidoris odhneri","white night doris"
"71291","3","Pleurobranchaea californica","California sea slug"
"71349","3","Cranopsis sp.","puncturella"
"71350","3","Cranopsis major","great puncturella"
"71351","3","Puncturella rothi","Puncturella rothi"
"71400","3","Acmaea sp.","Acmaea sp."
"71405","3","Gastropoda (class)","limpets"
"71500","3","Gastropoda (class)","snails"
"71501","3","Carinariidae","Carinariidae"
"71504","3","Asterophila japonica","Asterophila japonica"
"71510","3","Naticidae","moonsnails"
"71515","3","Bulbus fragilis","fragile moonsnail"
"71516","3","Euspira sp.","Euspira sp."
"71525","3","Natica sp.","Natica sp."
"71526","3","Cryptonatica affinis","Arctic moonsnail"
"71530","3","Natica clausa","Natica clausa"
"71535","3","Cryptonatica aleutica","Aleutian moonsnail"
"71537","3","Cryptonatica russa","rusty moonsnail"
"71540","3","Muricidae","Muricidae"
"71541","3","Nucella canaliculata","channelled dogwinkle"
"71542","3","Nucella lamellosa","frilled dogwinkle"
"71570","3","Euspira lewisii","Euspira lewisii"
"71575","3","Euspira sp.","Euspira sp."
"71580","3","Euspira pallida","pale moonsnail"
"71584","3","Lamellaria sp.","Lamellaria sp."
"71585","3","Onchidiopsis glacialis","icy lamellaria"
"71586","3","Capulacmaea commoda","widemouth lamellaria"
"71590","3","Onchidiopsis sp.","Onchidiopsis sp."
"71631","3","Tachyrhynchus sp.","Tachyrhynchus sp."
"71634","3","Tachyrhynchus erosus","eroded turretsnail"
"71635","3","Tachyrhynchus reticulatus","reticulated turretsnail"
"71640","3","Crepidula sp.","slipper shell"
"71681","3","Crepidula grandis","great slippersnail"
"71700","3","Gastropoda (class)","whelks"
"71710","3","Colus sp.","Colus sp."
"71715","3","Colus calathus","Colus calathus"
"71718","3","Colus periscelidus","garter whelk"
"71719","3","Colus jordani","Colus jordani"
"71721","3","Colus herendeenii","thin-ribbed whelk"
"71722","3","Colus hypolispus","Colus hypolispus"
"71723","3","Colus ombronius","shady whelk"
"71724","3","Colus roseus","rosy whelk"
"71725","3","Colus esychus","Colus esychus"
"71726","3","Colus spitzbergensis","thick-ribbed whelk"
"71727","3","Colus georgianus","Colus georgianus"
"71728","3","Colus tahwitanus","Colus tahwitanus"
"71730","3","Colus aphelus","oblique whelk"
"71731","3","Colus halli","shrew whelk"
"71732","3","Colus datuzenbergii","Colus datuzenbergii"
"71733","3","Colus bristolensis","Colus bristolensis"
"71734","3","Colus trophius","Colus trophius"
"71740","3","Japelion aleutica","Japelion aleutica"
"71741","3","Japelion sp.","Japelion sp."
"71748","3","Habevolutopsius hirasei","Habevolutopsius hirasei"
"71749","3","Pyrulofusus dexius","Pyrulofusus dexius"
"71750","3","Volutopsius sp.","Volutopsius sp."
"71751","3","Volutopsius sp. eggs","Volutopsius sp. eggs"
"71753","3","Pyrulofusus deformis","warped whelk"
"71755","3","Pyrulofusus harpa","left-hand whelk"
"71756","3","Volutopsius fragilis","fragile whelk"
"71757","3","Volutopsius regularis","regular whelk"
"71759","3","Volutopsius filosus","threaded whelk"
"71760","3","Volutopsius castaneus","volute whelk"
"71761","3","Pyrulofusus melonis","Pyrulofusus melonis"
"71762","3","Volutopsius simplex","simple whelk"
"71763","3","Volutopsius stefanssoni","shouldered whelk"
"71764","3","Volutopsius middendorffii","tulip whelk"
"71765","3","Volutopsius trophonius","frilled whelk"
"71766","3","Volutopsius pallidus","Volutopsius pallidus"
"71769","3","Beringius sp.","Beringius sp."
"71770","3","Beringius kennicottii","Beringius kennicottii"
"71771","3","Beringius frielei","Beringius frielei"
"71772","3","Beringius beringii","Beringius beringii"
"71773","3","Beringius aleuticus","Beringius aleuticus"
"71774","3","Beringius stimpsoni","Beringius stimpsoni"
"71775","3","Beringius crebricostatus","thick-cord whelk"
"71776","3","Beringius undatus","Beringius undatus"
"71777","3","Beringius sp. eggs","Beringius sp. eggs"
"71778","3","Beringius sp. A (McLean and Clark)","Baxter's Beringius"
"71779","3","Beringius sp. B (McLean and Clark)","two-channeled Beringius"
"71790","3","Neoberingius sp.","Neoberingius sp."
"71795","3","Calinaticina oldroyi","Calinaticina oldroyi"
"71800","3","Neptunea sp.","Neptunea sp."
"71802","3","Neptunea phoenicia","Neptunea phoenicia"
"71810","3","Neptunea amianta","white neptune"
"71811","3","Neptunea smirnia","Neptunea smirnia"
"71820","3","Neptunea pribiloffensis","Pribilof whelk"
"71822","3","Neptunea tabulata","tabled whelk"
"71835","3","Neptunea borealis","Neptunea borealis"
"71840","3","Neptunea middendorffii","Neptunea middendorffii"
"71850","3","Neptunea eulimata","Neptunea eulimata"
"71860","3","Neptunea neptunea","Neptunea neptunea"
"71865","3","Neptunea amianta","Neptunea amianta"
"71866","3","Neptunea stilesi","Neptunea stilesi"
"71870","3","Neptunea lyrata","lyre whelk"
"71880","3","Neptunea vermii","Neptunea vermii"
"71881","3","Neptunea ithia","Neptunea ithia"
"71882","3","Neptunea ventricosa","fat whelk"
"71883","3","Neptunea insularis","Neptunea insularis"
"71884","3","Neptunea heros","Neptunea heros"
"71886","3","Clinopegma magnum","helmet whelk"
"71890","3","Plicifusus sp.","Plicifusus sp."
"71891","3","Plicifusus kroyeri","Plicifusus kroyeri"
"71892","3","Plicifusus incisus","Plicifusus incisus"
"71893","3","Plicifusus brunneus","brown whelk"
"71894","3","Plicifusus verkruzeni","Plicifusus verkruzeni"
"71895","3","Volutopsius callorhinus","Volutopsius callorhinus"
"71896","3","Plicifusus oceanodromae","seahorse whelk"
"71900","3","Plicifusus griseus","gray whelk"
"71901","3","Sulcosinus taphrius","sulcated whelk"
"71904","3","Exilioidea rectirostris","Exilioidea rectirostris"
"71905","3","Exilioidea kelseyi","Exilioidea kelseyi"
"71906","3","Mohnia robusta","Mohnia robusta"
"71910","3","Liomesus sp.","Liomesus sp."
"71911","3","Liomesus ooides","egg whelk"
"71912","3","Pseudoliomesus canaliculatus","Pseudoliomesus canaliculatus"
"71960","3","Ancistrolepis sp.","Ancistrolepis sp."
"72019","3","Antiplanes sp.","Antiplanes sp."
"72020","3","Antiplanes perversa","Antiplanes perversa"
"72021","3","Antiplanes thalea","Antiplanes thalea"
"72022","3","Antiplanes piona","Antiplanes piona"
"72059","3","Aforia sp.","Aforia sp."
"72060","3","Aforia goodei","Aforia goodei"
"72063","3","Aforia circinata","keeled aforia"
"72065","3","Boreoscala greenlandica","Greenland wentletrap"
"72100","3","Oenopota sp.","Oenopota sp."
"72103","3","Oenopota harpa","Oenopota harpa"
"72181","3","Obesotoma simplex","Obesotoma simplex"
"72300","3","Trichotropidae","Trichotropidae"
"72303","3","Trichotropis insignis","gray hairysnail"
"72304","3","Neoiphinoe coronata","crowned hairysnail"
"72305","3","Trichotropis bicarinata","two-keel hairysnail"
"72370","3","Neoiphinoe kroeyeri","Kroyer's hairy snail"
"72380","3","Torellia ammonia","rams-horn hairysnail"
"72395","3","Scabrotrophon scitulus","spiny trophon"
"72403","3","Boreotrophon coronatus","Boreotrophon coronatus"
"72406","3","Boreotrophon clathratus","clathrate trophon"
"72407","3","Boreotrophon stuarti","winged trophon"
"72420","3","Boreotrophon sp.","Boreotrophon sp."
"72421","3","Boreotrophon pacificus","Boreotrophon pacificus"
"72423","3","Ceratostoma foliatum","foliate thornmouth"
"72500","3","Fusitriton oregonensis","Oregon triton"
"72501","3","Fusitriton sp.","Fusitriton sp."
"72510","3","Trochidae (family)","trochids"
"72511","3","Calliostoma sp.","Calliostoma sp."
"72512","3","Calliostoma platinum","silvery topsnail"
"72515","3","Tegula pulligo","Tegula pulligo"
"72520","3","Bathybembix bairdii","Bathybembix bairdii"
"72525","3","Cidarina cidaris","Cidarina cidaris"
"72531","3","Margarites sp.","Margarites sp."
"72532","3","Margarites pupillus","little margarite"
"72533","3","Margarites giganteus","giant margarite"
"72534","3","Margarites argentatus","Margarites argentatus"
"72535","3","Margarites costalis","boreal rosy margarite"
"72540","3","Solariella sp.","Solariella sp."
"100004","","Mix2","Mix2"
"72541","3","Solariella obscura","obscure solarelle"
"72543","3","Solariella varicosa","varicose solarelle"
"72544","3","Solariella nuda","naked solarelle"
"72738","3","Buccinum bulimuloideum","Buccinum bulimuloideum"
"72739","3","Buccinum picturatum","Buccinum picturatum"
"72740","3","Buccinum sp.","Buccinum sp."
"72741","3","Buccinum polium","Buccinum polium"
"72742","3","Buccinum ochotense","Okhotsk whelk"
"72743","3","Buccinum angulosum","angular whelk"
"72744","3","Buccinum fringillum","finch whelk"
"72745","3","Buccinum sigmatopleura","wavy whelk"
"72746","3","Buccinum simulatum","Buccinum simulatum"
"72747","3","Buccinum oedematum","swollen whelk"
"72748","3","Buccinum eugrammatum","lirate whelk"
"72749","3","Buccinum viridum","turban whelk"
"72750","3","Buccinum strigillatum","Buccinum strigillatum"
"72751","3","Buccinum plectrum","sinuous whelk"
"72752","3","Buccinum scalariforme","ladder whelk"
"72753","3","Buccinum aleuticum","Aleut whelk"
"72754","3","Buccinum cnismatum","scratched whelk"
"72755","3","Buccinum polare","polar whelk"
"72756","3","Buccinum solenum","Buccinum solenum"
"72757","3","Buccinum ciliatum","Buccinum ciliatum"
"72758","3","Buccinum glaciale","glacial whelk"
"72759","3","Buccinum tenellum","Buccinum tenellum"
"72760","3","Buccinum castaneum","chestnut whelk"
"72761","3","Searlesia dira","dire whelk"
"72762","3","Bathybuccinum clarki","Roger's buccinid"
"72763","3","Bathybuccinum sp.","Bathybuccinum sp."
"72764","3","Bathybuccinum ovulum","Bathybuccinum ovulum"
"72765","3","Buccinum sp. A (McLean and Clark)","Katherine's whelk"
"72767","3","Retifusus sp.","Retifusus sp."
"72789","3","Arctomelon sp.","Arctomelon sp."
"72790","3","Arctomelon stearnsii","Alaska volute"
"72791","3","Arctomelon borealis","Arctomelon borealis"
"72795","3","Volutomitra alaskana","Volutomitra alaskana"
"72800","3","Velutina undata","wavy lamellaria"
"72801","3","Velutina nana","Velutina nana"
"72802","3","Velutina plicatilis","oblique lamellaria"
"72803","3","Velutina conica","conical lamellaria"
"72804","3","Velutina prolongata","elongate lamellaria"
"72805","3","Velutina velutina","smooth lamellaria"
"72806","3","Velutina sp.","Velutina sp."
"73183","3","Admete virdula","northern admete"
"73185","3","Admete laevior","Admete laevior"
"73186","3","Admete regina","noble admete"
"73351","3","Cylichna alba","white chalice-bubble"
"74000","3","Bivalvia (class)","bivalves"
"74001","3","Acharax johnsoni","Acharax johnsoni"
"74050","3","Mytilidae (family)","mussels"
"74060","3","Modiolus modiolus","northern horsemussel"
"74065","3","Mytilus sp.","Mytilus sp."
"74070","3","Mytilus californianus","California mussel"
"74080","3","Mytilus edulis","blue mussel"
"74100","3","Pectinidae (family)","scallops"
"74103","3","Chlamys albida","white scallop"
"74104","3","Chlamys sp.","Chlamys sp."
"74105","3","Chlamys behringiana","Iceland scallop"
"74106","3","Chlamys rubida","reddish scallop"
"74107","3","Chlamys hastata","spiny scallop"
"74109","3","Chlamys erythocomata","Chlamys erythocomata"
"74112","3","Chlamys pseudoislandica","false Iceland scallop"
"74120","3","Patinopecten caurinus","weathervane scallop"
"74130","3","Crassadoma gigantea","giant rock-scallop"
"74150","3","Delectopecten randolphi","Randolph scallop"
"74171","3","Delectopecten vancouverensis","Vancouver scallop"
"74175","3","Parvamussium alaskense","Alaska glass scallop"
"74176","3","Cyclopecten sp.","Cyclopecten sp."
"74177","3","Cyclopecten davidsoni","salmon glass-scallop"
"74301","3","Panopea abrupta","Pacific geoduck"
"74310","3","Hiatella sp.","Hiatella sp."
"74311","3","Hiatella arctica","Arctic hiatella"
"74320","3","Panomya arctica","Panomya arctica"
"74321","3","Panomya sp.","Panomya sp."
"74325","3","Solemya sp.","awning clam"
"74326","3","Solemya reidi","gutless awning clam"
"74333","3","Nucula tenuis","smooth nutclam"
"74342","3","Acila castrensis","divaricate nutclam"
"74412","3","Megayoldia sp.","Megayoldia sp."
"74414","3","Yoldia sp.","Yoldia sp."
"74415","3","Yoldia montereyensis","Yoldia montereyensis"
"74416","3","Yoldia seminuda","crisscrossed yoldia"
"74417","3","Yoldia myalis","oval yoldia"
"74419","3","Yoldia thraciaeformis","broad yoldia"
"74420","3","Yoldia hyperborea","northern yoldia"
"74421","3","Portlandia sp.","Portlandia sp."
"74425","3","Yoldiella sp.","Yoldiella sp."
"74435","3","Nuculana sp.","Nuculana sp."
"74436","3","Nuculana pernula","northern nutclam"
"74439","3","Nuculana fossa","trenched nutclam"
"74440","3","Nuculana buccata","stout nutclam"
"74481","3","Limopsis akutanica","Akutan limops"
"74482","3","Empleconia vaginata","vaginated limops"
"74490","3","Samacar sp.","Samacar sp."
"74552","3","Solamen columbianum","British Columbia crenella"
"74560","3","Musculus sp.","Musculus sp."
"74561","3","Musculus niger","black mussel"
"74562","3","Musculus discors","discordant mussel"
"74563","3","Musculus olivaceus","Musculus olivaceus"
"74564","3","Crenella seminuda","partly-sculptured crenella"
"74639","3","Astarte crenata","crenulate astarte"
"74640","3","Astarte sp.","Astarte sp."
"74641","3","Astarte borealis","boreal astarte"
"74642","3","Astarte polaris","polar astarte"
"74643","3","Astarte elliptica","elliptical astarte"
"74644","3","Tridonta rollandi","Rolland tridonta"
"74650","3","Cardita sp.","Cardita sp."
"74653","3","Cyclocardia ventricosa","stout cyclocardia"
"74654","3","Cyclocardia crassidens","thick carditid"
"74655","3","Cyclocardia crebricostata","many-rib cyclocardia"
"74656","3","Cyclocardia sp.","Cyclocardia sp."
"74712","3","Vesicomya pacifica","Vesicomya pacifica"
"74801","3","Lasaeidae","Lasaeidae"
"74802","3","Kellia suborbicularis","suborbicular kellyclam"
"74803","3","Kellia laperousii","La Perouse kellyclam"
"74980","3","Clinocardium sp.","Clinocardium sp."
"74981","3","Bivalvia (class)","cockles"
"74982","3","Clinocardium nuttallii","Nuttall cockle"
"74983","3","Clinocardium ciliatum","hairy cockle"
"74985","3","Clinocardium californiense","California cockle"
"74986","3","Clinocardium blandum","low-rib cockle"
"75016","3","Compsomyax subdiaphanus","milky venus"
"75020","3","Saxidomus nuttalli","Washington clam"
"75021","3","Saxidomus gigantea","butter clam"
"75025","3","Humilaria kennerleyi","Kennerleys venus"
"75030","3","Protothaca staminea","Pacific littleneck"
"75092","3","Liocyma fluctosa","wavy liocyma"
"75102","3","Tresus nuttallii","Pacific gaper"
"75103","3","Tresus capax","fat gaper"
"75110","3","Mactromeris sp.","Mactromeris sp."
"75111","3","Mactromeris polynyma","Arctic surfclam"
"75201","3","Tellina sp.","Tellina sp."
"75202","3","Tellina carpenteri","carpenter tellin"
"75203","3","Tellina nuculoides","salmon tellin"
"75205","3","Tellina lutea","Alaska great-tellin"
"75240","3","Macoma sp.","Macoma sp."
"75241","3","Macoma nasuta","bent-nose macoma"
"75242","3","Macoma calcarea","chalky macoma"
"75244","3","Macoma secta","white-sand macoma"
"75247","3","Macoma brota","heavy macoma"
"75264","3","Siliqua sp.","Siliqua sp."
"75266","3","Siliqua patula","Pacific razor"
"75267","3","Siliqua alta","Alaska razor"
"75284","3","Serripes sp.","Serripes sp."
"75285","3","Serripes groenlandicus","Greenland cockle"
"75286","3","Serripes laperousii","broad cockle"
"75330","3","Mya sp.","Mya sp."
"75332","3","Mya arenaria","softshell"
"75333","3","Mya truncata","truncate softshell"
"75335","3","Mya pseudoarenaria","false softshell"
"75336","3","Mya elegans","elegant soft shell"
"75372","3","Xylophaga californica","Xylophaga californica"
"75381","3","Teredinidae (family)","shipworms"
"75382","3","Bankia setacea","feathery shipworm"
"75410","3","Lyonsia arenosa","sandy lyonsia"
"75551","3","Cardiomya sp.","Cardiomya sp."
"75600","3","Pododesmus macrochisma","Alaska falsejingle"
"75601","3","Pododesmus cepio","abalone jingle"
"75605","3","Pododesmus sp.","Pododesmus sp."
"75606","3","Hinnites (genus)","rock scallop spp."
"75609","3","Anomia sp.","Anomia sp."
"75610","3","Anomiidae (family)","falsejingles"
"77000","3","Scaphopoda (class)","scaphopods"
"77011","3","Dentalium sp.","Dentalium sp."
"77012","3","Rhabdus dalli","Dall tuskshell"
"77102","3","Compressidens stearnsii","Stearns toothshell"
"78000","3","Cephalopoda (class)","cephalopods"
"78001","3","cuttlefish unident.","Cuttlefishes"
"78010","3","Octopodidae (family)","octopuses"
"78011","3","Cephalopoda (class)","pelagic octopuses"
"78012","3","Benthoctopus leioderma","smoothskin octopus"
"78020","3","Octopus sp.","Octopus sp."
"78021","3","Japetella heathi","yellowring octopus"
"78030","3","Opisthoteuthis californiana","flapjack devilfish"
"78040","3","Grimpoteuthis albatrossi","Grimpoteuthis albatrossi"
"78210","3","Octopus californicus","North Pacific bigeye octopus"
"78300","3","Bolitaenidae","Bolitaenidae"
"78352","3","Graneledone boreopacifica","Graneledone boreopacifica"
"78403","3","Enteroctopus dofleini","giant octopus"
"78404","3","Octopus rubescens","Octopus rubescens"
"78452","3","Benthoctopus sp.","Benthoctopus sp."
"78502","3","Vampyroteuthis infernalis","vampire squid"
"79000","3","Cephalopoda (class)","squids"
"79001","3","Taningia danae","rhomboid squid"
"79002","3","Cephalopoda (class)","squid eggs"
"79020","3","Rossia pacifica","eastern Pacific bobtail"
"79120","3","Doryteuthis opalescens","California market squid"
"79200","3","Gonatus sp.","Gonatus sp."
"79201","3","Gonatus onyx","clawed armhook squid"
"79202","3","Gonatus berryi","Berry armhook squid"
"79203","3","Gonatus pyros","fiery armhook squid"
"79204","3","Gonatus californiensis","California armhook squid"
"79210","3","Berryteuthis magister","magistrate armhook squid"
"79250","3","Gonatopsis sp.","Gonatopsis sp."
"79252","3","Gonatopsis borealis","boreopacific armhook squid"
"79254","3","Gonatopsis makko","makko armhook squid"
"79259","3","Ommastrephidae","Ommastrephidae"
"79260","3","Ommastrephes bartrami","red flying squid"
"79302","3","Moroteuthis robusta","robust clubhook squid"
"79310","3","Onychoteuthidae","Onychoteuthidae"
"79311","3","Onychoteuthis banksii","common clubhook squid"
"79312","3","Onychoteuthis borealijaponicus","boreal clubhook squid"
"79340","3","Galiteuthis phyllura","Galiteuthis phyllura"
"79351","3","Abraliopsis sp.","Abraliopsis sp."
"79352","3","Abraliopsis felis","Abraliopsis felis"
"79403","3","Chiroteuthis sp.","Chiroteuthis sp."
"79404","3","Chiroteuthis calyx","Chiroteuthis calyx"
"79405","3","Cranchia scabra","sandpaper squid"
"79406","3","Cranchiidae","Cranchiidae"
"79440","3","Taoniinae","Taoniinae"
"79442","3","Taonius pavo","Taonius pavo"
"79504","3","Octopoteuthis deletron","Octopoteuthis deletron"
"79509","3","Histioteuthis sp.","jewel squids"
"79510","3","Histioteuthis heteropsis","Histioteuthis heteropsis"
"79512","3","Histioteuthis hoylei","Histioteuthis hoylei"
"80000","3","Asteroidea (class)","sea stars"
"80005","3","Ceramaster leptoceramus","Ceramaster leptoceramus"
"80006","3","Ophioscolax sp.","Ophioscolax sp."
"80010","3","Evasterias sp.","Evasterias sp."
"80015","3","Evasterias troschelii","mottled sea star"
"80018","3","Diamphiodia occidentalis","Diamphiodia occidentalis"
"80020","3","Evasterias echinosoma","giant sea star"
"80105","3","Orthasterias sp.","Orthasterias sp."
"80106","3","Orthasterias koehleri","redbanded sea star"
"80110","3","Leptasterias groenlandica","Leptasterias groenlandica"
"80111","3","Leptasterias hexactis","Leptasterias hexactis"
"80112","3","Leptasterias hylodes","Aleutian sea star"
"80115","3","Leptasterias coei","Leptasterias coei"
"80120","3","Rathbunaster californicus","Rathbunaster californicus"
"80160","3","Pycnopodia helianthoides","sunflower sea star"
"80170","3","Stylasterias forreri","long-rayed star"
"80171","3","Stylasterias sp.","Stylasterias sp."
"80180","3","Ampheraster sp.","Ampheraster sp."
"80182","3","Ampheraster marianus","Ampheraster marianus"
"80190","3","Tarsaster alaskanus","Tarsaster alaskanus"
"80200","3","Lethasterias nanimensis","blackspined sea star"
"80220","3","Pedicellaster sp.","Pedicellaster sp."
"80230","3","Pedicellaster magister","majestic sea star"
"80250","3","Stephanasterias albula","Stephanasterias albula"
"80310","3","Pisaster sp.","Pisaster sp."
"80311","3","Pisaster brevispinus","giant pink star"
"80312","3","Pisaster ochraceus","purple star"
"80520","3","Poraniopsis inflata","thorny sea star"
"80525","3","Poraniopsis flexilius","Poraniopsis flexilius"
"80540","3","Henricia sp.","Henricia sp."
"80541","3","Henricia clarki","Henricia clarki"
"80542","3","Henricia sanguinolenta","sanguine sea star"
"80543","3","Henricia aspera","ridged blood star"
"80544","3","Henricia leviuscula","blood sea star"
"80546","3","Henricia tumida","tumid sea star"
"80547","3","Henricia asthenactis","Henricia asthenactis"
"80548","3","Henricia longispina","Henricia longispina"
"80549","3","Henricia multispina","Spiny Henricia"
"80550","3","Odontohenricia fisheri","Odontohenricia fisheri"
"80551","3","Odontohenricia sp.","Odontohenricia sp."
"80590","3","Leptasterias polaris","Leptasterias polaris"
"80594","3","Leptasterias arctica","Leptasterias arctica"
"80595","3","Leptasterias sp.","Leptasterias sp."
"80596","3","Leptasterias camtschatica","Leptasterias camtschatica"
"80601","3","Aleutiaster sp.","Aleutiaster sp."
"80602","3","Gephyreaster swifti","Swift's sea star"
"80610","3","Pseudarchaster sp.","Pseudarchaster sp."
"80620","3","Pseudarchaster alascensis","Pseudarchaster alascensis"
"80624","3","Pseudarchaster pussillus","Pseudarchaster pussillus"
"80625","3","Pseudarchaster dissonus","Pseudarchaster dissonus"
"80630","3","Hippasteria sp.","Hippasteria sp."
"80631","3","Hippasteria kurilensis","Hippasteria kurilensis"
"80632","3","Hippasteria armata","Hippasteria armata"
"80633","3","Hippasteria aleutica","Aleutian spiny star"
"80640","3","Hippasteria californica","Hippasteria californica"
"80645","3","Hippasteria heathi","Hippasteria heathi"
"80650","3","Hippasteria phrygiana (=spinosa)","spiny red sea star"
"80660","3","Pseudarchaster parelii","scarlet sea star"
"80670","3","Cryptopeltaster lepidonotus","Cryptopeltaster lepidonotus"
"80690","3","Mediaster sp.","Mediaster sp."
"80691","3","Mediaster tenellus","Mediaster tenellus"
"80710","3","Mediaster aequalis","vermilion sea star"
"80728","3","Ceramaster sp.","Ceramaster sp."
"80729","3","Ceramaster japonicus","red bat star"
"80730","3","Ceramaster patagonicus","orange bat sea star"
"80731","3","Ceramaster arcticus","Arctic bat sea star"
"80732","3","Ceramaster clarki","Ceramaster clarki"
"80800","3","Luidia sp.","Luidia sp."
"80810","3","Luidia foliolata","sand sea star"
"80910","3","Dermasterias imbricata","leather sea star"
"80915","3","Asterina miniata","bat star"
"81060","3","Solaster sp.","Solaster sp."
"81061","3","Solaster endeca","northern sun sea star"
"81062","3","Solaster hypothrissus","Solaster hypothrissus"
"81063","3","Solaster hexactis","Solaster hexactis"
"81064","3","Solaster dawsoni","morning sun sea star"
"81065","3","Solaster stimpsoni","striped sun sea star"
"81066","3","Solaster exiguus","Solaster exiguus"
"81067","3","Solaster sp. A (Clark 1997)","Solaster sp. A (Clark 1997)"
"81080","3","Solaster paxillatus","evening sun sea star"
"81090","3","Crossaster sp.","Crossaster sp."
"81092","3","Crossaster borealis","grooved sea star"
"81095","3","Crossaster papposus","rose sea star"
"81100","3","Heterozonias alternatus","cannonball sun star"
"81120","3","Lophaster sp.","Lophaster sp."
"81125","3","Lophaster vexator","crested star"
"81130","3","Lophaster furcilliger","crested sea star"
"81135","3","Asthenactis fisheri","Asthenactis fisheri"
"81295","3","Peribolaster biserialis","Peribolaster biserialis"
"81310","3","Pteraster sp.","Pteraster sp."
"81311","3","Pteraster sp. cf. temnochiton (Clark 1999)","Pteraster sp. cf. temnochiton (Clark 1999)"
"81312","3","Pteraster temnochiton","cushion sea star"
"81313","3","Pteraster sp. A (Clark 1999)","Pteraster sp. A (Clark 1999)"
"81314","3","Pteraster sp. B (Clark 1997)","Pteraster sp. B (Clark 1997)"
"81315","3","Pteraster tesselatus","Pteraster tesselatus"
"81316","3","Pteraster jordani","Pteraster jordani"
"81320","3","Pteraster militaris","wrinkled star"
"81321","3","Pteraster marssipus","Pteraster marssipus"
"81340","3","Pteraster tesselatus arcuatus","Pteraster tesselatus arcuatus"
"81345","3","Pteraster trigonodon","Pteraster trigonodon"
"81350","3","Pteraster coscinopeplus","deepwater pteraster"
"81355","3","Pteraster obscurus","obscure sea star"
"81356","3","Pteraster pulvillus","Pteraster pulvillus"
"81360","3","Diplopteraster multipes","pincushion sea star"
"81361","3","Diplopteraster sp.","Diplopteraster sp."
"81370","3","Thrissacanthias penicillatus","Thrissacanthias penicillatus"
"81741","3","Asterias sp.","Asterias sp."
"81742","3","Asterias amurensis","purple-orange sea star"
"81743","3","Astropecten californicus","Astropecten californicus"
"81779","3","Ctenodiscus sp.","Ctenodiscus sp."
"81780","3","Ctenodiscus crispatus","common mud star"
"81820","3","Leptychaster sp.","Leptychaster sp."
"81830","3","Leptychaster pacificus","Leptychaster pacificus"
"81831","3","Leptychaster propinquus","Leptychaster propinquus"
"81835","3","Leptychaster arcticus","North Pacific sea star"
"81840","3","Cladaster validus","Cladaster validus"
"81850","3","Dipsacaster sp.","Dipsacaster sp."
"81860","3","Dipsacaster anoplus","Dipsacaster anoplus"
"81870","3","Dipsacaster borealis","northern sea star"
"81875","3","Dipsacaster eximus","Dipsacaster eximus"
"81880","3","Psilaster pectinatus","Psilaster pectinatus"
"81890","3","Benthopectinidae","Benthopectinidae"
"81910","3","Cheiraster dawsoni","fragile sea star"
"81912","3","Nearchaster variabilis","Nearchaster variabilis"
"81919","3","Nearchaster sp.","Nearchaster sp."
"81920","3","Nearchaster aciculosus","Nearchaster aciculosus"
"81921","3","Nearchaster pedicellaris","Nearchaster pedicellaris"
"81930","3","Astronebris tatafilius","Astronebris tatafilius"
"82000","3","Brisingella pusilla","Brisingella pusilla"
"82001","3","Brisingella exilis","Brisingella exilis"
"82002","3","Brisingella sp.","Brisingella sp."
"82030","3","Zoroasteridae","Zoroasteridae"
"82035","3","Sagenaster evermanni","Evermann's seastar"
"82060","3","Zoroaster ophiurus","Zoroaster ophiurus"
"82090","3","Myxoderma platyacanthum","Myxoderma platyacanthum"
"82091","3","Myxoderma sacculatum","Myxoderma sacculatum"
"82100","3","Anteliaster sp.","Anteliaster sp."
"82500","3","Echinoidea (class)","sea urchins"
"82510","3","Strongylocentrotus droebachiensis","green sea urchin"
"82511","3","Strongylocentrotus sp.","Strongylocentrotus sp."
"82515","3","Strongylocentrotus echinoides","Strongylocentrotus echinoides"
"82520","3","Strongylocentrotus franciscanus","red sea urchin"
"82522","3","Strongylocentrotus polyacanthus","Strongylocentrotus polyacanthus"
"82525","3","Strongylocentrotus purpuratus","purple sea urchin"
"82526","3","Strongylocentrotus pallidus","white sea urchin"
"82530","3","Allocentrotus fragilis","orange-pink sea urchin"
"82535","3","Allocentrotus sp.","Allocentrotus sp."
"82650","3","Echinoidea (class)","heart urchins"
"82660","3","Brisaster sp.","Brisaster sp."
"82670","3","Brisaster townsendi","Brisaster townsendi"
"82672","3","Echinoidea (class)","large green heart urchin"
"82673","3","Echinoidea (class)","oval heart urchin"
"82675","3","Brisaster latifrons","heart urchin"
"82680","3","Spatangus californicus","Spatangus californicus"
"82685","3","Brissopsis pacifica","Brissopsis pacifica"
"82730","3","Echinoidea (class)","sand dollars"
"82740","3","Echinarachnius parma","parma sand dollar"
"82750","3","Crinoidea (class)","crinoids"
"82755","3","Heliometra glacialis","Heliometra glacialis"
"82757","3","Retiometra alascana","Alaskan crinoid"
"82760","3","Florometra sp.","Florometra sp."
"82761","3","Florometra acririma","Florometra acririma"
"82770","3","Florometra serratissima","featherstar crinoid"
"82771","3","Florometra asperrima","common northern feather star"
"83000","3","Ophiuroidea (class)","brittlestars"
"83020","3","Gorgonocephalus eucnemis","basketstar"
"83055","3","Asteronychidae","Asteronychidae"
"83060","3","Asteronyx sp.","Asteronyx sp."
"83070","3","Asteronyx loveni","serpent sea star"
"83075","3","Asteronyx longifissus","Asteronyx longifissus"
"83080","3","Astrochele laevis","Astrochele laevis"
"83090","3","Astrochele sp.","Astrochele sp."
"83310","3","Ophiura sp.","Ophiura sp."
"83320","3","Ophiura sarsii","notched brittlestar"
"83339","3","Amphiophiura sp.","Amphiophiura sp."
"83340","3","Stegophiura ponderosa","Stegophiura ponderosa"
"83342","3","Ophiacantha sp.","Ophiacantha sp."
"83343","3","Ophiacantha enneactis","Ophiacantha enneactis"
"83360","3","Ophiopholis sp.","Ophiopholis sp."
"83390","3","Ophiopholis longispina","Ophiopholis longispina"
"83400","3","Ophiopholis aculeata","ubiquitous brittle star"
"83402","3","Ophioscolex sp.","Ophioscolex sp."
"83405","3","Ophiothrix sp.","Ophiothrix sp."
"83406","3","Ophiothrix spiculata","Ophiothrix spiculata"
"83407","3","Ophiomusium jolliensis","Ophiomusium jolliensis"
"83411","3","Ophiolebes sp.","Ophiolebes sp."
"83480","3","Ophiomusium lymani","Ophiomusium lymani"
"83660","3","Amphiuridae (family)","burrowing brittle stars"
"83700","3","Amphiodia rossica","Amphiodia rossica"
"85000","3","Holothuroidea (class)","sea cucumbers"
"85010","3","Cucumaria japonica","Cucumaria japonica"
"85015","3","Parastichopus sp.","Parastichopus sp."
"85016","3","Parastichopus leukothele","giant orange cucumber"
"85020","3","Parastichopus californicus","California sea cucumber"
"85060","3","Pseudostichopus sp.","Pseudostichopus sp."
"85070","3","Pseudostichopus mollis","sandy sea cucumber"
"85110","3","Molpadia arenicola","Molpadia arenicola"
"85115","3","Molpadia sp.","Molpadia sp."
"85120","3","Molpadia intermedia","sweet sea potato"
"85140","3","pineapple cucumber","Pineapple sea cucumber"
"85167","3","Eupentacta quinquesemita","Eupentacta quinquesemita"
"85169","3","Pentamera lissoplaca","crescent sea cucumber"
"85170","3","Pentamera sp.","Pentamera sp."
"85175","3","Paracaudina chilensis","rattail sea cucumber"
"85180","3","Bathyplotes sp.","Bathyplotes sp."
"85200","3","Cucumaria sp.","Cucumaria sp."
"85201","3","Cucumaria fallax","sea football"
"85202","3","Cucumaria frondosa","Cucumaria frondosa"
"85205","3","Apostichopus japonicus","Apostichopus japonicus"
"85209","3","Psolidae","Psolidae"
"85210","3","Psolus sp.","Psolus sp."
"85219","3","Psolus fabricii","brownscaled sea cucumber"
"85220","3","Psolus squamatus","whitescaled sea cucumber"
"85222","3","Psolus japonicus","Psolus japonicus"
"85269","3","Pannychia sp.","Pannychia sp."
"85270","3","Pannychia moseleyi","deep sea papillate cucumber"
"85290","3","Synallactes challengeri","Synallactes challengeri"
"85410","3","Scotoplanes theeli","Scotoplanes theeli"
"90000","3","Foraminifera","foraminiferans"
"91000","3","Porifera (phylum)","sponges"
"91002","3","Porifera (phylum)","hairy lemon sponge"
"91005","3","Porifera (phylum)","vase sponges"
"91010","3","Demospongiae","Demospongiae"
"91015","3","Suberites sp.","Suberites sp."
"91016","3","Suberites ficus","Suberites ficus"
"91020","3","Suberites domuncula","hermit sponge"
"91030","3","Aphrocallistes vastus","clay pipe sponge"
"91031","3","white claypipe sponge","White claypipe sponge"
"91039","3","Mycale sp.","Mycale sp."
"91040","3","Mycale loveni","tree sponge"
"91045","3","ginseng sponge","Ginseng sponge"
"91049","3","Halichondria sp.","Halichondria sp."
"91050","3","Halichondria panicea","barrel sponge"
"91051","3","Porifera (phylum)","neon yellow vase sponge"
"91052","3","Leucandra heathi","spiny vase sponge"
"91053","3","Rhabdocalyptus sp.","cloud sponge"
"91054","3","Mycale bellabellensis","lampshade sponge"
"91055","3","Porifera (phylum)","brain sponge"
"91056","3","Porifera (phylum)","funnel sponge"
"91057","3","Stelodoryx oxeata","scapula sponge"
"91059","3","Semisuberites cribrosa","cat-o-nine-tails sponge"
"91060","3","Myxilla parasitica","scallop sponge"
"91061","3","Myxilla lacunosa","sulfur sponge"
"91064","3","Axinella blanca","firm finger sponge"
"91065","3","Pachastrellidae sp. 1","mushroom sponge"
"91066","3","Histodermella kagigunensis","spud sponge"
"91067","3","Tedania kagalaskai","club sponge"
"91068","3","Monanchora pulchra","yellow leafy sponge"
"91069","3","Tethya sp.","ball sponge"
"91070","3","Hyalonema sp.","fiber optic sponge"
"91071","3","Porifera (phylum)","staghorn sponge"
"91072","3","Porifera (phylum)","orange ball sponge"
"91076","3","Porifera (phylum)","orange sponge"
"91077","3","Porifera (phylum)","yellow bowl sponge"
"91078","3","Polymastia pachymastia","black-orange spud sponge"
"91079","3"," ","black papillate sponge"
"91080","3","Porifera (phylum)","yellow green papillate sponge"
"91083","3","Porifera (phylum)","orange encrusting sponge"
"91084","3","Porifera (phylum)","firm yellow green sponge"
"91086","3","Mycale carlilei","trumpet sponge"
"91087","3","Leucandra tuba","Leucandra tuba"
"91088","3","Isodictya rigida","soft finger sponge"
"91090","3","Porifera (phylum)","orange papillate sponge"
"91092","3","Esperiopsis flagrum","cheesestick sponge"
"91096","3","Porifera (phylum)","slimy antler sponge"
"91100","3","Geodia starki","pita sponge"
"91700","3","Hexactinellida (class)","glass sponges"
"92000","3","Platyhelminthes (phylum)","flatworms"
"92021","3","Polycladida (order)","polyclad flatworms"
"92400","3","Acoelida","acoel turbellarian"
"92500","3","Nemertea (phylum)","nemertean worms"
"93100","3","Priapulida (phylum)","priapulid worms"
"93500","3","Nematoda (phylum)","nematode worms"
"94000","3","Sipuncula (phylum)","peanut worms"
"40016","3","Ptychogena (Genus)","Ptychogena sp."
"40017","3","Ptychogena lactea","Ptychogena lactea"
"10290","","Pleuronichthys coenosus","C-O sole"
"100000","","WholeHaul","WholeHaul"
"100001","","SortingTable","SortingTable"
"100002","","Mix1","Mix1"
"1","","Actinopterygii (class)","fish eggs"
"93150","","Chaetognatha (phylum)","arrow worms"
"23011","","Thaleichthys pacificus","Eulachon Juvenile 1"
"78022","","Japetella diaphana","Japetella diaphana"
"999991","","mixture 1","mixture 1"
"999992","","mixture 2","mixture 2"
"999993","","mixture 3","mixture 3"
"999994","","mixture 4","mixture 4"
"999995","","Unid1","Unid1"
"999996","","Unid2","Unid2"
"999998","","non-biological surface turbulance","non-bio surf turb"
"999999","","bottom","bottom"
"64100","","Mysidae","Mysidae"
"999997","","non-biological noise","non-bio noise"
"100003","","SubMix1","SubMix1"
"1202","3","Arctogadus glacialis","Arctogadus glacialis"
"998877","3","completely fakeus","bogus fishus"
"22","3","Lethenteron camtschaticum","Arctic lamprey"
"1001","99990","Invert. unident. 1","Invert. unident. 1"
"1002","99990","Invert. unident. 2","Invert. unident. 2"
"1003","99990","Invert. unident. 3","Invert. unident. 3"
"1004","99990","Invert. unident. 4","Invert. unident. 4"
"1005","99990","Invert. unident. 5","Invert. unident. 5"
"1006","99990","Invert. unident. 6","Invert. unident. 6"
"1007","99990","Invert. unident. 7","Invert. unident. 7"
"1008","99990","Invert. unident. 8","Invert. unident. 8"
"1009","99990","Invert. unident. 9","Invert. unident. 9"
"1010","99990","Invert. unident. 10","Invert. unident. 10"
"1011","99990","Invert. unident. 11","Invert. unident. 11"
"1012","99990","Invert. unident. 12","Invert. unident. 12"
"1013","99990","Invert. unident. 13","Invert. unident. 13"
"1014","99990","Invert. unident. 14","Invert. unident. 14"
"1015","99990","Invert. unident. 15","Invert. unident. 15"
"1016","99990","Invert. unident. 16","Invert. unident. 16"
"1017","99990","Invert. unident. 17","Invert. unident. 17"
"1018","99990","Invert. unident. 18","Invert. unident. 18"
"1019","99990","Invert. unident. 19","Invert. unident. 19"
"1020","99990","Invert. unident. 20","Invert. unident. 20"
"1021","99990","Invert. unident. 21","Invert. unident. 21"
"1022","99990","Invert. unident. 22","Invert. unident. 22"
"1023","99990","Invert. unident. 23","Invert. unident. 23"
"1024","99990","Invert. unident. 24","Invert. unident. 24"
"1025","99990","Invert. unident. 25","Invert. unident. 25"
"1026","3","Fish unident. 1","Fish unident. 1"
"1027","3","Fish unident. 2","Fish unident. 2"
"1028","3","Fish unident. 3","Fish unident. 3"
"1029","3","Fish unident. 4","Fish unident. 4"
"1030","3","Fish unident. 5","Fish unident. 5"
"1031","3","Fish unident. 6","Fish unident. 6"
"1032","3","Fish unident. 7","Fish unident. 7"
"1033","3","Fish unident. 8","Fish unident. 8"
"1034","3","Fish unident. 9","Fish unident. 9"
"1035","3","Fish unident. 10","Fish unident. 10"
"1036","3","Fish unident. 11","Fish unident. 11"
"1037","3","Fish unident. 12","Fish unident. 12"
"1038","3","Fish unident. 13","Fish unident. 13"
"1039","3","Fish unident. 14","Fish unident. 14"
"1040","3","Fish unident. 15","Fish unident. 15"
"1041","3","Fish unident. 16","Fish unident. 16"
"1042","3","Fish unident. 17","Fish unident. 17"
"1043","3","Fish unident. 18","Fish unident. 18"
"1044","3","Fish unident. 19","Fish unident. 19"
"1045","3","Fish unident. 20","Fish unident. 20"
"1046","3","Fish unident. 21","Fish unident. 21"
"1047","3","Fish unident. 22","Fish unident. 22"
"1048","3","Fish unident. 23","Fish unident. 23"
"1049","3","Fish unident. 24","Fish unident. 24"
"1050","3","Fish unident. 25","Fish unident. 25"
"1101","99990","Leebus grendolandicus","Leebus grendolandicus"
"1102","99990","Bathypolypus articus","Bathypolypus articus"
"1103","99990","Phascolion strombus","Phascolion strombus"
"1104","99990","Byglides sarsi","Byglides sarsi"
"1105","99990","Pandalus borealiseous","Pandalus borealiseous"
"1106","99990","Eualas gaimardi belcheri","Eualas gaimardi belcheri"
"1107","99990","Neptunea beringiana","Neptunea beringiana"
"1108","99990","Neomysis rayii","Neomysis rayii"
"1109","99990","Lafoenia maxima","Lafoenia maxima"
"1110","99990","Alcyonidium gelatinosum","Alcyonidium gelatinosum"
"1111","99990","Parathemisto sp.","Parathemisto sp."
"1112","99990","Hyperidae","Hyperidae"
"1113","99990","Crab larvae","Crab larvae"
"1114","99990","Paguridae","Paguridae"
"1115","99990","Socarnes bidenticulatus","Socarnes bidenticulatus"
"1116","99990","Ocunus glacialis","Ocunus glacialis"
"1117","99990","Flabelligeridae","Flabelligeridae"
"1118","3","Icelus bicornis","Two Horn Sculpin"
"1119","99990","Eualas gaimardi gaimardi","Eualas gaimardi gaimardi"
"1120","99990","Nuuculana radiata","Nuuculana radiata"
"1121","99990","Limneria undata","Limneria undata"
"1122","99990","Curtitoma sp.","Curtitoma sp."
"1123","99990","Ischyrocerus sp.","Ischyrocerus sp."
"1124","99990","Cistenides sp.","Cistenides sp."
"1125","99990","Aglantha digitale","Aglantha digitale"
"1126","99990","Nuculana radiata","Nuculana radiata"
"1127","99990","Ennucula tenuis","Ennucula tenuis"
"1128","99990","Acanthostepheia beringiensis","Acanthostepheia beringiensis"
"1129","99990","Allantactis parastitica","Allantactis parasitica"
"1130","99990","Neptunea communis","Neptunea communis"
"1131","99990","Edwardsia sp.","Edwardsia sp."
"1132","99990","Anthosactis janmayeni","Anthosactic janmayeni"
"1134","99990","Ariadnavaria borealis","Ariadnavaria borealis"
"1135","99990","Ascidia callosa","Ascidia callosa"
"1136","99990","Anomalisipho conulus","Anomalishipho conulus"
"1137","99990","Nodulotrophon coronatus","Nodulotrophon coronatus"
"1138","99990","Paramphithoe cuspidata","Paramphithoe cuspidata"
"1139","99990","Paroediceros lynceus","Paroediceros lynceus"
"1140","99990","Anomalisipho verkruezeni","Anomalisipho verkruezeni"
"1141","99990","Buccinum beringense","Buccinum beringense"
"1142","99990","Phyllodace groenlandica","Phyllodace groenlandica"
"1143","99990","Gattyana sp.","Gattyana sp."
"1144","99990","Pista elongata","Pista elongata"
"1145","99990","Cylichnoidea occulutus","Cylichnoidea occulutus"
"1146","99990","Latisipho hypolipus","Latisipho hypolipus"
"1147","99990","Obesotome sp.","Obesotome sp."
"1148","99990","Bylgides sarsi","Bygildes sarsi"
"1149","99990","Iphionopsis sp.","Iphionopsis sp."
"1150","99990","Colus pubescens","Colus pubescens"
"1151","99990","Boreotrophon truncatus","Boreotrophon truncatus"
"1152","99990","Admete sp.","Admete sp."
"1153","99990","Peachia quinquecapitata","Peachia quinquecapitata"
"1154","99990","Arctonoe fragilis","Arctonoe fragilis"
"20203","3","Ammodytes hexapterus","Arctic Sand Lance"
"20204","3","Ammodytes personatus","Pacific Sand Lance"
"40061","99990","Neoturris breviconis","Blob-Top jelly"
"40513","99990","Aurelia aurita","Aurelia aurita"
"40520","99990","Aurelia limbata","brown rimmed jelly"
"40562","99990","Staurophora mertensi","Staurophora mertensi"
"40563","99990","Hormiphora sp.","Hormiphora sp."
"40564","99990","Hormiphora cucumis","Hormiphora cucumis"
"40565","99990","Hydromedusa (unid.)","Hydromedusas"
"40566","99990","Scyphomedus (unid.)","Scyphomedusas"
"41220","99990","Gersemia fruticosa","Gersemia fruticosa"
"55900","99990","Phyllodocidae","Phyllodocidae"
"57001","99990","Myxicola infundibulum","slime worm"
"58000","99990","Pectinaria sp.","Pectinaria sp."
"58001","99990","Cistenides granulata","tusk coneworm"
"60102","99990","ampelisca sp.","ampelisca sp."
"60105","99990","Eusirus cuspidatus","speckled amphipod"
"60107","99990","Stegocephalus inflatus","smooth northern amphipod"
"60108","99990","Stegocephalus sp.","Stegocephalus sp."
"60109","99990","Anonyx nugax","riddick amphipod"
"60111","99990","Rhachotropis sp.","Rhachotropis sp."
"60112","99990","Rhachotropis aculeata","Rhachotropis aculeata"
"60115","99990","Arctolembos arcticus","Arctolembos arcticus"
"60116","99990","Paramphithoe polyacantha","bladed amphipod"
"60118","99990","Nototropis sp.","Nototropis sp."
"60131","99990","Quasimelita formosa","Quasimelita formosa"
"60132","99990","Melita sp.","Melita sp."
"62022","99990","Synidotea bicuspida","Synidotea bicuspida"
"63101","99990","Diastylis alaskensis","Alaskan cumacean"
"63501","99990","Thysanoessa sp.","Thysanoessa sp."
"66161","99990","Spirontocaris arcuata","Rathbun blade shrimp"
"66605","99990","Sabinea septemcarinata","Sabinea septemcarinata"
"66617","99990","Argis sp. cf. crassa (CAS)","Argis sp. cf. crassa (CAS)"
"70150","99990","Stenosemus albus","northern white chiton"
"71005","99990","Neptunea borealis eggs","eggs of Neptunea borealis"
"71007","99990","Cephalaspidea","bubbleshells"
"71027","99990","Calycidoris guentheri","Calycidoris guentheri"
"71511","99990","Naticidae eggs","moonsnail eggs"
"71517","99990","Euspira monterona","Euspira monterona"
"71714","99990","Colus acosmius","Colus acosmius"
"71716","99990","Colus martensi","Colus martensi"
"71720","99990","Colus sabini","Colus sabini"
"71739","99990","Volutopsius attenuatus","attenuate melon whelk"
"71801","99990","Neptunea ventricosa eggs","eggs of Neptunea ventricosa"
"71902","99990","Plicifusus johanseni","Plicifusus johanseni"
"72104","99990","Oenopota nobilis","Oenopota nobilis"
"72106","99990","Oenopota elegans","Oenopota elegans"
"72182","99990","Obesotoma tenuilirata","Obesotoma tenuilirata"
"72183","99990","Curtitoma decussata","Curtitoma decussata"
"72302","99990","Trichotropis borealis","Trichotropis borealis"
"72527","99990","Lacuna crassior","thick lacuna"
"72539","99990","Margarites beringensis","Margarites beringensis"
"72736","99990","Buccinum normale","Buccinum normale"
"73187","99990","Admete middendorffi","Admete middendorffi"
"74646","99990","Astarte arctica","Astarte arctica"
"74647","99990","Astarte montagui","Astarte montagui"
"74648","99990","Astarte esquimalti","Astarte esquimalti"
"74658","99990","Cyclocardia sp. cf. borealis (Clark 2006)","northern carditid"
"75220","99990","Pandora glacialis","glacial Pandora"
"75221","99990","Pandora wardiana","Pandora wardiana"
"78013","99990","Benthoctopus sibiricus","Benthoctopus sibiricus"
"79206","99990","Gonatus kamtschaticus","Gonatus kamtschaticus"
"80030","99990","Urasterias lincki","tube worms"
"83021","99990","Gorgonocephalus sp. cf. arcticus","Gorgonocephalus sp. cf. arcticus"
"83022","99990","Gorgonocephalus sp.","Gorgonocephalus sp."
"83319","99990","Ophiura lutkeni","gray brittle star"
"83336","99990","Stegophiura nodosa","Stegophiura nodosa"
"83348","99990","Ophiacantha bidentata","Ophiacantha bidentata"
"85013","99990","Ocnus glacialis","Ocnus glacialis"
"85085","99990","Myriotrochus rinkii","Myriotrochus rinkii"
"85221","99990","Psolus peroni","Psolus peroni"
"91014","99990","Haliclona sp.","Haliclona sp."
"92900","99990","Maldanidae","bamboo worms"
"95016","99990","Bugula sp.","Bugula sp."
"95036","99990","Alcyonidium pedunculatum","Alcyonidium pedunculatum"
"95038","99990","Alcyonidium sp.","Alcyonidium sp."
"95039","99990","Alcyonidium disciforme","disc bryozoan"
"95041","99990","Alcyonidium enteromorpha","noodle bryozoan"
"95103","99990","Heteropora sp.","Heteropora sp."
"95104","99990","Heteropora alaskensis","Heteropora alaskensis"
"95105","99990","Dendrobeania sp.","Dendrobeania sp."
"98079","99990","Pelonaia corrugata","Pelonaia corrugata"
"98102","99990","Boltenia ecinata","Boltenia ecinata"
"98210","99990","Distaplia sp.","Distaplia sp."
"98331","99990","Chelyosoma productum","disc-top tunicate"
"98332","99990","Chelyosoma macleayanum","Chelyosoma macleayanum"
"213759","3","Myoxocephalus scorpius","Shorthorn sculpin"
"400610","99990","Neoturris breviconis","Blob top jelly"
"1155","3","Liparis bathyarcticus","Liparis bathyarcticus"
"1156","99990","Amphianthus sp.","Amphianthus sp."
"1157","99990","Oxyposthia predeator","Oxyposthia predeator"
"1158","99990","Maldane sarsi","Maldane sarsi"
"1159","3","Benthosema glaciale","Benthosema glaciale"
"1160","3","Liparis fabricii","Liparis fabricii"
"1161","99990","Chaetognatha","Chaetognaths"
"1162","99990","Gattyana cirrhosa","Gattyana cirrhosa"
"1163","99990","Sternapsis fossor","Sternapsis fossor"
"1164","99990","Spiochaetopterus sp.","Spiochaetopterus sp."
"1165","99990","Aulacofusus brevicauda","Aulacofusus brevicauda"
"1166","99990","Mohnia sp.","Mohnia sp."
"1167","99990","Ophiocten sericeum","Ophiocten sericeum"
"1168","99990","Echiurus Echiurus","Echiurus Echiurus"
"1169","99990","Bivalve eggs","Clam egg jelly"
"1170","99990","Amphiodia craterodmeta","Amphiodia craterodmeta"
"1171","99990","Saduria sabini","Saduria sabini"
"1172","99990","Oenopota impressa","Oenopota impressa"
"1173","99990","Propbela nobilis","Propebela nobilis"
"1174","99990","Harmothoe imbricata","Harmothoe imbricata"
"1175","99990","Maldane sarsi","Maldane sarsi"
"1176","99990","Eucrateidae","Eucrateidae"
"1177","99990","Bugulidae","Bugulidae"
"1178","99990","Curtitoma novajasemljensis","Curtitoma novajasemljensis"
"1179","99990","Lafoeidae","Lafoeidae"
"1180","99990","Celleporidae","Celleporidae"
"1181","99990","Ampelisca birulai","Ampelisca birulai"
"1182","99990","Haploops sp.","Haploops sp."
"1183","99990","Aruga sp.","Aruga sp."
"1184","99990","Acanthonotozoma sp.","Acanthonotozoma sp."
"1185","99990","Lysianassoidae","Lysianassoidae"
"1186","99990","Nephtys sp.","Nephtys sp."
"1187","99990","Obesotoma japonica","Obesotoma japonica"
"1188","99990","Colus togatus","Colus togatus"
"1189","99990","Boreotrophon cepula","Boreotrophon cepula"
"1190","99990","Granotoma albrechti","Granotoma albrechti"
"1191","99990","Arcteobia anticostiensis","Arcteobia anticostiensis"
"1192","99990","Nymphon sp.","Nymphon sp."
"1193","99990","Stegocephalidae","Stegocephalidae"
"1194","99990","Margarites groenlandicus umbilicalis","Margarites groenlandicus umbilicalis"
"1195","99990","Colus jeffreysianus","Colus jeffreysianus"
"1196","99990","Melaenis loveni","Melaenis loveni"
"1197","99990","Anisogammarus macginitiei","Anisogammarus macginitei"
"1198","99990","Calycidoris geuntheri","Calycidoris geuntheri"
"1199","99990","Pardalisca cuspidata","Pardalisca cuspidata"
"1200","99990","Syrroe crenulata","Syrroe crenulata"
"1201","99990","Propebela sp.","Propebela sp."
"40519","99990","Staurostoma mertensii","whitecross jelly"
"50050","99990","Ampharetidae","Ampharetidae"
"60146","99990","Themisto libellula","Themisto libellula"
"62021","99990","Synidotea sp.","Synidotea sp."
"65207","99990","Balanus crenatus","Balanus crenatus"
"66166","99990","Spirontocaris spinus","Spirontocaris spinus"
"66169","99990","Spirontocaris intermedia","Spirontocaris intermedia"
"75246","99990","Macoma moesta","Macoma moesta"
"94001","99990","Golfingia margaritacea","Golfingia margaritacea"
