"species_code","subcategory","species_parameter","parameter_value"
"22209","None","Previous_Occurrence","1"
"21598","None","Primary_Length_Type","total_length"
"21597","None","Default_Length_Conversion","use_measured_length_type"
"21598","None","Default_TS_Relationship","generic_swimbladder_fish"
"21598","None","Specific_TS_Relationship","generic_swimbladder_fish"
"22214","None","Previous_Occurrence","1"
"21598","None","Secondary_Length_Type","fork_length"
"22215","None","Previous_Occurrence","1"
"21598","None","Default_Length_Conversion","use_measured_length_type"
"22216","None","Previous_Occurrence","1"
"21705","None","Default_TS_Relationship","generic_swimbladder_fish"
"22217","None","Previous_Occurrence","1"
"21705","None","Specific_TS_Relationship","generic_swimbladder_fish"
"22219","None","Previous_Occurrence","1"
"21705","None","Primary_Length_Type","fork_length"
"22220","None","Max_Length","50"
"22220","None","Max_Weight","1.994"
"22220","None","Previous_Occurrence","1"
"21705","None","Secondary_Length_Type","standard_length"
"21705","None","Default_Length_Conversion","use_measured_length_type"
"21710","None","Default_TS_Relationship","generic_swimbladder_fish"
"22223","None","Previous_Occurrence","1"
"21710","None","Specific_TS_Relationship","generic_swimbladder_fish"
"21710","None","Primary_Length_Type","fork_length"
"22225","None","Previous_Occurrence","1"
"21710","None","Secondary_Length_Type","standard_length"
"22226","None","Previous_Occurrence","1"
"21710","None","Default_Length_Conversion","use_measured_length_type"
"22228","None","Previous_Occurrence","1"
"21720","None","Default_TS_Relationship","generic_swimbladder_fish"
"22229","None","Previous_Occurrence","1"
"21720","None","Specific_TS_Relationship","standard_pollock"
"21720","None","Primary_Length_Type","fork_length"
"22231","None","Previous_Occurrence","1"
"21720","None","Secondary_Length_Type","standard_length"
"22232","None","Previous_Occurrence","1"
"21720","None","Default_Length_Conversion","use_measured_length_type"
"22233","None","Previous_Occurrence","1"
"21725","None","Default_TS_Relationship","generic_swimbladder_fish"
"22235","None","Previous_Occurrence","1"
"21725","None","Specific_TS_Relationship","generic_swimbladder_fish"
"22236","None","Previous_Occurrence","1"
"21725","None","Primary_Length_Type","fork_length"
"21725","None","Secondary_Length_Type","standard_length"
"21725","None","Default_Length_Conversion","use_measured_length_type"
"22239","None","Previous_Occurrence","1"
"21726","None","Default_TS_Relationship","generic_swimbladder_fish"
"22240","None","Previous_Occurrence","1"
"21726","None","Specific_TS_Relationship","generic_swimbladder_fish"
"22241","None","Previous_Occurrence","1"
"21726","None","Primary_Length_Type","fork_length"
"21726","None","Secondary_Length_Type","standard_length"
"21726","None","Default_Length_Conversion","use_measured_length_type"
"22244","None","Previous_Occurrence","1"
"21727","None","Default_TS_Relationship","generic_swimbladder_fish"
"22245","None","Previous_Occurrence","1"
"21727","None","Specific_TS_Relationship","generic_swimbladder_fish"
"21727","None","Primary_Length_Type","fork_length"
"21727","None","Secondary_Length_Type","standard_length"
"21727","None","Default_Length_Conversion","use_measured_length_type"
"22249","None","Previous_Occurrence","1"
"21731","None","Default_TS_Relationship","generic_swimbladder_fish"
"22250","None","Previous_Occurrence","1"
"21731","None","Specific_TS_Relationship","generic_swimbladder_fish"
"22251","None","Previous_Occurrence","1"
"21731","None","Primary_Length_Type","fork_length"
"22252","None","Previous_Occurrence","1"
"21731","None","Secondary_Length_Type","standard_length"
"22253","None","Previous_Occurrence","1"
"21731","None","Default_Length_Conversion","use_measured_length_type"
"21732","None","Default_TS_Relationship","generic_swimbladder_fish"
"22255","None","Previous_Occurrence","1"
"21732","None","Specific_TS_Relationship","generic_swimbladder_fish"
"22260","None","Previous_Occurrence","1"
"21732","None","Primary_Length_Type","fork_length"
"22261","None","Previous_Occurrence","1"
"21732","None","Secondary_Length_Type","standard_length"
"22262","None","Previous_Occurrence","1"
"21732","None","Default_Length_Conversion","use_measured_length_type"
"21733","None","Default_TS_Relationship","generic_swimbladder_fish"
"21733","None","Specific_TS_Relationship","generic_swimbladder_fish"
"21733","None","Primary_Length_Type","fork_length"
"22300","None","Previous_Occurrence","1"
"21733","None","Secondary_Length_Type","standard_length"
"22310","None","Previous_Occurrence","1"
"21733","None","Default_Length_Conversion","use_measured_length_type"
"22320","None","Previous_Occurrence","1"
"21735","None","Default_TS_Relationship","generic_swimbladder_fish"
"22390","None","Previous_Occurrence","1"
"21735","None","Specific_TS_Relationship","generic_swimbladder_fish"
"22400","None","Previous_Occurrence","1"
"21735","None","Primary_Length_Type","fork_length"
"22410","None","Previous_Occurrence","1"
"21735","None","Secondary_Length_Type","standard_length"
"22420","None","Previous_Occurrence","1"
"21735","None","Default_Length_Conversion","use_measured_length_type"
"21740","None","Default_TS_Relationship","standard_pollock"
"21740","None","Specific_TS_Relationship","standard_pollock"
"22500","None","Max_Length","82"
"22500","None","Max_Weight","4.12"
"22500","None","Previous_Occurrence","1"
"21740","None","Primary_Length_Type","fork_length"
"22570","None","Previous_Occurrence","1"
"21740","None","Secondary_Length_Type","standard_length"
"22582","None","Previous_Occurrence","1"
"21740","None","Default_Length_Conversion","use_measured_length_type"
"21744","None","Default_TS_Relationship","standard_pollock"
"22600","None","Previous_Occurrence","1"
"21744","None","Specific_TS_Relationship","standard_pollock"
"22601","None","Previous_Occurrence","1"
"21744","None","Primary_Length_Type","standard_length"
"22602","None","Previous_Occurrence","1"
"21744","None","Secondary_Length_Type","fork_length"
"22603","None","Previous_Occurrence","1"
"21744","None","Default_Length_Conversion","pollock_age_0_length_conversions"
"22609","None","Previous_Occurrence","1"
"21752","None","Default_TS_Relationship","generic_swimbladder_fish"
"22610","None","Previous_Occurrence","1"
"21752","None","Specific_TS_Relationship","generic_swimbladder_fish"
"22620","None","Previous_Occurrence","1"
"21752","None","Primary_Length_Type","total_length"
"22623","None","Previous_Occurrence","1"
"21752","None","Secondary_Length_Type","fork_length"
"22624","None","Previous_Occurrence","1"
"21752","None","Default_Length_Conversion","use_measured_length_type"
"22625","None","Previous_Occurrence","1"
"21753","None","Default_TS_Relationship","generic_swimbladder_fish"
"21753","None","Specific_TS_Relationship","generic_swimbladder_fish"
"22640","None","Previous_Occurrence","1"
"21753","None","Primary_Length_Type","total_length"
"21753","None","Secondary_Length_Type","fork_length"
"21753","None","Default_Length_Conversion","use_measured_length_type"
"22648","None","Previous_Occurrence","1"
"21760","None","Default_TS_Relationship","generic_swimbladder_fish"
"22649","None","Previous_Occurrence","1"
"21760","None","Specific_TS_Relationship","generic_swimbladder_fish"
"21760","None","Primary_Length_Type","total_length"
"22651","None","Previous_Occurrence","1"
"21760","None","Secondary_Length_Type","fork_length"
"22656","None","Previous_Occurrence","1"
"21760","None","Default_Length_Conversion","use_measured_length_type"
"22721","None","Previous_Occurrence","1"
"22810","None","Previous_Occurrence","1"
"22900","None","Previous_Occurrence","1"
"22912","None","Previous_Occurrence","1"
"22913","None","Previous_Occurrence","1"
"22914","None","Previous_Occurrence","1"
"22915","None","Previous_Occurrence","1"
"22951","None","Previous_Occurrence","1"
"22952","None","Previous_Occurrence","1"
"22955","None","Previous_Occurrence","1"
"22956","None","Previous_Occurrence","1"
"23000","None","Previous_Occurrence","1"
"23010","None","Max_Length","38"
"23010","None","Max_Weight","0.24"
"23010","None","Previous_Occurrence","1"
"23020","None","Previous_Occurrence","1"
"23030","None","Previous_Occurrence","1"
"21770","None","Default_TS_Relationship","generic_fish_no_swimbladder"
"22410","None","Default_TS_Relationship","generic_fish_no_swimbladder"
"2","None","Plankton_Species","1"
"2","None","Previous_Occurrence","1"
"22400","None","Default_Length_Conversion","use_measured_length_type"
"3","None","Plankton_Species","1"
"3","None","Previous_Occurrence","1"
"22410","None","Specific_TS_Relationship","generic_fish_no_swimbladder"
"10","None","Previous_Occurrence","1"
"22410","None","Primary_Length_Type","total_length"
"21","None","Previous_Occurrence","1"
"22410","None","Secondary_Length_Type","fork_length"
"100","None","Previous_Occurrence","1"
"22410","None","Default_Length_Conversion","use_measured_length_type"
"22420","None","Default_TS_Relationship","generic_fish_no_swimbladder"
"110","None","Previous_Occurrence","1"
"22420","None","Specific_TS_Relationship","generic_fish_no_swimbladder"
"120","None","Previous_Occurrence","1"
"22420","None","Primary_Length_Type","total_length"
"150","None","Previous_Occurrence","1"
"22420","None","Secondary_Length_Type","fork_length"
"22420","None","Default_Length_Conversion","use_measured_length_type"
"160","None","Previous_Occurrence","1"
"22450","None","Default_TS_Relationship","non_scaling"
"180","None","Previous_Occurrence","1"
"22450","None","Specific_TS_Relationship","non_scaling"
"200","None","Previous_Occurrence","1"
"22450","None","Primary_Length_Type","total_length"
"201","None","Previous_Occurrence","1"
"22450","None","Secondary_Length_Type","total_length"
"210","None","Max_Length","66"
"210","None","Max_Weight","0.988"
"210","None","Previous_Occurrence","1"
"22450","None","Default_Length_Conversion","use_measured_length_type"
"211","None","Previous_Occurrence","1"
"22461","None","Default_TS_Relationship","generic_fish_no_swimbladder"
"22461","None","Specific_TS_Relationship","generic_fish_no_swimbladder"
"22461","None","Primary_Length_Type","total_length"
"22461","None","Secondary_Length_Type","fork_length"
"222","None","Max_Length","57"
"222","None","Max_Weight","0.96"
"222","None","Previous_Occurrence","1"
"22461","None","Default_Length_Conversion","use_measured_length_type"
"232","None","Max_Length","223"
"232","None","Max_Weight","136"
"232","None","Previous_Occurrence","1"
"22500","None","Default_TS_Relationship","generic_swimbladder_fish"
"22500","None","Specific_TS_Relationship","generic_swimbladder_fish"
"252","None","Previous_Occurrence","1"
"22500","None","Primary_Length_Type","total_length"
"310","None","Max_Length","122"
"310","None","Max_Weight","9.42"
"310","None","Previous_Occurrence","1"
"22500","None","Secondary_Length_Type","fork_length"
"320","None","Max_Length","291"
"320","None","Max_Weight","324"
"320","None","Previous_Occurrence","1"
"22500","None","Default_Length_Conversion","use_measured_length_type"
"332","None","Previous_Occurrence","1"
"22570","None","Default_TS_Relationship","generic_fish_no_swimbladder"
"22570","None","Specific_TS_Relationship","generic_fish_no_swimbladder"
"340","None","Previous_Occurrence","1"
"22570","None","Primary_Length_Type","total_length"
"341","None","Previous_Occurrence","1"
"22570","None","Secondary_Length_Type","fork_length"
"351","None","Previous_Occurrence","1"
"22570","None","Default_Length_Conversion","use_measured_length_type"
"22582","None","Default_TS_Relationship","generic_fish_no_swimbladder"
"400","None","Previous_Occurrence","1"
"22582","None","Specific_TS_Relationship","generic_fish_no_swimbladder"
"401","None","Previous_Occurrence","1"
"22582","None","Primary_Length_Type","total_length"
"402","None","Previous_Occurrence","1"
"22582","None","Secondary_Length_Type","fork_length"
"22582","None","Default_Length_Conversion","use_measured_length_type"
"404","None","Previous_Occurrence","1"
"22595","None","Default_TS_Relationship","generic_swimbladder_fish"
"405","None","Max_Length","43"
"405","None","Max_Weight","0.47"
"405","None","Previous_Occurrence","1"
"22595","None","Specific_TS_Relationship","generic_swimbladder_fish"
"22595","None","Primary_Length_Type","total_length"
"410","None","Max_Length","147"
"410","None","Max_Weight","17.46"
"410","None","Previous_Occurrence","1"
"22595","None","Secondary_Length_Type","fork_length"
"420","None","Max_Length","192"
"420","None","Max_Weight","88.98"
"420","None","Previous_Occurrence","1"
"22595","None","Default_Length_Conversion","use_measured_length_type"
"421","None","Previous_Occurrence","1"
"22600","None","Default_TS_Relationship","generic_swimbladder_fish"
"425","None","Previous_Occurrence","1"
"22600","None","Specific_TS_Relationship","generic_swimbladder_fish"
"435","None","Max_Length","148"
"435","None","Max_Weight","19.27"
"435","None","Previous_Occurrence","1"
"22600","None","Primary_Length_Type","standard_length"
"22600","None","Secondary_Length_Type","fork_length"
"440","None","Max_Length","173"
"440","None","Max_Weight","45"
"440","None","Previous_Occurrence","1"
"22600","None","Default_Length_Conversion","myctophid_length_conversions"
"445","None","Previous_Occurrence","1"
"22601","None","Default_TS_Relationship","generic_swimbladder_fish"
"450","None","Previous_Occurrence","1"
"22601","None","Specific_TS_Relationship","generic_swimbladder_fish"
"455","None","Max_Length","75"
"455","None","Max_Weight","2.716"
"455","None","Previous_Occurrence","1"
"22601","None","Primary_Length_Type","standard_length"
"460","None","Max_Length","91"
"460","None","Max_Weight","10.92"
"460","None","Previous_Occurrence","1"
"22601","None","Secondary_Length_Type","fork_length"
"22601","None","Default_Length_Conversion","myctophid_length_conversions"
"471","None","Max_Length","137"
"471","None","Max_Weight","18.1"
"471","None","Previous_Occurrence","1"
"22602","None","Default_TS_Relationship","generic_swimbladder_fish"
"472","None","Max_Length","161"
"472","None","Max_Weight","36.18"
"472","None","Previous_Occurrence","1"
"22602","None","Specific_TS_Relationship","generic_swimbladder_fish"
"475","None","Max_Length","102"
"475","None","Max_Weight","5.1"
"475","None","Previous_Occurrence","1"
"22602","None","Primary_Length_Type","standard_length"
"480","None","Max_Length","129"
"480","None","Max_Weight","12.77"
"480","None","Previous_Occurrence","1"
"22602","None","Secondary_Length_Type","fork_length"
"485","None","Max_Length","92"
"485","None","Max_Weight","4.106"
"485","None","Previous_Occurrence","1"
"22602","None","Default_Length_Conversion","myctophid_length_conversions"
"22603","None","Default_TS_Relationship","generic_swimbladder_fish"
"495","None","Max_Length","79"
"495","None","Max_Weight","2.778"
"495","None","Previous_Occurrence","1"
"22603","None","Specific_TS_Relationship","generic_swimbladder_fish"
"610","None","Previous_Occurrence","1"
"22603","None","Primary_Length_Type","standard_length"
"710","None","Max_Length","58"
"710","None","Max_Weight","0.916"
"710","None","Previous_Occurrence","1"
"711","None","Previous_Occurrence","1"
"10000","None","Previous_Occurrence","1"
"10001","None","Plankton_Species","1"
"10001","None","Previous_Occurrence","1"
"10002","None","Plankton_Species","1"
"10002","None","Previous_Occurrence","1"
"10008","None","Previous_Occurrence","1"
"10010","None","Max_Length","30"
"10010","None","Max_Weight","0.308"
"10010","None","Previous_Occurrence","1"
"10020","None","Previous_Occurrence","1"
"10041","None","Previous_Occurrence","1"
"10050","None","Previous_Occurrence","1"
"10060","None","Previous_Occurrence","1"
"10110","None","Max_Length","88"
"10110","None","Max_Weight","8.095"
"10110","None","Previous_Occurrence","1"
"10112","None","Max_Length","87"
"10112","None","Max_Weight","8.26"
"10112","None","Previous_Occurrence","1"
"10115","None","Max_Length","106"
"10115","None","Max_Weight","13.555"
"10115","None","Previous_Occurrence","1"
"10120","None","Max_Weight","29.275"
"10120","None","Previous_Occurrence","1"
"10122","None","Previous_Occurrence","1"
"10130","None","Max_Length","56"
"10130","None","Max_Weight","1.978"
"10130","None","Previous_Occurrence","1"
"10140","None","Previous_Occurrence","1"
"10150","None","Max_Length","34"
"10150","None","Max_Weight","0.228"
"10150","None","Previous_Occurrence","1"
"10160","None","Max_Length","58"
"10160","None","Max_Weight","2.842"
"10160","None","Previous_Occurrence","1"
"22603","None","Secondary_Length_Type","fork_length"
"10170","None","Max_Length","59"
"10170","None","Max_Weight","2.3"
"10170","None","Previous_Occurrence","1"
"22609","None","Specific_TS_Relationship","generic_swimbladder_fish"
"10180","None","Max_Length","66"
"10180","None","Max_Weight","3.578"
"10180","None","Previous_Occurrence","1"
"22603","None","Default_Length_Conversion","myctophid_length_conversions"
"10190","None","Max_Length","43"
"10190","None","Max_Weight","1.046"
"10190","None","Previous_Occurrence","1"
"22609","None","Default_TS_Relationship","generic_swimbladder_fish"
"10200","None","Max_Length","64"
"10200","None","Max_Weight","2.536"
"10200","None","Previous_Occurrence","1"
"22609","None","Primary_Length_Type","standard_length"
"22609","None","Secondary_Length_Type","fork_length"
"10210","None","Max_Length","47"
"10210","None","Max_Weight","1.536"
"10210","None","Previous_Occurrence","1"
"22609","None","Default_Length_Conversion","myctophid_length_conversions"
"10211","None","Max_Length","35"
"10211","None","Max_Weight","0.396"
"10211","None","Previous_Occurrence","1"
"22610","None","Default_TS_Relationship","generic_swimbladder_fish"
"10212","None","Previous_Occurrence","1"
"22610","None","Specific_TS_Relationship","generic_swimbladder_fish"
"10220","None","Max_Length","64"
"10220","None","Max_Weight","3.868"
"10220","None","Previous_Occurrence","1"
"22610","None","Primary_Length_Type","standard_length"
"22610","None","Secondary_Length_Type","fork_length"
"22610","None","Default_Length_Conversion","myctophid_length_conversions"
"10250","None","Max_Length","51"
"10250","None","Max_Weight","1.828"
"10250","None","Previous_Occurrence","1"
"22620","None","Default_TS_Relationship","generic_swimbladder_fish"
"10260","None","Max_Length","44"
"10260","None","Previous_Occurrence","1"
"22620","None","Specific_TS_Relationship","generic_swimbladder_fish"
"10261","None","Max_Length","60"
"10261","None","Max_Weight","3.372"
"10261","None","Previous_Occurrence","1"
"22620","None","Primary_Length_Type","standard_length"
"10262","None","Max_Length","59"
"10262","None","Max_Weight","3.818"
"10262","None","Previous_Occurrence","1"
"22620","None","Secondary_Length_Type","fork_length"
"10270","None","Max_Length","48"
"10270","None","Max_Weight","1.197"
"10270","None","Previous_Occurrence","1"
"22620","None","Default_Length_Conversion","myctophid_length_conversions"
"10280","None","Previous_Occurrence","1"
"22623","None","Default_TS_Relationship","generic_swimbladder_fish"
"10281","None","Previous_Occurrence","1"
"22623","None","Specific_TS_Relationship","generic_swimbladder_fish"
"10285","None","Max_Length","62"
"10285","None","Max_Weight","3.452"
"10285","None","Previous_Occurrence","1"
"22623","None","Primary_Length_Type","standard_length"
"22623","None","Secondary_Length_Type","fork_length"
"10295","None","Previous_Occurrence","1"
"22623","None","Default_Length_Conversion","myctophid_length_conversions"
"10400","None","Previous_Occurrence","1"
"22624","None","Default_TS_Relationship","generic_swimbladder_fish"
"20000","None","Previous_Occurrence","1"
"22624","None","Specific_TS_Relationship","generic_swimbladder_fish"
"20001","None","Previous_Occurrence","1"
"22624","None","Primary_Length_Type","standard_length"
"20002","None","Previous_Occurrence","1"
"22624","None","Secondary_Length_Type","fork_length"
"22624","None","Default_Length_Conversion","myctophid_length_conversions"
"20005","None","Previous_Occurrence","1"
"22625","None","Default_TS_Relationship","generic_swimbladder_fish"
"20006","None","Previous_Occurrence","1"
"22625","None","Specific_TS_Relationship","generic_swimbladder_fish"
"20015","None","Previous_Occurrence","1"
"22625","None","Primary_Length_Type","standard_length"
"22625","None","Secondary_Length_Type","fork_length"
"20020","None","Previous_Occurrence","1"
"22625","None","Default_Length_Conversion","myctophid_length_conversions"
"20021","None","Previous_Occurrence","1"
"22630","None","Default_TS_Relationship","generic_swimbladder_fish"
"20022","None","Previous_Occurrence","1"
"22630","None","Specific_TS_Relationship","generic_swimbladder_fish"
"22630","None","Primary_Length_Type","standard_length"
"20034","None","Previous_Occurrence","1"
"22630","None","Secondary_Length_Type","fork_length"
"20035","None","Previous_Occurrence","1"
"22630","None","Default_Length_Conversion","myctophid_length_conversions"
"20036","None","Previous_Occurrence","1"
"22640","None","Default_TS_Relationship","generic_swimbladder_fish"
"20037","None","Previous_Occurrence","1"
"22640","None","Specific_TS_Relationship","generic_swimbladder_fish"
"20038","None","Previous_Occurrence","1"
"22640","None","Primary_Length_Type","standard_length"
"22640","None","Secondary_Length_Type","fork_length"
"20040","None","Previous_Occurrence","1"
"22640","None","Default_Length_Conversion","myctophid_length_conversions"
"22642","None","Default_TS_Relationship","generic_swimbladder_fish"
"20050","None","Previous_Occurrence","1"
"22642","None","Specific_TS_Relationship","generic_swimbladder_fish"
"20051","None","Previous_Occurrence","1"
"22642","None","Primary_Length_Type","standard_length"
"20055","None","Previous_Occurrence","1"
"22642","None","Secondary_Length_Type","fork_length"
"20060","None","Previous_Occurrence","1"
"22642","None","Default_Length_Conversion","myctophid_length_conversions"
"20061","None","Previous_Occurrence","1"
"22647","None","Default_TS_Relationship","generic_swimbladder_fish"
"20071","None","Previous_Occurrence","1"
"22647","None","Specific_TS_Relationship","generic_swimbladder_fish"
"22647","None","Primary_Length_Type","standard_length"
"22647","None","Secondary_Length_Type","fork_length"
"22647","None","Default_Length_Conversion","myctophid_length_conversions"
"22648","None","Default_TS_Relationship","generic_swimbladder_fish"
"22648","None","Specific_TS_Relationship","generic_swimbladder_fish"
"22648","None","Primary_Length_Type","standard_length"
"22648","None","Secondary_Length_Type","fork_length"
"20179","None","Max_Length","31"
"20179","None","Max_Weight","0.232"
"20179","None","Previous_Occurrence","1"
"22648","None","Default_Length_Conversion","myctophid_length_conversions"
"22649","None","Default_TS_Relationship","generic_swimbladder_fish"
"20202","None","Max_Weight","0.108"
"20202","None","Previous_Occurrence","1"
"22649","None","Specific_TS_Relationship","generic_swimbladder_fish"
"20320","None","Previous_Occurrence","1"
"22649","None","Primary_Length_Type","standard_length"
"20322","None","Max_Length","103"
"20322","None","Max_Weight","9.8"
"20322","None","Previous_Occurrence","1"
"22649","None","Secondary_Length_Type","fork_length"
"20420","None","Previous_Occurrence","1"
"22649","None","Default_Length_Conversion","myctophid_length_conversions"
"20510","None","Max_Length","95"
"20510","None","Max_Weight","9.485"
"20510","None","Previous_Occurrence","1"
"22650","None","Default_TS_Relationship","generic_swimbladder_fish"
"22650","None","Specific_TS_Relationship","generic_swimbladder_fish"
"20571","None","Previous_Occurrence","1"
"22650","None","Primary_Length_Type","standard_length"
"20572","None","Previous_Occurrence","1"
"22650","None","Secondary_Length_Type","fork_length"
"20573","None","Previous_Occurrence","1"
"22650","None","Default_Length_Conversion","myctophid_length_conversions"
"20575","None","Previous_Occurrence","1"
"22651","None","Default_TS_Relationship","generic_swimbladder_fish"
"20610","None","Previous_Occurrence","1"
"22651","None","Specific_TS_Relationship","generic_swimbladder_fish"
"20614","None","Previous_Occurrence","1"
"20615","None","Previous_Occurrence","1"
"20619","None","Previous_Occurrence","1"
"20620","None","Previous_Occurrence","1"
"20622","None","Previous_Occurrence","1"
"20624","None","Previous_Occurrence","1"
"20660","None","Previous_Occurrence","1"
"20662","None","Previous_Occurrence","1"
"20700","None","Previous_Occurrence","1"
"20702","None","Previous_Occurrence","1"
"20712","None","Previous_Occurrence","1"
"20720","None","Previous_Occurrence","1"
"20801","None","Max_Length","26"
"20801","None","Max_Weight","0.19"
"20801","None","Previous_Occurrence","1"
"20901","None","Previous_Occurrence","1"
"21770","None","Specific_TS_Relationship","generic_fish_no_swimbladder"
"21770","None","Primary_Length_Type","total_length"
"20952","None","Previous_Occurrence","1"
"21770","None","Default_Length_Conversion","use_measured_length_type"
"21770","None","Secondary_Length_Type","fork_length"
"21800","None","Default_TS_Relationship","generic_swimbladder_fish"
"21800","None","Specific_TS_Relationship","generic_swimbladder_fish"
"21800","None","Primary_Length_Type","total_length"
"21800","None","Secondary_Length_Type","fork_length"
"21000","None","Previous_Occurrence","1"
"21800","None","Default_Length_Conversion","use_measured_length_type"
"21010","None","Previous_Occurrence","1"
"21805","None","Default_TS_Relationship","generic_swimbladder_fish"
"21805","None","Specific_TS_Relationship","generic_swimbladder_fish"
"21805","None","Primary_Length_Type","total_length"
"21110","None","Max_Length","36"
"21110","None","Max_Weight","0.6"
"21110","None","Previous_Occurrence","1"
"21805","None","Secondary_Length_Type","fork_length"
"21120","None","Previous_Occurrence","1"
"21805","None","Default_Length_Conversion","use_measured_length_type"
"21130","None","Max_Length","24"
"21130","None","Max_Weight","0.148"
"21130","None","Previous_Occurrence","1"
"21810","None","Default_TS_Relationship","generic_swimbladder_fish"
"21810","None","Specific_TS_Relationship","generic_swimbladder_fish"
"21200","None","Previous_Occurrence","1"
"21810","None","Primary_Length_Type","total_length"
"21201","None","Previous_Occurrence","1"
"21810","None","Secondary_Length_Type","fork_length"
"21810","None","Default_Length_Conversion","use_measured_length_type"
"21204","None","Previous_Occurrence","1"
"21811","None","Default_TS_Relationship","generic_swimbladder_fish"
"21210","None","Previous_Occurrence","1"
"21811","None","Specific_TS_Relationship","generic_swimbladder_fish"
"21220","None","Max_Length","29"
"21220","None","Max_Weight","2.67"
"21220","None","Previous_Occurrence","1"
"21811","None","Primary_Length_Type","total_length"
"21230","None","Max_Length","67"
"21230","None","Max_Weight","30.9"
"21230","None","Previous_Occurrence","1"
"21811","None","Secondary_Length_Type","fork_length"
"21232","None","Max_Length","16"
"21232","None","Max_Weight","0.472"
"21232","None","Previous_Occurrence","1"
"21811","None","Default_Length_Conversion","use_measured_length_type"
"21812","None","Default_TS_Relationship","generic_swimbladder_fish"
"21239","None","Previous_Occurrence","1"
"21812","None","Specific_TS_Relationship","generic_swimbladder_fish"
"21812","None","Primary_Length_Type","total_length"
"21300","None","Previous_Occurrence","1"
"21812","None","Secondary_Length_Type","fork_length"
"21305","None","Previous_Occurrence","1"
"21812","None","Default_Length_Conversion","use_measured_length_type"
"21813","None","Default_TS_Relationship","generic_swimbladder_fish"
"21308","None","Previous_Occurrence","1"
"21813","None","Specific_TS_Relationship","generic_swimbladder_fish"
"21309","None","Previous_Occurrence","1"
"21813","None","Primary_Length_Type","total_length"
"21310","None","Previous_Occurrence","1"
"21813","None","Secondary_Length_Type","fork_length"
"21311","None","Previous_Occurrence","1"
"21813","None","Default_Length_Conversion","use_measured_length_type"
"21312","None","Previous_Occurrence","1"
"21815","None","Default_TS_Relationship","generic_swimbladder_fish"
"21313","None","Previous_Occurrence","1"
"21815","None","Specific_TS_Relationship","generic_swimbladder_fish"
"21314","None","Previous_Occurrence","1"
"21815","None","Primary_Length_Type","total_length"
"21815","None","Secondary_Length_Type","fork_length"
"21316","None","Max_Length","25"
"21316","None","Max_Weight","0.182"
"21316","None","Previous_Occurrence","1"
"21815","None","Default_Length_Conversion","use_measured_length_type"
"21818","None","Default_TS_Relationship","generic_swimbladder_fish"
"21320","None","Previous_Occurrence","1"
"21818","None","Specific_TS_Relationship","generic_swimbladder_fish"
"21818","None","Primary_Length_Type","total_length"
"21818","None","Secondary_Length_Type","fork_length"
"21330","None","Previous_Occurrence","1"
"21818","None","Default_Length_Conversion","use_measured_length_type"
"21331","None","Previous_Occurrence","1"
"21820","None","Default_TS_Relationship","generic_swimbladder_fish"
"21332","None","Previous_Occurrence","1"
"21820","None","Specific_TS_Relationship","generic_swimbladder_fish"
"21333","None","Previous_Occurrence","1"
"21820","None","Primary_Length_Type","total_length"
"21820","None","Secondary_Length_Type","fork_length"
"21820","None","Default_Length_Conversion","use_measured_length_type"
"21822","None","Default_TS_Relationship","generic_swimbladder_fish"
"21337","None","Previous_Occurrence","1"
"21822","None","Specific_TS_Relationship","generic_swimbladder_fish"
"21822","None","Primary_Length_Type","total_length"
"21339","None","Previous_Occurrence","1"
"21822","None","Secondary_Length_Type","fork_length"
"21340","None","Previous_Occurrence","1"
"21822","None","Default_Length_Conversion","use_measured_length_type"
"21341","None","Max_Length","28"
"21341","None","Max_Weight","0.464"
"21341","None","Previous_Occurrence","1"
"21823","None","Default_TS_Relationship","generic_swimbladder_fish"
"21823","None","Specific_TS_Relationship","generic_swimbladder_fish"
"21823","None","Primary_Length_Type","total_length"
"21344","None","Previous_Occurrence","1"
"21823","None","Secondary_Length_Type","fork_length"
"21345","None","Previous_Occurrence","1"
"21823","None","Default_Length_Conversion","use_measured_length_type"
"21346","None","Previous_Occurrence","1"
"21824","None","Default_TS_Relationship","generic_swimbladder_fish"
"21347","None","Max_Length","50"
"21347","None","Max_Weight","2.09"
"21347","None","Previous_Occurrence","1"
"21824","None","Specific_TS_Relationship","generic_swimbladder_fish"
"21348","None","Previous_Occurrence","1"
"21824","None","Primary_Length_Type","total_length"
"21349","None","Previous_Occurrence","1"
"21824","None","Secondary_Length_Type","fork_length"
"21350","None","Previous_Occurrence","1"
"21824","None","Default_Length_Conversion","use_measured_length_type"
"21352","None","Max_Length","27"
"21352","None","Max_Weight","0.106"
"21352","None","Previous_Occurrence","1"
"21825","None","Default_TS_Relationship","generic_swimbladder_fish"
"21353","None","Previous_Occurrence","1"
"21825","None","Specific_TS_Relationship","generic_swimbladder_fish"
"21354","None","Max_Length","25"
"21354","None","Max_Weight","0.176"
"21354","None","Previous_Occurrence","1"
"21825","None","Primary_Length_Type","total_length"
"21355","None","Previous_Occurrence","1"
"21825","None","Secondary_Length_Type","fork_length"
"21356","None","Previous_Occurrence","1"
"21825","None","Default_Length_Conversion","use_measured_length_type"
"21827","None","Default_TS_Relationship","generic_swimbladder_fish"
"21360","None","Previous_Occurrence","1"
"21827","None","Specific_TS_Relationship","generic_swimbladder_fish"
"21827","None","Primary_Length_Type","total_length"
"21366","None","Previous_Occurrence","1"
"21368","None","Max_Length","58"
"21368","None","Max_Weight","3.35"
"21368","None","Previous_Occurrence","1"
"21370","None","Max_Length","79"
"21370","None","Max_Weight","9.33"
"21370","None","Previous_Occurrence","1"
"21371","None","Max_Length","71"
"21371","None","Max_Weight","5.522"
"21371","None","Previous_Occurrence","1"
"21375","None","Previous_Occurrence","1"
"21380","None","Previous_Occurrence","1"
"21383","None","Previous_Occurrence","1"
"21384","None","Previous_Occurrence","1"
"21386","None","Previous_Occurrence","1"
"21387","None","Previous_Occurrence","1"
"21388","None","Previous_Occurrence","1"
"21389","None","Previous_Occurrence","1"
"21390","None","Previous_Occurrence","1"
"21393","None","Previous_Occurrence","1"
"21394","None","Previous_Occurrence","1"
"21395","None","Max_Length","67"
"21395","None","Max_Weight","9.07"
"21395","None","Previous_Occurrence","1"
"21397","None","Previous_Occurrence","1"
"21405","None","Previous_Occurrence","1"
"21406","None","Previous_Occurrence","1"
"21415","None","Previous_Occurrence","1"
"21420","None","Max_Length","81"
"21420","None","Max_Weight","12.2"
"21420","None","Previous_Occurrence","1"
"21827","None","Secondary_Length_Type","fork_length"
"21421","None","Previous_Occurrence","1"
"21827","None","Default_Length_Conversion","use_measured_length_type"
"21422","None","Previous_Occurrence","1"
"21845","None","Specific_TS_Relationship","generic_swimbladder_fish"
"21423","None","Previous_Occurrence","1"
"21845","None","Default_TS_Relationship","generic_swimbladder_fish"
"21845","None","Primary_Length_Type","total_length"
"21437","None","Previous_Occurrence","1"
"21845","None","Secondary_Length_Type","fork_length"
"21438","None","Previous_Occurrence","1"
"21845","None","Default_Length_Conversion","use_measured_length_type"
"21439","None","Previous_Occurrence","1"
"21846","None","Default_TS_Relationship","generic_swimbladder_fish"
"21440","None","Previous_Occurrence","1"
"21846","None","Specific_TS_Relationship","generic_swimbladder_fish"
"21441","None","Previous_Occurrence","1"
"21846","None","Primary_Length_Type","total_length"
"21846","None","Secondary_Length_Type","fork_length"
"21444","None","Previous_Occurrence","1"
"21846","None","Default_Length_Conversion","use_measured_length_type"
"21847","None","Default_TS_Relationship","generic_swimbladder_fish"
"21446","None","Previous_Occurrence","1"
"21847","None","Specific_TS_Relationship","generic_swimbladder_fish"
"21447","None","Previous_Occurrence","1"
"21847","None","Primary_Length_Type","total_length"
"21847","None","Secondary_Length_Type","fork_length"
"21847","None","Default_Length_Conversion","use_measured_length_type"
"21900","None","Default_TS_Relationship","generic_fish_no_swimbladder"
"21506","None","Previous_Occurrence","1"
"21900","None","Specific_TS_Relationship","generic_fish_no_swimbladder"
"21510","None","Previous_Occurrence","1"
"21900","None","Primary_Length_Type","total_length"
"21515","None","Previous_Occurrence","1"
"21900","None","Secondary_Length_Type","fork_length"
"21521","None","Previous_Occurrence","1"
"21900","None","Default_Length_Conversion","use_measured_length_type"
"21522","None","Previous_Occurrence","1"
"21910","None","Default_TS_Relationship","generic_fish_no_swimbladder"
"21592","None","Max_Length","25"
"21592","None","Max_Weight","0.25"
"21592","None","Previous_Occurrence","1"
"21910","None","Specific_TS_Relationship","generic_fish_no_swimbladder"
"21910","None","Primary_Length_Type","total_length"
"21910","None","Secondary_Length_Type","fork_length"
"21910","None","Default_Length_Conversion","use_measured_length_type"
"21915","None","Default_TS_Relationship","generic_fish_no_swimbladder"
"21915","None","Specific_TS_Relationship","generic_fish_no_swimbladder"
"21915","None","Primary_Length_Type","total_length"
"21710","None","Max_Length","26"
"21710","None","Max_Weight","0.15"
"21710","None","Previous_Occurrence","1"
"21915","None","Secondary_Length_Type","fork_length"
"21720","None","Max_Length","115"
"21720","None","Max_Weight","20.7"
"21720","None","Previous_Occurrence","1"
"21915","None","Default_Length_Conversion","use_measured_length_type"
"21725","None","Max_Length","26"
"21725","None","Max_Weight","0.104"
"21725","None","Previous_Occurrence","1"
"21921","None","Default_TS_Relationship","generic_fish_no_swimbladder"
"21726","None","Previous_Occurrence","1"
"21921","None","Specific_TS_Relationship","generic_fish_no_swimbladder"
"21727","None","Previous_Occurrence","1"
"21921","None","Primary_Length_Type","total_length"
"21731","None","Max_Length","58"
"21731","None","Max_Weight","1.52"
"21731","None","Previous_Occurrence","1"
"21921","None","Secondary_Length_Type","fork_length"
"21732","None","Previous_Occurrence","1"
"21921","None","Default_Length_Conversion","use_measured_length_type"
"21930","None","Default_TS_Relationship","generic_fish_no_swimbladder"
"21735","None","Max_Length","37"
"21735","None","Max_Weight","0.36"
"21735","None","Previous_Occurrence","1"
"21930","None","Specific_TS_Relationship","generic_fish_no_swimbladder"
"21930","None","Primary_Length_Type","total_length"
"21930","None","Secondary_Length_Type","fork_length"
"21930","None","Default_Length_Conversion","use_measured_length_type"
"21931","None","Default_TS_Relationship","generic_fish_no_swimbladder"
"21931","None","Specific_TS_Relationship","generic_fish_no_swimbladder"
"21931","None","Primary_Length_Type","total_length"
"21931","None","Secondary_Length_Type","fork_length"
"21931","None","Default_Length_Conversion","use_measured_length_type"
"21932","None","Default_TS_Relationship","generic_fish_no_swimbladder"
"21740","Adult","Maturity_Table","3"
"21740","None","Maturity_Table","3"
"21740","Adult","Max_Length","85"
"21740","Age 1","Max_Length","50"
"21740","Age 2","Max_Length","50"
"21740","None","Max_Length","85"
"21740","Adult","Max_Weight","7"
"21740","None","Max_Weight","7"
"21740","Adult","Min_Length","10"
"21740","Age 1","Min_Length","5"
"21740","Age 2","Min_Length","10"
"21740","None","Min_Length","10"
"21740","Adult","Previous_Occurrence","1"
"21740","None","Previous_Occurrence","1"
"21744","None","Max_Length","10"
"21932","None","Specific_TS_Relationship","generic_fish_no_swimbladder"
"21752","None","Previous_Occurrence","1"
"21932","None","Primary_Length_Type","total_length"
"21753","None","Previous_Occurrence","1"
"21932","None","Secondary_Length_Type","fork_length"
"21932","None","Default_Length_Conversion","use_measured_length_type"
"21934","None","Default_TS_Relationship","generic_fish_no_swimbladder"
"21800","None","Previous_Occurrence","1"
"21934","None","Specific_TS_Relationship","generic_fish_no_swimbladder"
"21805","None","Previous_Occurrence","1"
"21934","None","Primary_Length_Type","total_length"
"21810","None","Previous_Occurrence","1"
"21934","None","Secondary_Length_Type","fork_length"
"21934","None","Default_Length_Conversion","use_measured_length_type"
"21935","None","Default_TS_Relationship","generic_fish_no_swimbladder"
"21935","None","Specific_TS_Relationship","generic_fish_no_swimbladder"
"21935","None","Primary_Length_Type","total_length"
"21935","None","Secondary_Length_Type","fork_length"
"21820","None","Previous_Occurrence","1"
"21935","None","Default_Length_Conversion","use_measured_length_type"
"21822","None","Previous_Occurrence","1"
"21936","None","Default_TS_Relationship","generic_swimbladder_fish"
"21936","None","Specific_TS_Relationship","generic_swimbladder_fish"
"21936","None","Primary_Length_Type","total_length"
"21936","None","Secondary_Length_Type","fork_length"
"21936","None","Default_Length_Conversion","use_measured_length_type"
"21937","None","Default_TS_Relationship","generic_swimbladder_fish"
"21937","None","Specific_TS_Relationship","generic_swimbladder_fish"
"21847","None","Previous_Occurrence","1"
"21937","None","Primary_Length_Type","total_length"
"21900","None","Previous_Occurrence","1"
"21937","None","Secondary_Length_Type","fork_length"
"21910","None","Max_Length","118"
"21910","None","Max_Weight","17.5"
"21910","None","Previous_Occurrence","1"
"21937","None","Default_Length_Conversion","use_measured_length_type"
"22010","None","Default_TS_Relationship","generic_fish_no_swimbladder"
"21921","None","Max_Length","53"
"21921","None","Max_Weight","2.21"
"21921","None","Previous_Occurrence","1"
"22010","None","Specific_TS_Relationship","generic_fish_no_swimbladder"
"21930","None","Previous_Occurrence","1"
"22010","None","Primary_Length_Type","total_length"
"21932","None","Max_Length","25"
"21932","None","Max_Weight","0.18"
"21932","None","Previous_Occurrence","1"
"21935","None","Max_Length","48"
"21935","None","Max_Weight","1.63"
"21935","None","Previous_Occurrence","1"
"21936","None","Previous_Occurrence","1"
"21937","None","Previous_Occurrence","1"
"22010","None","Previous_Occurrence","1"
"22110","None","Previous_Occurrence","1"
"22169","None","Previous_Occurrence","1"
"22170","None","Previous_Occurrence","1"
"22175","None","Previous_Occurrence","1"
"22176","None","Previous_Occurrence","1"
"22178","None","Previous_Occurrence","1"
"22183","None","Previous_Occurrence","1"
"22190","None","Previous_Occurrence","1"
"22200","None","Previous_Occurrence","1"
"22201","None","Previous_Occurrence","1"
"22204","None","Previous_Occurrence","1"
"22205","None","Previous_Occurrence","1"
"22206","None","Previous_Occurrence","1"
"22208","None","Previous_Occurrence","1"
"22010","None","Default_Length_Conversion","use_measured_length_type"
"22110","None","Default_TS_Relationship","generic_fish_no_swimbladder"
"22010","None","Secondary_Length_Type","fork_length"
"72755","None","Previous_Occurrence","1"
"22110","None","Specific_TS_Relationship","generic_fish_no_swimbladder"
"22110","None","Primary_Length_Type","total_length"
"22110","None","Secondary_Length_Type","fork_length"
"22110","None","Default_Length_Conversion","use_measured_length_type"
"22121","None","Default_TS_Relationship","generic_swimbladder_fish"
"22121","None","Specific_TS_Relationship","generic_swimbladder_fish"
"22121","None","Primary_Length_Type","total_length"
"22121","None","Secondary_Length_Type","fork_length"
"22121","None","Default_Length_Conversion","use_measured_length_type"
"22169","None","Default_TS_Relationship","non_scaling"
"72765","None","Previous_Occurrence","1"
"22169","None","Specific_TS_Relationship","non_scaling"
"22169","None","Primary_Length_Type","total_length"
"72789","None","Previous_Occurrence","1"
"22169","None","Secondary_Length_Type","total_length"
"72790","None","Previous_Occurrence","1"
"22169","None","Default_Length_Conversion","use_measured_length_type"
"72791","None","Previous_Occurrence","1"
"22170","None","Default_TS_Relationship","generic_fish_no_swimbladder"
"22170","None","Specific_TS_Relationship","generic_fish_no_swimbladder"
"22170","None","Primary_Length_Type","total_length"
"22170","None","Secondary_Length_Type","fork_length"
"72802","None","Previous_Occurrence","1"
"22170","None","Default_Length_Conversion","use_measured_length_type"
"22173","None","Default_TS_Relationship","generic_fish_no_swimbladder"
"22173","None","Specific_TS_Relationship","generic_fish_no_swimbladder"
"22173","None","Primary_Length_Type","total_length"
"72806","None","Previous_Occurrence","1"
"22173","None","Secondary_Length_Type","fork_length"
"22173","None","Default_Length_Conversion","use_measured_length_type"
"22175","None","Default_TS_Relationship","generic_fish_no_swimbladder"
"22175","None","Specific_TS_Relationship","generic_fish_no_swimbladder"
"22175","None","Primary_Length_Type","total_length"
"74000","None","Previous_Occurrence","1"
"22175","None","Secondary_Length_Type","fork_length"
"22175","None","Default_Length_Conversion","use_measured_length_type"
"74050","None","Previous_Occurrence","1"
"22176","None","Default_TS_Relationship","generic_fish_no_swimbladder"
"74060","None","Previous_Occurrence","1"
"22176","None","Specific_TS_Relationship","generic_fish_no_swimbladder"
"74065","None","Previous_Occurrence","1"
"22176","None","Primary_Length_Type","total_length"
"22176","None","Secondary_Length_Type","fork_length"
"74080","None","Previous_Occurrence","1"
"22176","None","Default_Length_Conversion","use_measured_length_type"
"74100","None","Previous_Occurrence","1"
"22177","None","Default_TS_Relationship","generic_fish_no_swimbladder"
"22177","None","Specific_TS_Relationship","generic_fish_no_swimbladder"
"74104","None","Previous_Occurrence","1"
"22177","None","Primary_Length_Type","total_length"
"74105","None","Previous_Occurrence","1"
"22177","None","Secondary_Length_Type","fork_length"
"74106","None","Previous_Occurrence","1"
"22177","None","Default_Length_Conversion","use_measured_length_type"
"74107","None","Previous_Occurrence","1"
"22178","None","Default_TS_Relationship","generic_fish_no_swimbladder"
"22178","None","Specific_TS_Relationship","generic_fish_no_swimbladder"
"74112","None","Previous_Occurrence","1"
"22178","None","Primary_Length_Type","total_length"
"74120","None","Previous_Occurrence","1"
"22178","None","Secondary_Length_Type","fork_length"
"74130","None","Previous_Occurrence","1"
"22178","None","Default_Length_Conversion","use_measured_length_type"
"22179","None","Default_TS_Relationship","generic_fish_no_swimbladder"
"74171","None","Previous_Occurrence","1"
"22179","None","Specific_TS_Relationship","generic_fish_no_swimbladder"
"22179","None","Primary_Length_Type","total_length"
"74176","None","Previous_Occurrence","1"
"22179","None","Secondary_Length_Type","fork_length"
"22179","None","Default_Length_Conversion","use_measured_length_type"
"74301","None","Previous_Occurrence","1"
"22180","None","Default_TS_Relationship","generic_fish_no_swimbladder"
"74310","None","Previous_Occurrence","1"
"22180","None","Specific_TS_Relationship","generic_fish_no_swimbladder"
"74311","None","Previous_Occurrence","1"
"22180","None","Primary_Length_Type","total_length"
"74320","None","Previous_Occurrence","1"
"22180","None","Secondary_Length_Type","fork_length"
"22180","None","Default_Length_Conversion","use_measured_length_type"
"22182","None","Default_TS_Relationship","generic_fish_no_swimbladder"
"22182","None","Specific_TS_Relationship","generic_fish_no_swimbladder"
"22182","None","Primary_Length_Type","total_length"
"74342","None","Previous_Occurrence","1"
"22182","None","Secondary_Length_Type","fork_length"
"22182","None","Default_Length_Conversion","use_measured_length_type"
"74414","None","Previous_Occurrence","1"
"22183","None","Default_TS_Relationship","generic_fish_no_swimbladder"
"22183","None","Specific_TS_Relationship","generic_fish_no_swimbladder"
"74416","None","Previous_Occurrence","1"
"22183","None","Primary_Length_Type","total_length"
"22183","None","Secondary_Length_Type","fork_length"
"74419","None","Previous_Occurrence","1"
"22183","None","Default_Length_Conversion","use_measured_length_type"
"22184","None","Default_TS_Relationship","generic_fish_no_swimbladder"
"22184","None","Specific_TS_Relationship","generic_fish_no_swimbladder"
"22184","None","Primary_Length_Type","total_length"
"74435","None","Previous_Occurrence","1"
"22184","None","Secondary_Length_Type","fork_length"
"22184","None","Default_Length_Conversion","use_measured_length_type"
"74439","None","Previous_Occurrence","1"
"22190","None","Default_TS_Relationship","generic_fish_no_swimbladder"
"22190","None","Specific_TS_Relationship","generic_fish_no_swimbladder"
"22190","None","Primary_Length_Type","total_length"
"74482","None","Previous_Occurrence","1"
"22190","None","Secondary_Length_Type","fork_length"
"22190","None","Default_Length_Conversion","use_measured_length_type"
"22200","None","Default_TS_Relationship","generic_fish_no_swimbladder"
"22200","None","Specific_TS_Relationship","generic_fish_no_swimbladder"
"74561","None","Previous_Occurrence","1"
"22200","None","Primary_Length_Type","total_length"
"74562","None","Previous_Occurrence","1"
"22200","None","Secondary_Length_Type","fork_length"
"22200","None","Default_Length_Conversion","use_measured_length_type"
"22201","None","Default_TS_Relationship","generic_fish_no_swimbladder"
"74639","None","Previous_Occurrence","1"
"22201","None","Specific_TS_Relationship","generic_fish_no_swimbladder"
"74640","None","Previous_Occurrence","1"
"22201","None","Primary_Length_Type","total_length"
"22201","None","Secondary_Length_Type","fork_length"
"22201","None","Default_Length_Conversion","use_measured_length_type"
"22202","None","Default_TS_Relationship","generic_fish_no_swimbladder"
"22202","None","Specific_TS_Relationship","generic_fish_no_swimbladder"
"22202","None","Primary_Length_Type","total_length"
"22202","None","Secondary_Length_Type","fork_length"
"22202","None","Default_Length_Conversion","use_measured_length_type"
"74655","None","Previous_Occurrence","1"
"22203","None","Default_TS_Relationship","generic_fish_no_swimbladder"
"74656","None","Previous_Occurrence","1"
"74980","None","Previous_Occurrence","1"
"74981","None","Previous_Occurrence","1"
"74982","None","Previous_Occurrence","1"
"74983","None","Previous_Occurrence","1"
"74985","None","Previous_Occurrence","1"
"75021","None","Previous_Occurrence","1"
"75030","None","Previous_Occurrence","1"
"75110","None","Previous_Occurrence","1"
"75111","None","Previous_Occurrence","1"
"75201","None","Previous_Occurrence","1"
"75205","None","Previous_Occurrence","1"
"75240","None","Previous_Occurrence","1"
"75241","None","Previous_Occurrence","1"
"75247","None","Previous_Occurrence","1"
"75264","None","Previous_Occurrence","1"
"75266","None","Previous_Occurrence","1"
"75267","None","Previous_Occurrence","1"
"75284","None","Previous_Occurrence","1"
"75285","None","Previous_Occurrence","1"
"75286","None","Previous_Occurrence","1"
"75330","None","Previous_Occurrence","1"
"22203","None","Specific_TS_Relationship","generic_fish_no_swimbladder"
"22203","None","Primary_Length_Type","total_length"
"23041","None","Max_Length","19"
"23041","None","Max_Weight","0.05"
"23041","None","Previous_Occurrence","1"
"22203","None","Secondary_Length_Type","fork_length"
"23055","None","Previous_Occurrence","1"
"22203","None","Default_Length_Conversion","use_measured_length_type"
"22204","None","Default_TS_Relationship","generic_fish_no_swimbladder"
"23061","None","Previous_Occurrence","1"
"22204","None","Specific_TS_Relationship","generic_fish_no_swimbladder"
"22204","None","Primary_Length_Type","total_length"
"23201","None","Previous_Occurrence","1"
"22204","None","Secondary_Length_Type","fork_length"
"23202","None","Previous_Occurrence","1"
"22204","None","Default_Length_Conversion","use_measured_length_type"
"23220","None","Max_Length","82"
"23220","None","Max_Weight","8.32"
"23220","None","Previous_Occurrence","1"
"22205","None","Default_TS_Relationship","generic_fish_no_swimbladder"
"23225","None","Max_Length","69"
"23225","None","Max_Weight","4.492"
"23225","None","Previous_Occurrence","1"
"22205","None","Specific_TS_Relationship","generic_fish_no_swimbladder"
"23230","None","Max_Length","51"
"23230","None","Max_Weight","1.582"
"23230","None","Previous_Occurrence","1"
"22205","None","Primary_Length_Type","total_length"
"23235","None","Max_Length","75"
"23235","None","Max_Weight","5.8"
"23235","None","Previous_Occurrence","1"
"22205","None","Secondary_Length_Type","fork_length"
"23240","None","Max_Length","67"
"23240","None","Max_Weight","3.82"
"23240","None","Previous_Occurrence","1"
"22205","None","Default_Length_Conversion","use_measured_length_type"
"22206","None","Default_TS_Relationship","generic_fish_no_swimbladder"
"23252","None","Previous_Occurrence","1"
"22206","None","Specific_TS_Relationship","generic_fish_no_swimbladder"
"23260","None","Previous_Occurrence","1"
"22206","None","Primary_Length_Type","total_length"
"22206","None","Secondary_Length_Type","fork_length"
"23402","None","Max_Length","30"
"23402","None","Max_Weight","0.308"
"23402","None","Previous_Occurrence","1"
"22206","None","Default_Length_Conversion","use_measured_length_type"
"22207","None","Default_TS_Relationship","generic_fish_no_swimbladder"
"23524","None","Max_Length","39"
"23524","None","Max_Weight","0.812"
"23524","None","Previous_Occurrence","1"
"22207","None","Specific_TS_Relationship","generic_fish_no_swimbladder"
"23562","None","Previous_Occurrence","1"
"22207","None","Primary_Length_Type","total_length"
"22207","None","Secondary_Length_Type","fork_length"
"23602","None","Previous_Occurrence","1"
"22207","None","Default_Length_Conversion","use_measured_length_type"
"23603","None","Previous_Occurrence","1"
"22208","None","Default_TS_Relationship","generic_fish_no_swimbladder"
"22208","None","Specific_TS_Relationship","generic_fish_no_swimbladder"
"22208","None","Primary_Length_Type","total_length"
"23657","None","Previous_Occurrence","1"
"22208","None","Secondary_Length_Type","fork_length"
"23700","None","Previous_Occurrence","1"
"22208","None","Default_Length_Conversion","use_measured_length_type"
"23710","None","Previous_Occurrence","1"
"22209","None","Default_TS_Relationship","generic_fish_no_swimbladder"
"22209","None","Specific_TS_Relationship","generic_fish_no_swimbladder"
"23791","None","Previous_Occurrence","1"
"22209","None","Primary_Length_Type","total_length"
"23792","None","Previous_Occurrence","1"
"22209","None","Secondary_Length_Type","fork_length"
"23800","None","Previous_Occurrence","1"
"22209","None","Default_Length_Conversion","use_measured_length_type"
"23801","None","Previous_Occurrence","1"
"22210","None","Default_TS_Relationship","generic_fish_no_swimbladder"
"23802","None","Previous_Occurrence","1"
"22210","None","Specific_TS_Relationship","generic_fish_no_swimbladder"
"22210","None","Primary_Length_Type","total_length"
"23804","None","Previous_Occurrence","1"
"22210","None","Secondary_Length_Type","fork_length"
"23805","None","Previous_Occurrence","1"
"22210","None","Default_Length_Conversion","use_measured_length_type"
"23806","None","Previous_Occurrence","1"
"22211","None","Default_TS_Relationship","generic_fish_no_swimbladder"
"23807","None","Previous_Occurrence","1"
"22211","None","Specific_TS_Relationship","generic_fish_no_swimbladder"
"23808","None","Previous_Occurrence","1"
"22211","None","Primary_Length_Type","total_length"
"23809","None","Previous_Occurrence","1"
"22211","None","Secondary_Length_Type","fork_length"
"23836","None","Previous_Occurrence","1"
"22211","None","Default_Length_Conversion","use_measured_length_type"
"23840","None","Previous_Occurrence","1"
"22213","None","Default_TS_Relationship","generic_fish_no_swimbladder"
"23841","None","Previous_Occurrence","1"
"22213","None","Specific_TS_Relationship","generic_fish_no_swimbladder"
"23843","None","Previous_Occurrence","1"
"22213","None","Primary_Length_Type","total_length"
"23850","None","Previous_Occurrence","1"
"22213","None","Secondary_Length_Type","fork_length"
"22213","None","Default_Length_Conversion","use_measured_length_type"
"22214","None","Default_TS_Relationship","generic_fish_no_swimbladder"
"23862","None","Previous_Occurrence","1"
"22214","None","Specific_TS_Relationship","generic_fish_no_swimbladder"
"22214","None","Primary_Length_Type","total_length"
"22214","None","Secondary_Length_Type","fork_length"
"22214","None","Default_Length_Conversion","use_measured_length_type"
"23871","None","Previous_Occurrence","1"
"22215","None","Default_TS_Relationship","generic_fish_no_swimbladder"
"22215","None","Specific_TS_Relationship","generic_fish_no_swimbladder"
"23873","None","Previous_Occurrence","1"
"22215","None","Primary_Length_Type","total_length"
"23900","None","Previous_Occurrence","1"
"22215","None","Secondary_Length_Type","fork_length"
"23911","None","Previous_Occurrence","1"
"22215","None","Default_Length_Conversion","use_measured_length_type"
"23915","None","Previous_Occurrence","1"
"22216","None","Default_TS_Relationship","generic_fish_no_swimbladder"
"23932","None","Previous_Occurrence","1"
"22216","None","Specific_TS_Relationship","generic_fish_no_swimbladder"
"22216","None","Primary_Length_Type","total_length"
"23940","None","Previous_Occurrence","1"
"22216","None","Secondary_Length_Type","fork_length"
"23942","None","Previous_Occurrence","1"
"22216","None","Default_Length_Conversion","use_measured_length_type"
"22217","None","Default_TS_Relationship","generic_fish_no_swimbladder"
"22217","None","Specific_TS_Relationship","generic_fish_no_swimbladder"
"23945","None","Previous_Occurrence","1"
"22217","None","Primary_Length_Type","total_length"
"22217","None","Secondary_Length_Type","fork_length"
"23952","None","Previous_Occurrence","1"
"22217","None","Default_Length_Conversion","use_measured_length_type"
"22219","None","Default_TS_Relationship","generic_fish_no_swimbladder"
"22219","None","Specific_TS_Relationship","generic_fish_no_swimbladder"
"22219","None","Primary_Length_Type","total_length"
"23962","None","Previous_Occurrence","1"
"24001","None","Max_Length","90"
"24001","None","Max_Weight","7.94"
"24001","None","Previous_Occurrence","1"
"24100","None","Previous_Occurrence","1"
"24110","None","Max_Length","72"
"24110","None","Max_Weight","2.66"
"24110","None","Previous_Occurrence","1"
"24111","None","Previous_Occurrence","1"
"24114","None","Previous_Occurrence","1"
"24120","None","Previous_Occurrence","1"
"24130","None","Max_Length","43"
"24130","None","Max_Weight","0.174"
"24130","None","Previous_Occurrence","1"
"24140","None","Max_Length","44"
"24140","None","Max_Weight","0.346"
"24140","None","Previous_Occurrence","1"
"24150","None","Previous_Occurrence","1"
"24152","None","Max_Length","46"
"24152","None","Max_Weight","0.228"
"24152","None","Previous_Occurrence","1"
"24160","None","Previous_Occurrence","1"
"24170","None","Previous_Occurrence","1"
"24180","None","Previous_Occurrence","1"
"24184","None","Previous_Occurrence","1"
"24185","None","Previous_Occurrence","1"
"24186","None","Previous_Occurrence","1"
"24187","None","Max_Length","83"
"24187","None","Max_Weight","3.544"
"24187","None","Previous_Occurrence","1"
"24188","None","Previous_Occurrence","1"
"22219","None","Secondary_Length_Type","fork_length"
"24189","None","Previous_Occurrence","1"
"22220","None","Specific_TS_Relationship","generic_fish_no_swimbladder"
"24190","None","Max_Length","37"
"24190","None","Max_Weight","0.144"
"24190","None","Previous_Occurrence","1"
"22219","None","Default_Length_Conversion","use_measured_length_type"
"24191","None","Previous_Occurrence","1"
"22220","None","Default_TS_Relationship","generic_fish_no_swimbladder"
"22220","None","Primary_Length_Type","total_length"
"22220","None","Secondary_Length_Type","fork_length"
"22220","None","Default_Length_Conversion","use_measured_length_type"
"24200","None","Previous_Occurrence","1"
"22221","None","Default_TS_Relationship","generic_fish_no_swimbladder"
"24220","None","Previous_Occurrence","1"
"22221","None","Specific_TS_Relationship","generic_fish_no_swimbladder"
"24230","None","Previous_Occurrence","1"
"22221","None","Primary_Length_Type","total_length"
"24231","None","Previous_Occurrence","1"
"22221","None","Secondary_Length_Type","fork_length"
"22221","None","Default_Length_Conversion","use_measured_length_type"
"22222","None","Default_TS_Relationship","generic_fish_no_swimbladder"
"22222","None","Specific_TS_Relationship","generic_fish_no_swimbladder"
"22222","None","Primary_Length_Type","total_length"
"24394","None","Previous_Occurrence","1"
"22222","None","Secondary_Length_Type","fork_length"
"22222","None","Default_Length_Conversion","use_measured_length_type"
"22223","None","Default_TS_Relationship","generic_fish_no_swimbladder"
"22223","None","Specific_TS_Relationship","generic_fish_no_swimbladder"
"25120","None","Previous_Occurrence","1"
"22223","None","Primary_Length_Type","total_length"
"26050","None","Previous_Occurrence","1"
"22223","None","Secondary_Length_Type","fork_length"
"26053","None","Max_Length","26"
"26053","None","Max_Weight","0.136"
"26053","None","Previous_Occurrence","1"
"22223","None","Default_Length_Conversion","use_measured_length_type"
"22224","None","Default_TS_Relationship","generic_fish_no_swimbladder"
"22224","None","Specific_TS_Relationship","generic_fish_no_swimbladder"
"22224","None","Primary_Length_Type","total_length"
"27050","None","Previous_Occurrence","1"
"22224","None","Secondary_Length_Type","fork_length"
"27051","None","Previous_Occurrence","1"
"22224","None","Default_Length_Conversion","use_measured_length_type"
"28532","None","Previous_Occurrence","1"
"22225","None","Default_TS_Relationship","generic_fish_no_swimbladder"
"29990","None","Previous_Occurrence","1"
"22225","None","Specific_TS_Relationship","generic_fish_no_swimbladder"
"22225","None","Primary_Length_Type","total_length"
"29999","None","Previous_Occurrence","1"
"22225","None","Secondary_Length_Type","fork_length"
"22225","None","Default_Length_Conversion","use_measured_length_type"
"30010","None","Previous_Occurrence","1"
"22226","None","Default_TS_Relationship","generic_fish_no_swimbladder"
"30020","None","Max_Length","99"
"30020","None","Max_Weight","9.325"
"30020","None","Previous_Occurrence","1"
"22226","None","Specific_TS_Relationship","generic_fish_no_swimbladder"
"30025","None","Previous_Occurrence","1"
"22226","None","Primary_Length_Type","total_length"
"30030","None","Max_Length","37"
"30030","None","Max_Weight","0.668"
"30030","None","Previous_Occurrence","1"
"22226","None","Secondary_Length_Type","fork_length"
"22226","None","Default_Length_Conversion","use_measured_length_type"
"30040","None","Previous_Occurrence","1"
"22228","None","Default_TS_Relationship","generic_fish_no_swimbladder"
"30050","None","Max_Length","79"
"30050","None","Max_Weight","8.2"
"30050","None","Previous_Occurrence","1"
"22228","None","Specific_TS_Relationship","generic_fish_no_swimbladder"
"30051","None","Max_Length","79"
"30051","None","Max_Weight","8.2"
"30051","None","Previous_Occurrence","1"
"22228","None","Primary_Length_Type","total_length"
"30052","None","Max_Length","99"
"30052","None","Max_Weight","15"
"30052","None","Previous_Occurrence","1"
"22228","None","Secondary_Length_Type","fork_length"
"22228","None","Default_Length_Conversion","use_measured_length_type"
"22229","None","Default_TS_Relationship","generic_fish_no_swimbladder"
"30060","None","Max_Length","52"
"30060","None","Max_Weight","2.062"
"30060","None","Previous_Occurrence","1"
"22229","None","Specific_TS_Relationship","generic_fish_no_swimbladder"
"30080","None","Previous_Occurrence","1"
"22229","None","Primary_Length_Type","total_length"
"30090","None","Max_Length","39"
"30090","None","Max_Weight","1.026"
"30090","None","Previous_Occurrence","1"
"22229","None","Secondary_Length_Type","fork_length"
"30100","None","Max_Length","73"
"30100","None","Max_Weight","5.332"
"30100","None","Previous_Occurrence","1"
"22229","None","Default_Length_Conversion","use_measured_length_type"
"30110","None","Previous_Occurrence","1"
"22230","None","Default_TS_Relationship","generic_fish_no_swimbladder"
"30120","None","Previous_Occurrence","1"
"22230","None","Specific_TS_Relationship","generic_fish_no_swimbladder"
"30130","None","Previous_Occurrence","1"
"22230","None","Primary_Length_Type","total_length"
"30150","None","Previous_Occurrence","1"
"22230","None","Secondary_Length_Type","fork_length"
"30151","None","Max_Length","46"
"30151","None","Max_Weight","2.384"
"30151","None","Previous_Occurrence","1"
"22230","None","Default_Length_Conversion","use_measured_length_type"
"30152","None","Max_Length","53"
"30152","None","Max_Weight","2.982"
"30152","None","Previous_Occurrence","1"
"22231","None","Default_TS_Relationship","generic_fish_no_swimbladder"
"22231","None","Specific_TS_Relationship","generic_fish_no_swimbladder"
"30170","None","Max_Length","49"
"30170","None","Max_Weight","2.022"
"30170","None","Previous_Occurrence","1"
"22231","None","Primary_Length_Type","total_length"
"30180","None","Previous_Occurrence","1"
"22231","None","Secondary_Length_Type","fork_length"
"30190","None","Max_Length","38"
"30190","None","Max_Weight","1.016"
"30190","None","Previous_Occurrence","1"
"22231","None","Default_Length_Conversion","use_measured_length_type"
"30200","None","Max_Length","39"
"30200","None","Max_Weight","0.808"
"30200","None","Previous_Occurrence","1"
"22232","None","Default_TS_Relationship","generic_fish_no_swimbladder"
"30210","None","Previous_Occurrence","1"
"22232","None","Specific_TS_Relationship","generic_fish_no_swimbladder"
"30220","None","Max_Length","50"
"30220","None","Max_Weight","1.768"
"30220","None","Previous_Occurrence","1"
"22232","None","Primary_Length_Type","total_length"
"30230","None","Previous_Occurrence","1"
"30240","None","Max_Length","56"
"30240","None","Max_Weight","2.738"
"30240","None","Previous_Occurrence","1"
"30260","None","Max_Length","51"
"30260","None","Max_Weight","1.854"
"30260","None","Previous_Occurrence","1"
"30270","None","Max_Length","36"
"30270","None","Max_Weight","0.698"
"30270","None","Previous_Occurrence","1"
"30280","None","Previous_Occurrence","1"
"30290","None","Previous_Occurrence","1"
"30300","None","Previous_Occurrence","1"
"30320","None","Max_Length","45"
"30320","None","Max_Weight","2.052"
"30320","None","Previous_Occurrence","1"
"30330","None","Max_Length","60"
"30330","None","Max_Weight","4.348"
"30330","None","Previous_Occurrence","1"
"30340","None","Max_Length","58"
"30340","None","Max_Weight","3.452"
"30340","None","Previous_Occurrence","1"
"30350","None","Previous_Occurrence","1"
"30360","None","Previous_Occurrence","1"
"30380","None","Previous_Occurrence","1"
"30400","None","Max_Length","81"
"30400","None","Max_Weight","8.35"
"30400","None","Previous_Occurrence","1"
"30410","None","Max_Length","61"
"30410","None","Max_Weight","3.756"
"30410","None","Previous_Occurrence","1"
"30420","None","Max_Length","49"
"30420","None","Max_Weight","2.086"
"30420","None","Previous_Occurrence","1"
"30430","None","Max_Weight","1.786"
"30430","None","Previous_Occurrence","1"
"30460","None","Previous_Occurrence","1"
"30470","None","Max_Length","71"
"30470","None","Max_Weight","7.55"
"30470","None","Previous_Occurrence","1"
"30475","None","Max_Length","59"
"30475","None","Max_Weight","3.992"
"30475","None","Previous_Occurrence","1"
"30480","None","Previous_Occurrence","1"
"30490","None","Max_Length","31"
"30490","None","Max_Weight","0.478"
"30490","None","Previous_Occurrence","1"
"22232","None","Secondary_Length_Type","fork_length"
"30500","None","Max_Length","18"
"30500","None","Max_Weight","0.08"
"30500","None","Previous_Occurrence","1"
"22233","None","Specific_TS_Relationship","generic_fish_no_swimbladder"
"22232","None","Default_Length_Conversion","use_measured_length_type"
"30535","None","Max_Length","38"
"30535","None","Max_Weight","0.866"
"30535","None","Previous_Occurrence","1"
"22233","None","Default_TS_Relationship","generic_fish_no_swimbladder"
"22233","None","Primary_Length_Type","total_length"
"30550","None","Max_Length","21"
"30550","None","Max_Weight","0.114"
"30550","None","Previous_Occurrence","1"
"22233","None","Secondary_Length_Type","fork_length"
"30560","None","Max_Length","39"
"30560","None","Max_Weight","0.864"
"30560","None","Previous_Occurrence","1"
"22233","None","Default_Length_Conversion","use_measured_length_type"
"22235","None","Default_TS_Relationship","generic_fish_no_swimbladder"
"30575","None","Previous_Occurrence","1"
"22235","None","Specific_TS_Relationship","generic_fish_no_swimbladder"
"30576","None","Max_Length","104"
"30576","None","Max_Weight","24.158"
"30576","None","Previous_Occurrence","1"
"22235","None","Primary_Length_Type","total_length"
"22235","None","Secondary_Length_Type","fork_length"
"22235","None","Default_Length_Conversion","use_measured_length_type"
"30600","None","Max_Length","53"
"30600","None","Max_Weight","2.38"
"30600","None","Previous_Occurrence","1"
"22236","None","Default_TS_Relationship","generic_fish_no_swimbladder"
"30611","None","Previous_Occurrence","1"
"22236","None","Specific_TS_Relationship","generic_fish_no_swimbladder"
"22236","None","Primary_Length_Type","total_length"
"22236","None","Secondary_Length_Type","fork_length"
"22236","None","Default_Length_Conversion","use_measured_length_type"
"31550","None","Previous_Occurrence","1"
"22237","None","Default_TS_Relationship","generic_fish_no_swimbladder"
"22237","None","Specific_TS_Relationship","generic_fish_no_swimbladder"
"40001","None","Previous_Occurrence","1"
"22237","None","Primary_Length_Type","total_length"
"22237","None","Secondary_Length_Type","fork_length"
"40009","None","Previous_Occurrence","1"
"22237","None","Default_Length_Conversion","use_measured_length_type"
"40010","None","Previous_Occurrence","1"
"22238","None","Default_TS_Relationship","generic_fish_no_swimbladder"
"40011","None","Previous_Occurrence","1"
"22238","None","Specific_TS_Relationship","generic_fish_no_swimbladder"
"40012","None","Previous_Occurrence","1"
"22238","None","Primary_Length_Type","total_length"
"22238","None","Secondary_Length_Type","fork_length"
"22238","None","Default_Length_Conversion","use_measured_length_type"
"22239","None","Default_TS_Relationship","generic_fish_no_swimbladder"
"22239","None","Specific_TS_Relationship","generic_fish_no_swimbladder"
"40500","None","Previous_Occurrence","1"
"22239","None","Primary_Length_Type","total_length"
"40501","None","Previous_Occurrence","1"
"22239","None","Secondary_Length_Type","fork_length"
"22239","None","Default_Length_Conversion","use_measured_length_type"
"40503","None","Previous_Occurrence","1"
"22240","None","Default_TS_Relationship","generic_fish_no_swimbladder"
"40504","None","Previous_Occurrence","1"
"22240","None","Specific_TS_Relationship","generic_fish_no_swimbladder"
"40505","None","Previous_Occurrence","1"
"22240","None","Primary_Length_Type","total_length"
"40506","None","Previous_Occurrence","1"
"22240","None","Secondary_Length_Type","fork_length"
"40507","None","Previous_Occurrence","1"
"22240","None","Default_Length_Conversion","use_measured_length_type"
"22241","None","Default_TS_Relationship","generic_fish_no_swimbladder"
"22241","None","Specific_TS_Relationship","generic_fish_no_swimbladder"
"40510","None","Previous_Occurrence","1"
"22241","None","Primary_Length_Type","total_length"
"40511","None","Previous_Occurrence","1"
"22241","None","Secondary_Length_Type","fork_length"
"40512","None","Previous_Occurrence","1"
"22241","None","Default_Length_Conversion","use_measured_length_type"
"40560","None","Previous_Occurrence","1"
"22242","None","Default_TS_Relationship","generic_fish_no_swimbladder"
"40561","None","Previous_Occurrence","1"
"22242","None","Specific_TS_Relationship","generic_fish_no_swimbladder"
"41000","None","Previous_Occurrence","1"
"22242","None","Primary_Length_Type","total_length"
"41100","None","Previous_Occurrence","1"
"22242","None","Secondary_Length_Type","fork_length"
"41101","None","Previous_Occurrence","1"
"22242","None","Default_Length_Conversion","use_measured_length_type"
"41102","None","Previous_Occurrence","1"
"22243","None","Default_TS_Relationship","generic_fish_no_swimbladder"
"41201","None","Previous_Occurrence","1"
"22243","None","Specific_TS_Relationship","generic_fish_no_swimbladder"
"41221","None","Previous_Occurrence","1"
"22243","None","Primary_Length_Type","total_length"
"41300","None","Previous_Occurrence","1"
"22243","None","Secondary_Length_Type","fork_length"
"22243","None","Default_Length_Conversion","use_measured_length_type"
"22244","None","Default_TS_Relationship","generic_fish_no_swimbladder"
"22244","None","Specific_TS_Relationship","generic_fish_no_swimbladder"
"41500","None","Previous_Occurrence","1"
"22244","None","Primary_Length_Type","total_length"
"22244","None","Secondary_Length_Type","fork_length"
"41520","None","Previous_Occurrence","1"
"22244","None","Default_Length_Conversion","use_measured_length_type"
"41522","None","Previous_Occurrence","1"
"22245","None","Default_TS_Relationship","generic_fish_no_swimbladder"
"22245","None","Specific_TS_Relationship","generic_fish_no_swimbladder"
"22245","None","Primary_Length_Type","total_length"
"22245","None","Secondary_Length_Type","fork_length"
"22245","None","Default_Length_Conversion","use_measured_length_type"
"22246","None","Default_TS_Relationship","generic_fish_no_swimbladder"
"41570","None","Previous_Occurrence","1"
"22246","None","Specific_TS_Relationship","generic_fish_no_swimbladder"
"22246","None","Primary_Length_Type","total_length"
"22246","None","Secondary_Length_Type","fork_length"
"41580","None","Previous_Occurrence","1"
"22246","None","Default_Length_Conversion","use_measured_length_type"
"41582","None","Previous_Occurrence","1"
"22247","None","Default_TS_Relationship","generic_fish_no_swimbladder"
"22247","None","Specific_TS_Relationship","generic_fish_no_swimbladder"
"22247","None","Primary_Length_Type","total_length"
"22247","None","Secondary_Length_Type","fork_length"
"41600","None","Previous_Occurrence","1"
"22247","None","Default_Length_Conversion","use_measured_length_type"
"41700","None","Previous_Occurrence","1"
"22248","None","Default_TS_Relationship","generic_fish_no_swimbladder"
"41701","None","Previous_Occurrence","1"
"22248","None","Specific_TS_Relationship","generic_fish_no_swimbladder"
"22248","None","Primary_Length_Type","total_length"
"22248","None","Secondary_Length_Type","fork_length"
"42000","None","Previous_Occurrence","1"
"22248","None","Default_Length_Conversion","use_measured_length_type"
"42001","None","Previous_Occurrence","1"
"22249","None","Default_TS_Relationship","generic_fish_no_swimbladder"
"42003","None","Previous_Occurrence","1"
"22249","None","Specific_TS_Relationship","generic_fish_no_swimbladder"
"42004","None","Previous_Occurrence","1"
"22249","None","Primary_Length_Type","total_length"
"42008","None","Previous_Occurrence","1"
"42013","None","Previous_Occurrence","1"
"42015","None","Previous_Occurrence","1"
"42017","None","Previous_Occurrence","1"
"43000","None","Previous_Occurrence","1"
"43001","None","Previous_Occurrence","1"
"43002","None","Previous_Occurrence","1"
"43005","None","Previous_Occurrence","1"
"43006","None","Previous_Occurrence","1"
"43010","None","Previous_Occurrence","1"
"43020","None","Previous_Occurrence","1"
"43021","None","Previous_Occurrence","1"
"43030","None","Previous_Occurrence","1"
"43032","None","Previous_Occurrence","1"
"43040","None","Previous_Occurrence","1"
"43042","None","Previous_Occurrence","1"
"43045","None","Previous_Occurrence","1"
"43082","None","Previous_Occurrence","1"
"43090","None","Previous_Occurrence","1"
"43100","None","Previous_Occurrence","1"
"43200","None","Previous_Occurrence","1"
"22249","None","Default_Length_Conversion","use_measured_length_type"
"43201","None","Previous_Occurrence","1"
"22250","None","Default_TS_Relationship","generic_fish_no_swimbladder"
"22249","None","Secondary_Length_Type","fork_length"
"44000","None","Previous_Occurrence","1"
"22250","None","Specific_TS_Relationship","generic_fish_no_swimbladder"
"22250","None","Primary_Length_Type","total_length"
"22250","None","Secondary_Length_Type","fork_length"
"22250","None","Default_Length_Conversion","use_measured_length_type"
"44020","None","Previous_Occurrence","1"
"22251","None","Default_TS_Relationship","generic_fish_no_swimbladder"
"22251","None","Specific_TS_Relationship","generic_fish_no_swimbladder"
"22251","None","Primary_Length_Type","total_length"
"44029","None","Previous_Occurrence","1"
"22251","None","Secondary_Length_Type","fork_length"
"44030","None","Previous_Occurrence","1"
"22251","None","Default_Length_Conversion","use_measured_length_type"
"22252","None","Default_TS_Relationship","generic_fish_no_swimbladder"
"22252","None","Specific_TS_Relationship","generic_fish_no_swimbladder"
"22252","None","Primary_Length_Type","total_length"
"22252","None","Secondary_Length_Type","fork_length"
"22252","None","Default_Length_Conversion","use_measured_length_type"
"22253","None","Default_TS_Relationship","generic_fish_no_swimbladder"
"44037","None","Previous_Occurrence","1"
"22253","None","Specific_TS_Relationship","generic_fish_no_swimbladder"
"22253","None","Primary_Length_Type","total_length"
"22253","None","Secondary_Length_Type","fork_length"
"44040","None","Previous_Occurrence","1"
"22253","None","Default_Length_Conversion","use_measured_length_type"
"22254","None","Default_TS_Relationship","generic_fish_no_swimbladder"
"22254","None","Specific_TS_Relationship","generic_fish_no_swimbladder"
"22254","None","Primary_Length_Type","total_length"
"22254","None","Secondary_Length_Type","fork_length"
"22254","None","Default_Length_Conversion","use_measured_length_type"
"22255","None","Default_TS_Relationship","generic_fish_no_swimbladder"
"22255","None","Specific_TS_Relationship","generic_fish_no_swimbladder"
"44060","None","Previous_Occurrence","1"
"22255","None","Primary_Length_Type","total_length"
"22255","None","Secondary_Length_Type","fork_length"
"22255","None","Default_Length_Conversion","use_measured_length_type"
"22260","None","Default_TS_Relationship","generic_fish_no_swimbladder"
"22260","None","Specific_TS_Relationship","generic_fish_no_swimbladder"
"22260","None","Primary_Length_Type","total_length"
"22260","None","Secondary_Length_Type","fork_length"
"44081","None","Previous_Occurrence","1"
"22260","None","Default_Length_Conversion","use_measured_length_type"
"22261","None","Default_TS_Relationship","generic_fish_no_swimbladder"
"44083","None","Previous_Occurrence","1"
"22261","None","Specific_TS_Relationship","generic_fish_no_swimbladder"
"44085","None","Previous_Occurrence","1"
"22261","None","Primary_Length_Type","total_length"
"22261","None","Secondary_Length_Type","fork_length"
"44087","None","Previous_Occurrence","1"
"22261","None","Default_Length_Conversion","use_measured_length_type"
"22262","None","Default_TS_Relationship","generic_fish_no_swimbladder"
"44089","None","Previous_Occurrence","1"
"22262","None","Specific_TS_Relationship","generic_fish_no_swimbladder"
"44090","None","Previous_Occurrence","1"
"22262","None","Primary_Length_Type","total_length"
"22262","None","Secondary_Length_Type","fork_length"
"22262","None","Default_Length_Conversion","use_measured_length_type"
"44093","None","Previous_Occurrence","1"
"22263","None","Default_TS_Relationship","generic_fish_no_swimbladder"
"44094","None","Previous_Occurrence","1"
"22263","None","Specific_TS_Relationship","generic_fish_no_swimbladder"
"22263","None","Primary_Length_Type","total_length"
"22263","None","Secondary_Length_Type","fork_length"
"44097","None","Previous_Occurrence","1"
"22263","None","Default_Length_Conversion","use_measured_length_type"
"22264","None","Default_TS_Relationship","generic_fish_no_swimbladder"
"22264","None","Specific_TS_Relationship","generic_fish_no_swimbladder"
"22264","None","Primary_Length_Type","total_length"
"45000","None","Previous_Occurrence","1"
"22264","None","Secondary_Length_Type","fork_length"
"45005","None","Previous_Occurrence","1"
"22264","None","Default_Length_Conversion","use_measured_length_type"
"50000","None","Previous_Occurrence","1"
"22271","None","Default_TS_Relationship","generic_fish_no_swimbladder"
"50001","None","Previous_Occurrence","1"
"22271","None","Specific_TS_Relationship","generic_fish_no_swimbladder"
"50010","None","Previous_Occurrence","1"
"22271","None","Primary_Length_Type","total_length"
"22271","None","Secondary_Length_Type","fork_length"
"50160","None","Previous_Occurrence","1"
"22271","None","Default_Length_Conversion","use_measured_length_type"
"50161","None","Previous_Occurrence","1"
"22300","None","Default_TS_Relationship","generic_fish_no_swimbladder"
"22300","None","Specific_TS_Relationship","generic_fish_no_swimbladder"
"50192","None","Previous_Occurrence","1"
"22300","None","Primary_Length_Type","total_length"
"22300","None","Secondary_Length_Type","fork_length"
"22300","None","Default_Length_Conversion","use_measured_length_type"
"22310","None","Default_TS_Relationship","generic_fish_no_swimbladder"
"54010","None","Previous_Occurrence","1"
"22310","None","Specific_TS_Relationship","generic_fish_no_swimbladder"
"54030","None","Previous_Occurrence","1"
"22310","None","Primary_Length_Type","total_length"
"56300","None","Previous_Occurrence","1"
"22310","None","Secondary_Length_Type","fork_length"
"56310","None","Previous_Occurrence","1"
"22310","None","Default_Length_Conversion","use_measured_length_type"
"56311","None","Previous_Occurrence","1"
"22320","None","Default_TS_Relationship","generic_fish_no_swimbladder"
"56312","None","Previous_Occurrence","1"
"22320","None","Specific_TS_Relationship","generic_fish_no_swimbladder"
"22320","None","Primary_Length_Type","total_length"
"57410","None","Previous_Occurrence","1"
"22320","None","Secondary_Length_Type","fork_length"
"59000","None","Previous_Occurrence","1"
"22320","None","Default_Length_Conversion","use_measured_length_type"
"59100","None","Previous_Occurrence","1"
"22390","None","Default_TS_Relationship","generic_fish_no_swimbladder"
"59110","None","Previous_Occurrence","1"
"22390","None","Specific_TS_Relationship","generic_fish_no_swimbladder"
"59111","None","Previous_Occurrence","1"
"22390","None","Primary_Length_Type","total_length"
"22390","None","Secondary_Length_Type","fork_length"
"60001","None","Previous_Occurrence","1"
"22390","None","Default_Length_Conversion","use_measured_length_type"
"60100","None","Plankton_Species","1"
"60100","None","Previous_Occurrence","1"
"22400","None","Default_TS_Relationship","generic_fish_no_swimbladder"
"60110","None","Previous_Occurrence","1"
"22400","None","Specific_TS_Relationship","generic_fish_no_swimbladder"
"22400","None","Primary_Length_Type","total_length"
"22400","None","Secondary_Length_Type","fork_length"
"62000","None","Previous_Occurrence","1"
"63500","None","Plankton_Species","1"
"63500","None","Previous_Occurrence","1"
"64000","None","Previous_Occurrence","1"
"64010","None","Previous_Occurrence","1"
"64011","None","Previous_Occurrence","1"
"64012","None","Previous_Occurrence","1"
"64500","None","Plankton_Species","1"
"64500","None","Previous_Occurrence","1"
"65000","None","Previous_Occurrence","1"
"65100","None","Previous_Occurrence","1"
"65201","None","Previous_Occurrence","1"
"65202","None","Previous_Occurrence","1"
"65203","None","Previous_Occurrence","1"
"65204","None","Previous_Occurrence","1"
"65205","None","Previous_Occurrence","1"
"65209","None","Previous_Occurrence","1"
"66000","None","Previous_Occurrence","1"
"66003","None","Previous_Occurrence","1"
"66004","None","Previous_Occurrence","1"
"66009","None","Previous_Occurrence","1"
"66019","None","Plankton_Species","1"
"66019","None","Previous_Occurrence","1"
"66020","None","Previous_Occurrence","1"
"66025","None","Previous_Occurrence","1"
"66030","None","Previous_Occurrence","1"
"66031","None","Previous_Occurrence","1"
"66033","None","Previous_Occurrence","1"
"66040","None","Previous_Occurrence","1"
"21371","None","Primary_Length_Type","total_length"
"66045","None","Previous_Occurrence","1"
"21370","None","Default_Length_Conversion","use_measured_length_type"
"66050","None","Previous_Occurrence","1"
"21371","None","Default_TS_Relationship","generic_fish_no_swimbladder"
"66055","None","Previous_Occurrence","1"
"21371","None","Specific_TS_Relationship","generic_fish_no_swimbladder"
"66060","None","Previous_Occurrence","1"
"21371","None","Secondary_Length_Type","fork_length"
"66120","None","Previous_Occurrence","1"
"21371","None","Default_Length_Conversion","use_measured_length_type"
"66130","None","Previous_Occurrence","1"
"21373","None","Default_TS_Relationship","generic_fish_no_swimbladder"
"66140","None","Plankton_Species","1"
"66140","None","Previous_Occurrence","1"
"21373","None","Specific_TS_Relationship","generic_fish_no_swimbladder"
"66150","None","Previous_Occurrence","1"
"21373","None","Primary_Length_Type","total_length"
"66160","None","Previous_Occurrence","1"
"21373","None","Secondary_Length_Type","fork_length"
"21373","None","Default_Length_Conversion","use_measured_length_type"
"21375","None","Default_TS_Relationship","generic_fish_no_swimbladder"
"66170","None","Previous_Occurrence","1"
"21375","None","Specific_TS_Relationship","generic_fish_no_swimbladder"
"66171","None","Previous_Occurrence","1"
"21375","None","Primary_Length_Type","total_length"
"21375","None","Secondary_Length_Type","fork_length"
"66175","None","Previous_Occurrence","1"
"21375","None","Default_Length_Conversion","use_measured_length_type"
"21376","None","Default_TS_Relationship","generic_fish_no_swimbladder"
"66180","None","Previous_Occurrence","1"
"21376","None","Specific_TS_Relationship","generic_fish_no_swimbladder"
"21376","None","Primary_Length_Type","total_length"
"21376","None","Secondary_Length_Type","fork_length"
"21376","None","Default_Length_Conversion","use_measured_length_type"
"66200","None","Previous_Occurrence","1"
"21377","None","Default_TS_Relationship","generic_fish_no_swimbladder"
"21377","None","Specific_TS_Relationship","generic_fish_no_swimbladder"
"66203","None","Previous_Occurrence","1"
"21377","None","Primary_Length_Type","total_length"
"66204","None","Previous_Occurrence","1"
"21377","None","Secondary_Length_Type","fork_length"
"21377","None","Default_Length_Conversion","use_measured_length_type"
"66500","None","Previous_Occurrence","1"
"21378","None","Default_TS_Relationship","generic_fish_no_swimbladder"
"66502","None","Plankton_Species","1"
"66502","None","Previous_Occurrence","1"
"21378","None","Specific_TS_Relationship","generic_fish_no_swimbladder"
"21378","None","Primary_Length_Type","total_length"
"21378","None","Secondary_Length_Type","fork_length"
"66515","None","Previous_Occurrence","1"
"21378","None","Default_Length_Conversion","use_measured_length_type"
"21379","None","Default_TS_Relationship","generic_fish_no_swimbladder"
"66530","None","Previous_Occurrence","1"
"21379","None","Specific_TS_Relationship","generic_fish_no_swimbladder"
"21379","None","Primary_Length_Type","total_length"
"21379","None","Secondary_Length_Type","fork_length"
"66548","None","Previous_Occurrence","1"
"21379","None","Default_Length_Conversion","use_measured_length_type"
"66570","None","Previous_Occurrence","1"
"21380","None","Default_TS_Relationship","generic_fish_no_swimbladder"
"66575","None","Previous_Occurrence","1"
"21380","None","Specific_TS_Relationship","generic_fish_no_swimbladder"
"66580","None","Previous_Occurrence","1"
"21380","None","Primary_Length_Type","total_length"
"66600","None","Previous_Occurrence","1"
"21380","None","Secondary_Length_Type","fork_length"
"66601","None","Previous_Occurrence","1"
"21380","None","Default_Length_Conversion","use_measured_length_type"
"21383","None","Default_TS_Relationship","generic_fish_no_swimbladder"
"21383","None","Specific_TS_Relationship","generic_fish_no_swimbladder"
"66611","None","Previous_Occurrence","1"
"21383","None","Primary_Length_Type","total_length"
"21383","None","Secondary_Length_Type","fork_length"
"21383","None","Default_Length_Conversion","use_measured_length_type"
"66614","None","Previous_Occurrence","1"
"21384","None","Default_TS_Relationship","generic_fish_no_swimbladder"
"21384","None","Specific_TS_Relationship","generic_fish_no_swimbladder"
"66750","None","Previous_Occurrence","1"
"21384","None","Primary_Length_Type","total_length"
"66770","None","Previous_Occurrence","1"
"21384","None","Secondary_Length_Type","fork_length"
"66772","None","Previous_Occurrence","1"
"21384","None","Default_Length_Conversion","use_measured_length_type"
"21386","None","Default_TS_Relationship","generic_fish_no_swimbladder"
"66815","None","Previous_Occurrence","1"
"21386","None","Specific_TS_Relationship","generic_fish_no_swimbladder"
"21386","None","Primary_Length_Type","total_length"
"21386","None","Secondary_Length_Type","fork_length"
"21386","None","Default_Length_Conversion","use_measured_length_type"
"21387","None","Default_TS_Relationship","generic_fish_no_swimbladder"
"21387","None","Specific_TS_Relationship","generic_fish_no_swimbladder"
"68000","None","Previous_Occurrence","1"
"21387","None","Primary_Length_Type","total_length"
"68010","None","Previous_Occurrence","1"
"21387","None","Secondary_Length_Type","fork_length"
"21387","None","Default_Length_Conversion","use_measured_length_type"
"68020","None","Previous_Occurrence","1"
"21388","None","Default_TS_Relationship","generic_fish_no_swimbladder"
"68040","None","Previous_Occurrence","1"
"21388","None","Specific_TS_Relationship","generic_fish_no_swimbladder"
"68050","None","Previous_Occurrence","1"
"21388","None","Primary_Length_Type","total_length"
"68060","None","Previous_Occurrence","1"
"21388","None","Secondary_Length_Type","fork_length"
"21388","None","Default_Length_Conversion","use_measured_length_type"
"21389","None","Default_TS_Relationship","generic_fish_no_swimbladder"
"68100","None","Previous_Occurrence","1"
"21389","None","Specific_TS_Relationship","generic_fish_no_swimbladder"
"68500","None","Previous_Occurrence","1"
"21389","None","Primary_Length_Type","total_length"
"68502","None","Previous_Occurrence","1"
"21389","None","Secondary_Length_Type","fork_length"
"68510","None","Previous_Occurrence","1"
"21389","None","Default_Length_Conversion","use_measured_length_type"
"68515","None","Previous_Occurrence","1"
"21390","None","Default_TS_Relationship","generic_fish_no_swimbladder"
"68520","None","Previous_Occurrence","1"
"21390","None","Specific_TS_Relationship","generic_fish_no_swimbladder"
"68541","None","Previous_Occurrence","1"
"21390","None","Primary_Length_Type","total_length"
"68550","None","Previous_Occurrence","1"
"21390","None","Secondary_Length_Type","fork_length"
"68560","None","Previous_Occurrence","1"
"21390","None","Default_Length_Conversion","use_measured_length_type"
"68570","None","Previous_Occurrence","1"
"21393","None","Default_TS_Relationship","generic_fish_no_swimbladder"
"68577","None","Previous_Occurrence","1"
"21393","None","Specific_TS_Relationship","generic_fish_no_swimbladder"
"68578","None","Previous_Occurrence","1"
"21393","None","Primary_Length_Type","total_length"
"68580","None","Previous_Occurrence","1"
"68590","None","Previous_Occurrence","1"
"68781","None","Previous_Occurrence","1"
"69010","None","Previous_Occurrence","1"
"69035","None","Previous_Occurrence","1"
"69042","None","Previous_Occurrence","1"
"69060","None","Previous_Occurrence","1"
"69061","None","Previous_Occurrence","1"
"69070","None","Previous_Occurrence","1"
"69080","None","Previous_Occurrence","1"
"69082","None","Previous_Occurrence","1"
"69085","None","Previous_Occurrence","1"
"69086","None","Previous_Occurrence","1"
"69090","None","Previous_Occurrence","1"
"69095","None","Previous_Occurrence","1"
"69100","None","Previous_Occurrence","1"
"69110","None","Previous_Occurrence","1"
"69120","None","Previous_Occurrence","1"
"69121","None","Previous_Occurrence","1"
"69122","None","Previous_Occurrence","1"
"69123","None","Previous_Occurrence","1"
"69250","None","Previous_Occurrence","1"
"69260","None","Previous_Occurrence","1"
"69270","None","Previous_Occurrence","1"
"69280","None","Previous_Occurrence","1"
"69285","None","Previous_Occurrence","1"
"69290","None","Previous_Occurrence","1"
"69300","None","Previous_Occurrence","1"
"21393","None","Secondary_Length_Type","fork_length"
"69310","None","Previous_Occurrence","1"
"21393","None","Default_Length_Conversion","use_measured_length_type"
"69312","None","Previous_Occurrence","1"
"21394","None","Specific_TS_Relationship","generic_fish_no_swimbladder"
"21394","None","Default_TS_Relationship","generic_fish_no_swimbladder"
"21394","None","Primary_Length_Type","total_length"
"69316","None","Previous_Occurrence","1"
"21394","None","Secondary_Length_Type","fork_length"
"69317","None","Previous_Occurrence","1"
"21394","None","Default_Length_Conversion","use_measured_length_type"
"21395","None","Default_TS_Relationship","generic_fish_no_swimbladder"
"21395","None","Specific_TS_Relationship","generic_fish_no_swimbladder"
"69322","None","Previous_Occurrence","1"
"21395","None","Primary_Length_Type","total_length"
"69323","None","Previous_Occurrence","1"
"21395","None","Secondary_Length_Type","fork_length"
"21395","None","Default_Length_Conversion","use_measured_length_type"
"69325","None","Previous_Occurrence","1"
"21397","None","Default_TS_Relationship","generic_fish_no_swimbladder"
"69326","None","Previous_Occurrence","1"
"21397","None","Specific_TS_Relationship","generic_fish_no_swimbladder"
"21397","None","Primary_Length_Type","total_length"
"21397","None","Secondary_Length_Type","fork_length"
"69330","None","Previous_Occurrence","1"
"21397","None","Default_Length_Conversion","use_measured_length_type"
"21398","None","Default_TS_Relationship","generic_fish_no_swimbladder"
"69335","None","Previous_Occurrence","1"
"21398","None","Specific_TS_Relationship","generic_fish_no_swimbladder"
"69336","None","Previous_Occurrence","1"
"21398","None","Primary_Length_Type","total_length"
"21398","None","Secondary_Length_Type","fork_length"
"69400","None","Previous_Occurrence","1"
"21398","None","Default_Length_Conversion","use_measured_length_type"
"69520","None","Previous_Occurrence","1"
"21405","None","Default_TS_Relationship","generic_fish_no_swimbladder"
"69530","None","Previous_Occurrence","1"
"21405","None","Specific_TS_Relationship","generic_fish_no_swimbladder"
"69531","None","Previous_Occurrence","1"
"21405","None","Primary_Length_Type","total_length"
"21405","None","Secondary_Length_Type","fork_length"
"69550","None","Previous_Occurrence","1"
"21405","None","Default_Length_Conversion","use_measured_length_type"
"21406","None","Default_TS_Relationship","generic_fish_no_swimbladder"
"21406","None","Specific_TS_Relationship","generic_fish_no_swimbladder"
"69556","None","Previous_Occurrence","1"
"21406","None","Primary_Length_Type","total_length"
"21406","None","Secondary_Length_Type","fork_length"
"21406","None","Default_Length_Conversion","use_measured_length_type"
"21407","None","Default_TS_Relationship","generic_fish_no_swimbladder"
"69650","None","Previous_Occurrence","1"
"21407","None","Specific_TS_Relationship","generic_fish_no_swimbladder"
"21407","None","Primary_Length_Type","total_length"
"69652","None","Previous_Occurrence","1"
"21407","None","Secondary_Length_Type","fork_length"
"69653","None","Plankton_Species","1"
"21407","None","Default_Length_Conversion","use_measured_length_type"
"21415","None","Default_TS_Relationship","generic_fish_no_swimbladder"
"69900","None","Previous_Occurrence","1"
"21415","None","Specific_TS_Relationship","generic_fish_no_swimbladder"
"21415","None","Primary_Length_Type","total_length"
"21415","None","Secondary_Length_Type","fork_length"
"70000","None","Previous_Occurrence","1"
"21415","None","Default_Length_Conversion","use_measured_length_type"
"70050","None","Previous_Occurrence","1"
"21420","None","Default_TS_Relationship","generic_fish_no_swimbladder"
"70060","None","Previous_Occurrence","1"
"21420","None","Specific_TS_Relationship","generic_fish_no_swimbladder"
"70100","None","Previous_Occurrence","1"
"21420","None","Primary_Length_Type","total_length"
"70108","None","Previous_Occurrence","1"
"21420","None","Secondary_Length_Type","fork_length"
"70110","None","Previous_Occurrence","1"
"21420","None","Default_Length_Conversion","use_measured_length_type"
"21421","None","Default_TS_Relationship","generic_fish_no_swimbladder"
"21421","None","Specific_TS_Relationship","generic_fish_no_swimbladder"
"21421","None","Primary_Length_Type","total_length"
"70115","None","Previous_Occurrence","1"
"21421","None","Secondary_Length_Type","fork_length"
"21421","None","Default_Length_Conversion","use_measured_length_type"
"21422","None","Default_TS_Relationship","generic_fish_no_swimbladder"
"21422","None","Specific_TS_Relationship","generic_fish_no_swimbladder"
"70124","None","Previous_Occurrence","1"
"21422","None","Primary_Length_Type","total_length"
"21422","None","Secondary_Length_Type","fork_length"
"21422","None","Default_Length_Conversion","use_measured_length_type"
"21423","None","Default_TS_Relationship","generic_fish_no_swimbladder"
"71001","None","Previous_Occurrence","1"
"21423","None","Specific_TS_Relationship","generic_fish_no_swimbladder"
"71002","None","Previous_Occurrence","1"
"21423","None","Primary_Length_Type","total_length"
"71003","None","Previous_Occurrence","1"
"21423","None","Secondary_Length_Type","fork_length"
"71004","None","Previous_Occurrence","1"
"21423","None","Default_Length_Conversion","use_measured_length_type"
"71010","None","Previous_Occurrence","1"
"21429","None","Default_TS_Relationship","generic_fish_no_swimbladder"
"21429","None","Specific_TS_Relationship","generic_fish_no_swimbladder"
"71012","None","Previous_Occurrence","1"
"21429","None","Primary_Length_Type","total_length"
"21429","None","Secondary_Length_Type","fork_length"
"21429","None","Default_Length_Conversion","use_measured_length_type"
"21437","None","Default_TS_Relationship","generic_fish_no_swimbladder"
"21437","None","Specific_TS_Relationship","generic_fish_no_swimbladder"
"71018","None","Previous_Occurrence","1"
"21437","None","Primary_Length_Type","total_length"
"21437","None","Secondary_Length_Type","fork_length"
"21437","None","Default_Length_Conversion","use_measured_length_type"
"21438","None","Default_TS_Relationship","generic_fish_no_swimbladder"
"71025","None","Previous_Occurrence","1"
"21438","None","Specific_TS_Relationship","generic_fish_no_swimbladder"
"71030","None","Previous_Occurrence","1"
"21438","None","Primary_Length_Type","total_length"
"71050","None","Previous_Occurrence","1"
"21438","None","Secondary_Length_Type","fork_length"
"71055","None","Previous_Occurrence","1"
"21438","None","Default_Length_Conversion","use_measured_length_type"
"71080","None","Previous_Occurrence","1"
"21439","None","Default_TS_Relationship","generic_fish_no_swimbladder"
"21439","None","Specific_TS_Relationship","generic_fish_no_swimbladder"
"71202","None","Previous_Occurrence","1"
"21439","None","Primary_Length_Type","total_length"
"71230","None","Previous_Occurrence","1"
"21439","None","Secondary_Length_Type","fork_length"
"71250","None","Previous_Occurrence","1"
"21439","None","Default_Length_Conversion","use_measured_length_type"
"71260","None","Previous_Occurrence","1"
"21440","None","Default_TS_Relationship","generic_fish_no_swimbladder"
"21440","None","Specific_TS_Relationship","generic_fish_no_swimbladder"
"21440","None","Primary_Length_Type","total_length"
"71350","None","Previous_Occurrence","1"
"21440","None","Secondary_Length_Type","fork_length"
"21440","None","Default_Length_Conversion","use_measured_length_type"
"21441","None","Default_TS_Relationship","generic_fish_no_swimbladder"
"71405","None","Previous_Occurrence","1"
"71500","None","Previous_Occurrence","1"
"71510","None","Previous_Occurrence","1"
"71525","None","Previous_Occurrence","1"
"71530","None","Previous_Occurrence","1"
"71535","None","Previous_Occurrence","1"
"71537","None","Previous_Occurrence","1"
"71542","None","Previous_Occurrence","1"
"71570","None","Previous_Occurrence","1"
"71575","None","Previous_Occurrence","1"
"71580","None","Previous_Occurrence","1"
"71640","None","Previous_Occurrence","1"
"71681","None","Previous_Occurrence","1"
"71700","None","Previous_Occurrence","1"
"71710","None","Previous_Occurrence","1"
"71715","None","Previous_Occurrence","1"
"71719","None","Previous_Occurrence","1"
"71721","None","Previous_Occurrence","1"
"71722","None","Previous_Occurrence","1"
"71723","None","Previous_Occurrence","1"
"21441","None","Specific_TS_Relationship","generic_fish_no_swimbladder"
"21441","None","Primary_Length_Type","total_length"
"71726","None","Previous_Occurrence","1"
"21441","None","Secondary_Length_Type","fork_length"
"21441","None","Default_Length_Conversion","use_measured_length_type"
"21443","None","Default_TS_Relationship","generic_fish_no_swimbladder"
"21443","None","Specific_TS_Relationship","generic_fish_no_swimbladder"
"71731","None","Previous_Occurrence","1"
"21443","None","Primary_Length_Type","total_length"
"21443","None","Secondary_Length_Type","fork_length"
"21443","None","Default_Length_Conversion","use_measured_length_type"
"21444","None","Default_TS_Relationship","generic_fish_no_swimbladder"
"21444","None","Specific_TS_Relationship","generic_fish_no_swimbladder"
"71741","None","Previous_Occurrence","1"
"21444","None","Primary_Length_Type","total_length"
"21444","None","Secondary_Length_Type","fork_length"
"71749","None","Previous_Occurrence","1"
"21444","None","Default_Length_Conversion","use_measured_length_type"
"71750","None","Previous_Occurrence","1"
"21445","None","Default_TS_Relationship","generic_fish_no_swimbladder"
"71751","None","Previous_Occurrence","1"
"21445","None","Specific_TS_Relationship","generic_fish_no_swimbladder"
"71753","None","Previous_Occurrence","1"
"21445","None","Primary_Length_Type","total_length"
"71755","None","Previous_Occurrence","1"
"21445","None","Secondary_Length_Type","fork_length"
"71756","None","Previous_Occurrence","1"
"21445","None","Default_Length_Conversion","use_measured_length_type"
"71757","None","Previous_Occurrence","1"
"21446","None","Default_TS_Relationship","generic_fish_no_swimbladder"
"21446","None","Specific_TS_Relationship","generic_fish_no_swimbladder"
"71760","None","Previous_Occurrence","1"
"21446","None","Primary_Length_Type","total_length"
"71761","None","Previous_Occurrence","1"
"21446","None","Secondary_Length_Type","fork_length"
"21446","None","Default_Length_Conversion","use_measured_length_type"
"71763","None","Previous_Occurrence","1"
"21447","None","Default_TS_Relationship","generic_fish_no_swimbladder"
"71764","None","Previous_Occurrence","1"
"21447","None","Specific_TS_Relationship","generic_fish_no_swimbladder"
"71765","None","Previous_Occurrence","1"
"21447","None","Primary_Length_Type","total_length"
"21447","None","Secondary_Length_Type","fork_length"
"71769","None","Previous_Occurrence","1"
"21447","None","Default_Length_Conversion","use_measured_length_type"
"71770","None","Previous_Occurrence","1"
"21484","None","Default_TS_Relationship","generic_swimbladder_fish"
"71771","None","Previous_Occurrence","1"
"21484","None","Specific_TS_Relationship","generic_swimbladder_fish"
"71772","None","Previous_Occurrence","1"
"21484","None","Primary_Length_Type","total_length"
"21484","None","Secondary_Length_Type","fork_length"
"71774","None","Previous_Occurrence","1"
"21484","None","Default_Length_Conversion","use_measured_length_type"
"21500","None","Default_TS_Relationship","generic_swimbladder_fish"
"71776","None","Previous_Occurrence","1"
"21500","None","Specific_TS_Relationship","generic_swimbladder_fish"
"71777","None","Previous_Occurrence","1"
"21500","None","Primary_Length_Type","total_length"
"21500","None","Secondary_Length_Type","fork_length"
"21500","None","Default_Length_Conversion","use_measured_length_type"
"21501","None","Default_TS_Relationship","generic_swimbladder_fish"
"71795","None","Previous_Occurrence","1"
"21501","None","Specific_TS_Relationship","generic_swimbladder_fish"
"71800","None","Previous_Occurrence","1"
"21501","None","Primary_Length_Type","total_length"
"21501","None","Secondary_Length_Type","fork_length"
"71810","None","Previous_Occurrence","1"
"21501","None","Default_Length_Conversion","use_measured_length_type"
"71811","None","Previous_Occurrence","1"
"21506","None","Default_TS_Relationship","generic_swimbladder_fish"
"71820","None","Previous_Occurrence","1"
"21506","None","Specific_TS_Relationship","generic_swimbladder_fish"
"21506","None","Primary_Length_Type","total_length"
"71835","None","Previous_Occurrence","1"
"21506","None","Secondary_Length_Type","fork_length"
"71840","None","Previous_Occurrence","1"
"21506","None","Default_Length_Conversion","use_measured_length_type"
"21510","None","Default_TS_Relationship","generic_swimbladder_fish"
"21510","None","Specific_TS_Relationship","generic_swimbladder_fish"
"21510","None","Primary_Length_Type","total_length"
"21510","None","Secondary_Length_Type","fork_length"
"71870","None","Previous_Occurrence","1"
"21510","None","Default_Length_Conversion","use_measured_length_type"
"21515","None","Default_TS_Relationship","generic_swimbladder_fish"
"21515","None","Specific_TS_Relationship","generic_swimbladder_fish"
"71882","None","Previous_Occurrence","1"
"21515","None","Primary_Length_Type","total_length"
"71883","None","Previous_Occurrence","1"
"21515","None","Secondary_Length_Type","fork_length"
"71884","None","Previous_Occurrence","1"
"21515","None","Default_Length_Conversion","use_measured_length_type"
"71886","None","Previous_Occurrence","1"
"21521","None","Default_TS_Relationship","generic_swimbladder_fish"
"71890","None","Previous_Occurrence","1"
"21521","None","Specific_TS_Relationship","generic_swimbladder_fish"
"71891","None","Previous_Occurrence","1"
"21521","None","Primary_Length_Type","total_length"
"21521","None","Secondary_Length_Type","fork_length"
"21521","None","Default_Length_Conversion","use_measured_length_type"
"21522","None","Default_TS_Relationship","generic_swimbladder_fish"
"71895","None","Previous_Occurrence","1"
"21522","None","Specific_TS_Relationship","generic_swimbladder_fish"
"21522","None","Primary_Length_Type","total_length"
"21522","None","Secondary_Length_Type","fork_length"
"21522","None","Default_Length_Conversion","use_measured_length_type"
"21592","None","Default_TS_Relationship","generic_fish_no_swimbladder"
"21592","None","Specific_TS_Relationship","generic_fish_no_swimbladder"
"21592","None","Primary_Length_Type","total_length"
"71910","None","Previous_Occurrence","1"
"21592","None","Secondary_Length_Type","fork_length"
"71911","None","Previous_Occurrence","1"
"21592","None","Default_Length_Conversion","use_measured_length_type"
"21594","None","Default_TS_Relationship","generic_fish_no_swimbladder"
"21594","None","Specific_TS_Relationship","generic_fish_no_swimbladder"
"72019","None","Previous_Occurrence","1"
"21594","None","Primary_Length_Type","total_length"
"21594","None","Secondary_Length_Type","fork_length"
"21594","None","Default_Length_Conversion","use_measured_length_type"
"21595","None","Default_TS_Relationship","generic_swimbladder_fish"
"72059","None","Previous_Occurrence","1"
"21595","None","Specific_TS_Relationship","generic_swimbladder_fish"
"21595","None","Primary_Length_Type","total_length"
"72063","None","Previous_Occurrence","1"
"21595","None","Secondary_Length_Type","fork_length"
"72065","None","Previous_Occurrence","1"
"21595","None","Default_Length_Conversion","use_measured_length_type"
"21596","None","Default_TS_Relationship","generic_swimbladder_fish"
"21596","None","Specific_TS_Relationship","generic_swimbladder_fish"
"21596","None","Primary_Length_Type","total_length"
"21596","None","Secondary_Length_Type","fork_length"
"21596","None","Default_Length_Conversion","use_measured_length_type"
"21597","None","Default_TS_Relationship","generic_swimbladder_fish"
"21597","None","Specific_TS_Relationship","generic_swimbladder_fish"
"21597","None","Primary_Length_Type","total_length"
"72380","None","Previous_Occurrence","1"
"21597","None","Secondary_Length_Type","fork_length"
"72403","None","Previous_Occurrence","1"
"72407","None","Previous_Occurrence","1"
"72420","None","Previous_Occurrence","1"
"72500","None","Previous_Occurrence","1"
"72501","None","Previous_Occurrence","1"
"72511","None","Previous_Occurrence","1"
"72512","None","Previous_Occurrence","1"
"72520","None","Previous_Occurrence","1"
"72525","None","Previous_Occurrence","1"
"72535","None","Previous_Occurrence","1"
"72740","None","Previous_Occurrence","1"
"72743","None","Previous_Occurrence","1"
"72745","None","Previous_Occurrence","1"
"72746","None","Previous_Occurrence","1"
"72747","None","Previous_Occurrence","1"
"72749","None","Previous_Occurrence","1"
"72750","None","Previous_Occurrence","1"
"72751","None","Previous_Occurrence","1"
"72752","None","Previous_Occurrence","1"
"80610","None","Previous_Occurrence","1"
"80630","None","Previous_Occurrence","1"
"80640","None","Previous_Occurrence","1"
"80650","None","Previous_Occurrence","1"
"80660","None","Previous_Occurrence","1"
"80690","None","Previous_Occurrence","1"
"80691","None","Previous_Occurrence","1"
"80710","None","Previous_Occurrence","1"
"80728","None","Previous_Occurrence","1"
"80729","None","Previous_Occurrence","1"
"80730","None","Previous_Occurrence","1"
"80731","None","Previous_Occurrence","1"
"80800","None","Previous_Occurrence","1"
"80810","None","Previous_Occurrence","1"
"80910","None","Previous_Occurrence","1"
"81060","None","Previous_Occurrence","1"
"81061","None","Previous_Occurrence","1"
"81063","None","Previous_Occurrence","1"
"81064","None","Previous_Occurrence","1"
"81065","None","Previous_Occurrence","1"
"81067","None","Previous_Occurrence","1"
"81080","None","Previous_Occurrence","1"
"81090","None","Previous_Occurrence","1"
"81092","None","Previous_Occurrence","1"
"81095","None","Previous_Occurrence","1"
"81100","None","Previous_Occurrence","1"
"81120","None","Previous_Occurrence","1"
"81125","None","Previous_Occurrence","1"
"81130","None","Previous_Occurrence","1"
"81310","None","Previous_Occurrence","1"
"81312","None","Previous_Occurrence","1"
"81315","None","Previous_Occurrence","1"
"81316","None","Previous_Occurrence","1"
"81320","None","Previous_Occurrence","1"
"81321","None","Previous_Occurrence","1"
"81355","None","Previous_Occurrence","1"
"81360","None","Previous_Occurrence","1"
"81370","None","Previous_Occurrence","1"
"81741","None","Previous_Occurrence","1"
"81742","None","Previous_Occurrence","1"
"81743","None","Previous_Occurrence","1"
"81779","None","Previous_Occurrence","1"
"81780","None","Previous_Occurrence","1"
"81830","None","Previous_Occurrence","1"
"81835","None","Previous_Occurrence","1"
"81840","None","Previous_Occurrence","1"
"81870","None","Previous_Occurrence","1"
"81910","None","Previous_Occurrence","1"
"81912","None","Previous_Occurrence","1"
"81921","None","Previous_Occurrence","1"
"82000","None","Previous_Occurrence","1"
"82001","None","Previous_Occurrence","1"
"82002","None","Previous_Occurrence","1"
"82035","None","Previous_Occurrence","1"
"82090","None","Previous_Occurrence","1"
"82091","None","Previous_Occurrence","1"
"82500","None","Previous_Occurrence","1"
"82510","None","Previous_Occurrence","1"
"82511","None","Previous_Occurrence","1"
"82520","None","Previous_Occurrence","1"
"82522","None","Previous_Occurrence","1"
"82525","None","Previous_Occurrence","1"
"82526","None","Previous_Occurrence","1"
"82530","None","Previous_Occurrence","1"
"82535","None","Previous_Occurrence","1"
"82650","None","Previous_Occurrence","1"
"82660","None","Previous_Occurrence","1"
"82675","None","Previous_Occurrence","1"
"82680","None","Previous_Occurrence","1"
"82730","None","Previous_Occurrence","1"
"82740","None","Previous_Occurrence","1"
"82750","None","Previous_Occurrence","1"
"82760","None","Previous_Occurrence","1"
"82770","None","Previous_Occurrence","1"
"82771","None","Previous_Occurrence","1"
"83000","None","Previous_Occurrence","1"
"83020","None","Previous_Occurrence","1"
"83055","None","Previous_Occurrence","1"
"83060","None","Previous_Occurrence","1"
"83070","None","Previous_Occurrence","1"
"83075","None","Previous_Occurrence","1"
"83310","None","Previous_Occurrence","1"
"83320","None","Previous_Occurrence","1"
"83340","None","Previous_Occurrence","1"
"83342","None","Previous_Occurrence","1"
"83360","None","Previous_Occurrence","1"
"83390","None","Previous_Occurrence","1"
"83400","None","Previous_Occurrence","1"
"83402","None","Previous_Occurrence","1"
"83407","None","Previous_Occurrence","1"
"85000","None","Previous_Occurrence","1"
"85010","None","Previous_Occurrence","1"
"85015","None","Previous_Occurrence","1"
"85016","None","Previous_Occurrence","1"
"85020","None","Previous_Occurrence","1"
"85060","None","Previous_Occurrence","1"
"85070","None","Previous_Occurrence","1"
"85115","None","Previous_Occurrence","1"
"85120","None","Previous_Occurrence","1"
"85140","None","Previous_Occurrence","1"
"85169","None","Previous_Occurrence","1"
"85170","None","Previous_Occurrence","1"
"85180","None","Previous_Occurrence","1"
"85200","None","Previous_Occurrence","1"
"85201","None","Previous_Occurrence","1"
"85210","None","Previous_Occurrence","1"
"85219","None","Previous_Occurrence","1"
"85220","None","Previous_Occurrence","1"
"85222","None","Previous_Occurrence","1"
"85269","None","Previous_Occurrence","1"
"85270","None","Previous_Occurrence","1"
"85290","None","Previous_Occurrence","1"
"91000","None","Previous_Occurrence","1"
"91005","None","Previous_Occurrence","1"
"91015","None","Previous_Occurrence","1"
"91016","None","Previous_Occurrence","1"
"91030","None","Previous_Occurrence","1"
"91039","None","Previous_Occurrence","1"
"91040","None","Previous_Occurrence","1"
"91045","None","Previous_Occurrence","1"
"91049","None","Previous_Occurrence","1"
"91050","None","Previous_Occurrence","1"
"91052","None","Previous_Occurrence","1"
"91053","None","Previous_Occurrence","1"
"91054","None","Previous_Occurrence","1"
"91057","None","Previous_Occurrence","1"
"91059","None","Previous_Occurrence","1"
"91060","None","Previous_Occurrence","1"
"91061","None","Previous_Occurrence","1"
"91064","None","Previous_Occurrence","1"
"91066","None","Previous_Occurrence","1"
"91067","None","Previous_Occurrence","1"
"91068","None","Previous_Occurrence","1"
"91069","None","Previous_Occurrence","1"
"91077","None","Previous_Occurrence","1"
"91079","None","Previous_Occurrence","1"
"91080","None","Previous_Occurrence","1"
"91086","None","Previous_Occurrence","1"
"91087","None","Previous_Occurrence","1"
"91088","None","Previous_Occurrence","1"
"91090","None","Previous_Occurrence","1"
"91700","None","Previous_Occurrence","1"
"92000","None","Previous_Occurrence","1"
"92500","None","Previous_Occurrence","1"
"22651","None","Secondary_Length_Type","fork_length"
"94000","None","Previous_Occurrence","1"
"22651","None","Default_Length_Conversion","myctophid_length_conversions"
"94500","None","Previous_Occurrence","1"
"22656","None","Default_TS_Relationship","generic_swimbladder_fish"
"22651","None","Primary_Length_Type","standard_length"
"95000","None","Previous_Occurrence","1"
"22656","None","Specific_TS_Relationship","generic_swimbladder_fish"
"22656","None","Primary_Length_Type","standard_length"
"22656","None","Secondary_Length_Type","fork_length"
"22656","None","Default_Length_Conversion","myctophid_length_conversions"
"22701","None","Default_TS_Relationship","generic_swimbladder_fish"
"95020","None","Previous_Occurrence","1"
"22701","None","Specific_TS_Relationship","generic_swimbladder_fish"
"95030","None","Previous_Occurrence","1"
"22701","None","Primary_Length_Type","total_length"
"95035","None","Previous_Occurrence","1"
"22701","None","Secondary_Length_Type","fork_length"
"95040","None","Previous_Occurrence","1"
"22701","None","Default_Length_Conversion","use_measured_length_type"
"95050","None","Previous_Occurrence","1"
"22702","None","Default_TS_Relationship","generic_swimbladder_fish"
"95060","None","Previous_Occurrence","1"
"22702","None","Specific_TS_Relationship","generic_swimbladder_fish"
"95070","None","Previous_Occurrence","1"
"22702","None","Primary_Length_Type","total_length"
"95080","None","Previous_Occurrence","1"
"22702","None","Secondary_Length_Type","fork_length"
"22702","None","Default_Length_Conversion","use_measured_length_type"
"97000","None","Previous_Occurrence","1"
"22703","None","Default_TS_Relationship","generic_swimbladder_fish"
"97100","None","Previous_Occurrence","1"
"22703","None","Specific_TS_Relationship","generic_swimbladder_fish"
"97110","None","Previous_Occurrence","1"
"22703","None","Primary_Length_Type","total_length"
"97111","None","Previous_Occurrence","1"
"22703","None","Secondary_Length_Type","fork_length"
"97115","None","Previous_Occurrence","1"
"22703","None","Default_Length_Conversion","use_measured_length_type"
"97116","None","Previous_Occurrence","1"
"22704","None","Default_TS_Relationship","generic_swimbladder_fish"
"97120","None","Previous_Occurrence","1"
"22704","None","Specific_TS_Relationship","generic_swimbladder_fish"
"98000","None","Previous_Occurrence","1"
"22704","None","Primary_Length_Type","total_length"
"98001","None","Previous_Occurrence","1"
"22704","None","Secondary_Length_Type","fork_length"
"22704","None","Default_Length_Conversion","use_measured_length_type"
"22705","None","Default_TS_Relationship","generic_swimbladder_fish"
"98070","None","Previous_Occurrence","1"
"22705","None","Specific_TS_Relationship","generic_swimbladder_fish"
"22705","None","Primary_Length_Type","total_length"
"98072","None","Previous_Occurrence","1"
"22705","None","Secondary_Length_Type","fork_length"
"98080","None","Previous_Occurrence","1"
"22705","None","Default_Length_Conversion","use_measured_length_type"
"98082","None","Previous_Occurrence","1"
"22716","None","Default_TS_Relationship","non_scaling"
"98100","None","Previous_Occurrence","1"
"22716","None","Specific_TS_Relationship","non_scaling"
"22716","None","Primary_Length_Type","total_length"
"98105","None","Previous_Occurrence","1"
"22716","None","Secondary_Length_Type","total_length"
"98200","None","Previous_Occurrence","1"
"22716","None","Default_Length_Conversion","use_measured_length_type"
"98205","None","Previous_Occurrence","1"
"22721","None","Default_TS_Relationship","generic_swimbladder_fish"
"22721","None","Specific_TS_Relationship","generic_swimbladder_fish"
"22721","None","Primary_Length_Type","total_length"
"98300","None","Previous_Occurrence","1"
"22721","None","Secondary_Length_Type","fork_length"
"22721","None","Default_Length_Conversion","use_measured_length_type"
"22750","None","Default_TS_Relationship","non_scaling"
"98310","None","Previous_Occurrence","1"
"22750","None","Specific_TS_Relationship","non_scaling"
"22750","None","Primary_Length_Type","total_length"
"98320","None","Previous_Occurrence","1"
"22750","None","Secondary_Length_Type","total_length"
"98322","None","Previous_Occurrence","1"
"22750","None","Default_Length_Conversion","use_measured_length_type"
"98324","None","Previous_Occurrence","1"
"22800","None","Default_TS_Relationship","generic_swimbladder_fish"
"22800","None","Specific_TS_Relationship","generic_swimbladder_fish"
"99900","None","Previous_Occurrence","1"
"22800","None","Primary_Length_Type","total_length"
"99902","None","Previous_Occurrence","1"
"22800","None","Secondary_Length_Type","fork_length"
"99904","None","Previous_Occurrence","1"
"22800","None","Default_Length_Conversion","use_measured_length_type"
"99987","None","Previous_Occurrence","1"
"22810","None","Default_TS_Relationship","generic_swimbladder_fish"
"99990","None","Previous_Occurrence","1"
"22810","None","Specific_TS_Relationship","generic_swimbladder_fish"
"99992","None","Previous_Occurrence","1"
"22810","None","Primary_Length_Type","total_length"
"99993","None","Previous_Occurrence","1"
"22810","None","Secondary_Length_Type","fork_length"
"99994","None","Previous_Occurrence","1"
"22810","None","Default_Length_Conversion","use_measured_length_type"
"99997","None","Previous_Occurrence","1"
"22815","None","Default_TS_Relationship","generic_swimbladder_fish"
"99998","None","Previous_Occurrence","1"
"22815","None","Specific_TS_Relationship","generic_swimbladder_fish"
"99999","None","Previous_Occurrence","1"
"75332","None","Previous_Occurrence","1"
"22815","None","Primary_Length_Type","total_length"
"75333","None","Previous_Occurrence","1"
"22815","None","Secondary_Length_Type","fork_length"
"75335","None","Previous_Occurrence","1"
"22815","None","Default_Length_Conversion","use_measured_length_type"
"22900","None","Default_TS_Relationship","generic_fish_no_swimbladder"
"22900","None","Specific_TS_Relationship","generic_fish_no_swimbladder"
"22900","None","Primary_Length_Type","total_length"
"22900","None","Secondary_Length_Type","fork_length"
"22900","None","Default_Length_Conversion","use_measured_length_type"
"22912","None","Default_TS_Relationship","generic_fish_no_swimbladder"
"75600","None","Previous_Occurrence","1"
"22912","None","Specific_TS_Relationship","generic_fish_no_swimbladder"
"22912","None","Primary_Length_Type","total_length"
"75605","None","Previous_Occurrence","1"
"22912","None","Secondary_Length_Type","fork_length"
"22912","None","Default_Length_Conversion","use_measured_length_type"
"22913","None","Default_TS_Relationship","generic_fish_no_swimbladder"
"75610","None","Previous_Occurrence","1"
"22913","None","Specific_TS_Relationship","generic_fish_no_swimbladder"
"22913","None","Primary_Length_Type","total_length"
"77011","None","Previous_Occurrence","1"
"22913","None","Secondary_Length_Type","fork_length"
"22913","None","Default_Length_Conversion","use_measured_length_type"
"22914","None","Default_TS_Relationship","generic_fish_no_swimbladder"
"78000","None","Previous_Occurrence","1"
"22914","None","Specific_TS_Relationship","generic_fish_no_swimbladder"
"78001","None","Previous_Occurrence","1"
"22914","None","Primary_Length_Type","total_length"
"78010","None","Previous_Occurrence","1"
"78011","None","Previous_Occurrence","1"
"78012","None","Previous_Occurrence","1"
"78020","None","Previous_Occurrence","1"
"78030","None","Previous_Occurrence","1"
"78352","None","Previous_Occurrence","1"
"78403","None","Previous_Occurrence","1"
"78404","None","Previous_Occurrence","1"
"78452","None","Previous_Occurrence","1"
"78502","None","Previous_Occurrence","1"
"79000","None","Previous_Occurrence","1"
"79001","None","Previous_Occurrence","1"
"79002","None","Previous_Occurrence","1"
"79020","None","Previous_Occurrence","1"
"79120","None","Previous_Occurrence","1"
"79200","None","Previous_Occurrence","1"
"79201","None","Previous_Occurrence","1"
"79210","None","Max_Length","31"
"79210","None","Max_Weight","0.854"
"79210","None","Previous_Occurrence","1"
"79252","None","Previous_Occurrence","1"
"79259","None","Previous_Occurrence","1"
"79302","None","Previous_Occurrence","1"
"79310","None","Previous_Occurrence","1"
"22914","None","Default_Length_Conversion","use_measured_length_type"
"79312","None","Previous_Occurrence","1"
"22915","None","Default_TS_Relationship","generic_fish_no_swimbladder"
"22914","None","Secondary_Length_Type","fork_length"
"22915","None","Specific_TS_Relationship","generic_fish_no_swimbladder"
"79352","None","Previous_Occurrence","1"
"22915","None","Primary_Length_Type","total_length"
"79403","None","Previous_Occurrence","1"
"22915","None","Secondary_Length_Type","fork_length"
"79404","None","Previous_Occurrence","1"
"22915","None","Default_Length_Conversion","use_measured_length_type"
"79405","None","Previous_Occurrence","1"
"22917","None","Default_TS_Relationship","generic_fish_no_swimbladder"
"22917","None","Specific_TS_Relationship","generic_fish_no_swimbladder"
"22917","None","Primary_Length_Type","total_length"
"79442","None","Previous_Occurrence","1"
"22917","None","Secondary_Length_Type","fork_length"
"79504","None","Previous_Occurrence","1"
"22917","None","Default_Length_Conversion","use_measured_length_type"
"79509","None","Previous_Occurrence","1"
"22918","None","Default_TS_Relationship","generic_fish_no_swimbladder"
"22918","None","Specific_TS_Relationship","generic_fish_no_swimbladder"
"79512","None","Previous_Occurrence","1"
"22918","None","Primary_Length_Type","total_length"
"80000","None","Previous_Occurrence","1"
"22918","None","Secondary_Length_Type","fork_length"
"22918","None","Default_Length_Conversion","use_measured_length_type"
"80006","None","Previous_Occurrence","1"
"22919","None","Default_TS_Relationship","generic_fish_no_swimbladder"
"80010","None","Previous_Occurrence","1"
"22919","None","Specific_TS_Relationship","generic_fish_no_swimbladder"
"80015","None","Previous_Occurrence","1"
"22919","None","Primary_Length_Type","total_length"
"22919","None","Secondary_Length_Type","fork_length"
"80020","None","Previous_Occurrence","1"
"22919","None","Default_Length_Conversion","use_measured_length_type"
"80105","None","Previous_Occurrence","1"
"22920","None","Default_TS_Relationship","generic_fish_no_swimbladder"
"80106","None","Previous_Occurrence","1"
"22920","None","Specific_TS_Relationship","generic_fish_no_swimbladder"
"80110","None","Previous_Occurrence","1"
"22920","None","Primary_Length_Type","total_length"
"80111","None","Previous_Occurrence","1"
"22920","None","Secondary_Length_Type","fork_length"
"80112","None","Previous_Occurrence","1"
"22920","None","Default_Length_Conversion","use_measured_length_type"
"22921","None","Default_TS_Relationship","generic_fish_no_swimbladder"
"80120","None","Previous_Occurrence","1"
"22921","None","Specific_TS_Relationship","generic_fish_no_swimbladder"
"80160","None","Previous_Occurrence","1"
"22921","None","Primary_Length_Type","total_length"
"80170","None","Previous_Occurrence","1"
"22921","None","Secondary_Length_Type","fork_length"
"22921","None","Default_Length_Conversion","use_measured_length_type"
"22924","None","Default_TS_Relationship","generic_fish_no_swimbladder"
"80182","None","Previous_Occurrence","1"
"22924","None","Specific_TS_Relationship","generic_fish_no_swimbladder"
"80190","None","Previous_Occurrence","1"
"22924","None","Primary_Length_Type","total_length"
"80200","None","Previous_Occurrence","1"
"22924","None","Secondary_Length_Type","fork_length"
"80220","None","Previous_Occurrence","1"
"22924","None","Default_Length_Conversion","use_measured_length_type"
"80230","None","Previous_Occurrence","1"
"22951","None","Default_TS_Relationship","generic_fish_no_swimbladder"
"22951","None","Specific_TS_Relationship","generic_fish_no_swimbladder"
"80310","None","Previous_Occurrence","1"
"22951","None","Primary_Length_Type","total_length"
"80311","None","Previous_Occurrence","1"
"22951","None","Secondary_Length_Type","fork_length"
"80312","None","Previous_Occurrence","1"
"22951","None","Default_Length_Conversion","use_measured_length_type"
"80520","None","Previous_Occurrence","1"
"22952","None","Default_TS_Relationship","generic_fish_no_swimbladder"
"22952","None","Specific_TS_Relationship","generic_fish_no_swimbladder"
"80540","None","Previous_Occurrence","1"
"22952","None","Primary_Length_Type","total_length"
"22952","None","Secondary_Length_Type","fork_length"
"80542","None","Previous_Occurrence","1"
"22952","None","Default_Length_Conversion","use_measured_length_type"
"80543","None","Previous_Occurrence","1"
"22955","None","Default_TS_Relationship","generic_fish_no_swimbladder"
"80544","None","Previous_Occurrence","1"
"22955","None","Specific_TS_Relationship","generic_fish_no_swimbladder"
"80546","None","Previous_Occurrence","1"
"22955","None","Primary_Length_Type","total_length"
"80547","None","Previous_Occurrence","1"
"22955","None","Secondary_Length_Type","fork_length"
"80548","None","Previous_Occurrence","1"
"22955","None","Default_Length_Conversion","use_measured_length_type"
"22956","None","Default_TS_Relationship","generic_fish_no_swimbladder"
"80550","None","Previous_Occurrence","1"
"22956","None","Specific_TS_Relationship","generic_fish_no_swimbladder"
"80551","None","Previous_Occurrence","1"
"22956","None","Primary_Length_Type","total_length"
"80590","None","Previous_Occurrence","1"
"22956","None","Secondary_Length_Type","fork_length"
"80594","None","Previous_Occurrence","1"
"22956","None","Default_Length_Conversion","use_measured_length_type"
"80595","None","Previous_Occurrence","1"
"23000","None","Default_TS_Relationship","generic_swimbladder_fish"
"23000","None","Specific_TS_Relationship","generic_swimbladder_fish"
"23000","None","Primary_Length_Type","total_length"
"80602","None","Previous_Occurrence","1"
"23000","None","Secondary_Length_Type","fork_length"
"23000","None","Default_Length_Conversion","use_measured_length_type"
"23010","None","Default_TS_Relationship","eulachon"
"23010","None","Specific_TS_Relationship","eulachon"
"23010","None","Primary_Length_Type","fork_length"
"23010","None","Secondary_Length_Type","total_length"
"23010","None","Default_Length_Conversion","eulachon_length_conversions"
"23011","None","Default_TS_Relationship","generic_swimbladder_fish"
"23011","None","Specific_TS_Relationship","generic_swimbladder_fish"
"23011","None","Primary_Length_Type","total_length"
"23011","None","Secondary_Length_Type","fork_length"
"23011","None","Default_Length_Conversion","use_measured_length_type"
"23020","None","Default_TS_Relationship","generic_swimbladder_fish"
"23020","None","Specific_TS_Relationship","generic_swimbladder_fish"
"23020","None","Primary_Length_Type","total_length"
"23020","None","Secondary_Length_Type","fork_length"
"23020","None","Default_Length_Conversion","use_measured_length_type"
"23030","None","Default_TS_Relationship","generic_swimbladder_fish"
"23030","None","Specific_TS_Relationship","generic_swimbladder_fish"
"23030","None","Primary_Length_Type","total_length"
"23030","None","Secondary_Length_Type","fork_length"
"23030","None","Default_Length_Conversion","use_measured_length_type"
"23041","None","Default_TS_Relationship","capelin"
"23041","None","Specific_TS_Relationship","capelin"
"23041","None","Primary_Length_Type","fork_length"
"23041","None","Secondary_Length_Type","standard_length"
"23041","None","Default_Length_Conversion","capelin_length_conversions"
"23055","None","Default_TS_Relationship","generic_swimbladder_fish"
"23055","None","Specific_TS_Relationship","generic_swimbladder_fish"
"23055","None","Primary_Length_Type","total_length"
"23055","None","Secondary_Length_Type","fork_length"
"23055","None","Default_Length_Conversion","use_measured_length_type"
"23060","None","Default_TS_Relationship","generic_swimbladder_fish"
"23060","None","Specific_TS_Relationship","generic_swimbladder_fish"
"23060","None","Primary_Length_Type","total_length"
"23060","None","Secondary_Length_Type","fork_length"
"23060","None","Default_Length_Conversion","use_measured_length_type"
"23061","None","Default_TS_Relationship","generic_swimbladder_fish"
"23061","None","Specific_TS_Relationship","generic_swimbladder_fish"
"23061","None","Primary_Length_Type","total_length"
"23061","None","Secondary_Length_Type","fork_length"
"23061","None","Default_Length_Conversion","use_measured_length_type"
"23071","None","Default_TS_Relationship","generic_swimbladder_fish"
"23071","None","Specific_TS_Relationship","generic_swimbladder_fish"
"23071","None","Primary_Length_Type","total_length"
"23071","None","Secondary_Length_Type","fork_length"
"23071","None","Default_Length_Conversion","use_measured_length_type"
"23201","None","Default_TS_Relationship","generic_swimbladder_fish"
"23201","None","Specific_TS_Relationship","generic_swimbladder_fish"
"23201","None","Primary_Length_Type","fork_length"
"23201","None","Secondary_Length_Type","total_length"
"23201","None","Default_Length_Conversion","use_measured_length_type"
"23202","None","Default_TS_Relationship","generic_swimbladder_fish"
"23202","None","Specific_TS_Relationship","generic_swimbladder_fish"
"23202","None","Primary_Length_Type","fork_length"
"23202","None","Secondary_Length_Type","total_length"
"23202","None","Default_Length_Conversion","use_measured_length_type"
"23220","None","Default_TS_Relationship","generic_swimbladder_fish"
"23220","None","Specific_TS_Relationship","generic_swimbladder_fish"
"23220","None","Primary_Length_Type","fork_length"
"23220","None","Secondary_Length_Type","total_length"
"23220","None","Default_Length_Conversion","use_measured_length_type"
"23225","None","Default_TS_Relationship","generic_swimbladder_fish"
"23225","None","Specific_TS_Relationship","generic_swimbladder_fish"
"23225","None","Primary_Length_Type","fork_length"
"23225","None","Secondary_Length_Type","total_length"
"23225","None","Default_Length_Conversion","use_measured_length_type"
"23230","None","Default_TS_Relationship","generic_swimbladder_fish"
"23230","None","Specific_TS_Relationship","generic_swimbladder_fish"
"23230","None","Primary_Length_Type","fork_length"
"23230","None","Secondary_Length_Type","total_length"
"23230","None","Default_Length_Conversion","use_measured_length_type"
"23235","None","Default_TS_Relationship","generic_swimbladder_fish"
"23235","None","Specific_TS_Relationship","generic_swimbladder_fish"
"23235","None","Primary_Length_Type","fork_length"
"23235","None","Secondary_Length_Type","total_length"
"23235","None","Default_Length_Conversion","use_measured_length_type"
"23240","None","Default_TS_Relationship","generic_swimbladder_fish"
"23240","None","Specific_TS_Relationship","generic_swimbladder_fish"
"23240","None","Primary_Length_Type","fork_length"
"23240","None","Secondary_Length_Type","total_length"
"23240","None","Default_Length_Conversion","use_measured_length_type"
"23250","None","Default_TS_Relationship","generic_swimbladder_fish"
"23250","None","Specific_TS_Relationship","generic_swimbladder_fish"
"23250","None","Primary_Length_Type","fork_length"
"23250","None","Secondary_Length_Type","total_length"
"23250","None","Default_Length_Conversion","use_measured_length_type"
"23252","None","Default_TS_Relationship","generic_swimbladder_fish"
"23252","None","Specific_TS_Relationship","generic_swimbladder_fish"
"23252","None","Primary_Length_Type","fork_length"
"23252","None","Secondary_Length_Type","total_length"
"23252","None","Default_Length_Conversion","use_measured_length_type"
"23260","None","Default_TS_Relationship","generic_swimbladder_fish"
"23260","None","Specific_TS_Relationship","generic_swimbladder_fish"
"23260","None","Primary_Length_Type","fork_length"
"23260","None","Secondary_Length_Type","total_length"
"23260","None","Default_Length_Conversion","use_measured_length_type"
"23310","None","Default_TS_Relationship","generic_swimbladder_fish"
"23310","None","Specific_TS_Relationship","generic_swimbladder_fish"
"23310","None","Primary_Length_Type","fork_length"
"23310","None","Secondary_Length_Type","total_length"
"23310","None","Default_Length_Conversion","use_measured_length_type"
"23402","None","Default_TS_Relationship","generic_swimbladder_fish"
"23402","None","Specific_TS_Relationship","generic_swimbladder_fish"
"23402","None","Primary_Length_Type","total_length"
"23402","None","Secondary_Length_Type","fork_length"
"23402","None","Default_Length_Conversion","use_measured_length_type"
"23500","None","Default_TS_Relationship","generic_fish_no_swimbladder"
"23500","None","Specific_TS_Relationship","generic_fish_no_swimbladder"
"23500","None","Primary_Length_Type","total_length"
"23500","None","Secondary_Length_Type","fork_length"
"23500","None","Default_Length_Conversion","use_measured_length_type"
"23524","None","Default_TS_Relationship","generic_fish_no_swimbladder"
"23524","None","Specific_TS_Relationship","generic_fish_no_swimbladder"
"23524","None","Primary_Length_Type","total_length"
"23524","None","Secondary_Length_Type","fork_length"
"23524","None","Default_Length_Conversion","use_measured_length_type"
"23562","None","Default_TS_Relationship","generic_swimbladder_fish"
"23562","None","Specific_TS_Relationship","generic_swimbladder_fish"
"23562","None","Primary_Length_Type","total_length"
"23562","None","Secondary_Length_Type","fork_length"
"23562","None","Default_Length_Conversion","use_measured_length_type"
"23590","None","Default_TS_Relationship","non_scaling"
"23590","None","Specific_TS_Relationship","non_scaling"
"23590","None","Primary_Length_Type","total_length"
"23590","None","Secondary_Length_Type","total_length"
"23590","None","Default_Length_Conversion","use_measured_length_type"
"23602","None","Default_TS_Relationship","generic_fish_no_swimbladder"
"23602","None","Specific_TS_Relationship","generic_fish_no_swimbladder"
"23602","None","Primary_Length_Type","total_length"
"23602","None","Secondary_Length_Type","fork_length"
"23602","None","Default_Length_Conversion","use_measured_length_type"
"23603","None","Default_TS_Relationship","generic_fish_no_swimbladder"
"23603","None","Specific_TS_Relationship","generic_fish_no_swimbladder"
"23603","None","Primary_Length_Type","total_length"
"23603","None","Secondary_Length_Type","fork_length"
"23603","None","Default_Length_Conversion","use_measured_length_type"
"23620","None","Default_TS_Relationship","generic_fish_no_swimbladder"
"23620","None","Specific_TS_Relationship","generic_fish_no_swimbladder"
"23620","None","Primary_Length_Type","total_length"
"23620","None","Secondary_Length_Type","fork_length"
"23620","None","Default_Length_Conversion","use_measured_length_type"
"23621","None","Default_TS_Relationship","generic_fish_no_swimbladder"
"23621","None","Specific_TS_Relationship","generic_fish_no_swimbladder"
"23621","None","Primary_Length_Type","total_length"
"23621","None","Secondary_Length_Type","fork_length"
"10290","None","Min_Length","0"
"10290","None","Max_Length","999"
"10290","None","Min_Weight","0"
"10290","None","Max_Weight","999"
"23657","None","Default_TS_Relationship","generic_fish_no_swimbladder"
"23621","None","Default_Length_Conversion","use_measured_length_type"
"10290","None","Previous_Occurrence","Y"
"10290","None","Allow_Null_Count","N"
"23657","None","Specific_TS_Relationship","generic_fish_no_swimbladder"
"23657","None","Primary_Length_Type","total_length"
"23657","None","Secondary_Length_Type","fork_length"
"23657","None","Default_Length_Conversion","use_measured_length_type"
"23700","None","Default_TS_Relationship","generic_fish_no_swimbladder"
"23700","None","Specific_TS_Relationship","generic_fish_no_swimbladder"
"23700","None","Primary_Length_Type","total_length"
"23700","None","Secondary_Length_Type","fork_length"
"23700","None","Default_Length_Conversion","use_measured_length_type"
"23710","None","Default_TS_Relationship","generic_fish_no_swimbladder"
"23710","None","Specific_TS_Relationship","generic_fish_no_swimbladder"
"23710","None","Primary_Length_Type","total_length"
"23710","None","Secondary_Length_Type","fork_length"
"23710","None","Default_Length_Conversion","use_measured_length_type"
"23720","None","Default_TS_Relationship","generic_fish_no_swimbladder"
"23720","None","Specific_TS_Relationship","generic_fish_no_swimbladder"
"23720","None","Primary_Length_Type","total_length"
"23720","None","Secondary_Length_Type","fork_length"
"23720","None","Default_Length_Conversion","use_measured_length_type"
"23791","None","Default_TS_Relationship","generic_fish_no_swimbladder"
"23791","None","Specific_TS_Relationship","generic_fish_no_swimbladder"
"23791","None","Primary_Length_Type","total_length"
"23791","None","Secondary_Length_Type","fork_length"
"23791","None","Default_Length_Conversion","use_measured_length_type"
"1","None","Min_Length","0"
"1","None","Max_Length","999"
"1","None","Min_Weight","0"
"1","None","Max_Weight","999"
"23792","None","Default_TS_Relationship","generic_fish_no_swimbladder"
"23792","None","Specific_TS_Relationship","generic_fish_no_swimbladder"
"1","None","Previous_Occurrence","Y"
"1","None","Allow_Null_Count","N"
"93150","None","Min_Length","0"
"93150","None","Max_Length","999"
"93150","None","Min_Weight","0"
"93150","None","Max_Weight","999"
"23792","None","Primary_Length_Type","total_length"
"23792","None","Secondary_Length_Type","fork_length"
"93150","None","Previous_Occurrence","N"
"93150","None","Allow_Null_Count","N"
"23011","None","Min_Length","2"
"23011","None","Max_Length","8"
"23011","None","Min_Weight","0"
"23011","None","Max_Weight","999"
"23792","None","Default_Length_Conversion","use_measured_length_type"
"23800","None","Default_TS_Relationship","generic_fish_no_swimbladder"
"23011","None","Previous_Occurrence","N"
"23011","None","Allow_Null_Count","N"
"78022","None","Min_Length","0"
"78022","None","Max_Length","999"
"78022","None","Min_Weight","0"
"78022","None","Max_Weight","999"
"23800","None","Specific_TS_Relationship","generic_fish_no_swimbladder"
"23800","None","Primary_Length_Type","total_length"
"78022","None","Previous_Occurrence","Y"
"78022","None","Allow_Null_Count","N"
"999991","None","Min_Length","0"
"999991","None","Max_Length","999"
"999991","None","Min_Weight","0"
"999991","None","Max_Weight","999"
"23800","None","Secondary_Length_Type","fork_length"
"23800","None","Default_Length_Conversion","use_measured_length_type"
"999991","None","Previous_Occurrence","N"
"999991","None","Allow_Null_Count","N"
"999992","None","Min_Length","0"
"999992","None","Max_Length","999"
"999992","None","Min_Weight","0"
"999992","None","Max_Weight","999"
"23801","None","Default_TS_Relationship","generic_fish_no_swimbladder"
"23801","None","Specific_TS_Relationship","generic_fish_no_swimbladder"
"999992","None","Previous_Occurrence","N"
"999992","None","Allow_Null_Count","N"
"999993","None","Min_Length","0"
"999993","None","Max_Length","999"
"999993","None","Min_Weight","0"
"999993","None","Max_Weight","999"
"23801","None","Primary_Length_Type","total_length"
"23801","None","Secondary_Length_Type","fork_length"
"999993","None","Previous_Occurrence","N"
"999993","None","Allow_Null_Count","N"
"999994","None","Min_Length","0"
"999994","None","Max_Length","999"
"999994","None","Min_Weight","0"
"999994","None","Max_Weight","999"
"23801","None","Default_Length_Conversion","use_measured_length_type"
"23802","None","Default_TS_Relationship","generic_fish_no_swimbladder"
"999994","None","Previous_Occurrence","N"
"999994","None","Allow_Null_Count","N"
"999995","None","Min_Length","0"
"999995","None","Max_Length","999"
"999995","None","Min_Weight","0"
"999995","None","Max_Weight","999"
"23802","None","Specific_TS_Relationship","generic_fish_no_swimbladder"
"23802","None","Primary_Length_Type","total_length"
"999995","None","Previous_Occurrence","N"
"999995","None","Allow_Null_Count","N"
"999996","None","Min_Length","0"
"999996","None","Max_Length","999"
"999996","None","Min_Weight","0"
"999996","None","Max_Weight","999"
"23802","None","Secondary_Length_Type","fork_length"
"23802","None","Default_Length_Conversion","use_measured_length_type"
"999996","None","Previous_Occurrence","N"
"999996","None","Allow_Null_Count","N"
"999998","None","Min_Length","0"
"999998","None","Max_Length","999"
"999998","None","Min_Weight","0"
"999998","None","Max_Weight","999"
"23803","None","Default_TS_Relationship","generic_fish_no_swimbladder"
"23803","None","Specific_TS_Relationship","generic_fish_no_swimbladder"
"999998","None","Previous_Occurrence","N"
"999998","None","Allow_Null_Count","N"
"999999","None","Min_Length","0"
"999999","None","Max_Length","999"
"999999","None","Min_Weight","0"
"999999","None","Max_Weight","999"
"23803","None","Primary_Length_Type","total_length"
"23803","None","Secondary_Length_Type","fork_length"
"999999","None","Previous_Occurrence","N"
"999999","None","Allow_Null_Count","N"
"64100","None","Min_Length","0"
"64100","None","Max_Length","999"
"64100","None","Min_Weight","0"
"64100","None","Max_Weight","999"
"23803","None","Default_Length_Conversion","use_measured_length_type"
"23804","None","Default_TS_Relationship","generic_fish_no_swimbladder"
"64100","None","Previous_Occurrence","N"
"64100","None","Allow_Null_Count","N"
"999997","None","Min_Length","0"
"999997","None","Max_Length","999"
"999997","None","Min_Weight","0"
"999997","None","Max_Weight","999"
"23804","None","Specific_TS_Relationship","generic_fish_no_swimbladder"
"23804","None","Primary_Length_Type","total_length"
"999997","None","Previous_Occurrence","N"
"999997","None","Allow_Null_Count","N"
"23804","None","Secondary_Length_Type","fork_length"
"23804","None","Default_Length_Conversion","use_measured_length_type"
"23805","None","Default_TS_Relationship","generic_fish_no_swimbladder"
"23805","None","Specific_TS_Relationship","generic_fish_no_swimbladder"
"23805","None","Primary_Length_Type","total_length"
"23805","None","Secondary_Length_Type","fork_length"
"23805","None","Default_Length_Conversion","use_measured_length_type"
"23806","None","Default_TS_Relationship","generic_fish_no_swimbladder"
"23806","None","Specific_TS_Relationship","generic_fish_no_swimbladder"
"23806","None","Primary_Length_Type","total_length"
"23806","None","Secondary_Length_Type","fork_length"
"23806","None","Default_Length_Conversion","use_measured_length_type"
"23807","None","Default_TS_Relationship","generic_fish_no_swimbladder"
"23807","None","Specific_TS_Relationship","generic_fish_no_swimbladder"
"23807","None","Primary_Length_Type","total_length"
"23807","None","Secondary_Length_Type","fork_length"
"23807","None","Default_Length_Conversion","use_measured_length_type"
"23808","None","Default_TS_Relationship","generic_fish_no_swimbladder"
"23808","None","Specific_TS_Relationship","generic_fish_no_swimbladder"
"23808","None","Primary_Length_Type","total_length"
"23808","None","Secondary_Length_Type","fork_length"
"23808","None","Default_Length_Conversion","use_measured_length_type"
"23809","None","Default_TS_Relationship","generic_fish_no_swimbladder"
"23809","None","Specific_TS_Relationship","generic_fish_no_swimbladder"
"23809","None","Primary_Length_Type","total_length"
"23809","None","Secondary_Length_Type","fork_length"
"23809","None","Default_Length_Conversion","use_measured_length_type"
"23836","None","Default_TS_Relationship","generic_fish_no_swimbladder"
"23836","None","Specific_TS_Relationship","generic_fish_no_swimbladder"
"21720","None","Maturity_Table","3"
"23836","None","Secondary_Length_Type","fork_length"
"23836","None","Primary_Length_Type","total_length"
"23836","None","Default_Length_Conversion","use_measured_length_type"
"23840","None","Default_TS_Relationship","generic_fish_no_swimbladder"
"23840","None","Specific_TS_Relationship","generic_fish_no_swimbladder"
"23840","None","Primary_Length_Type","total_length"
"23840","None","Secondary_Length_Type","fork_length"
"23840","None","Default_Length_Conversion","use_measured_length_type"
"23841","None","Default_TS_Relationship","generic_fish_no_swimbladder"
"23841","None","Specific_TS_Relationship","generic_fish_no_swimbladder"
"23841","None","Primary_Length_Type","total_length"
"23841","None","Secondary_Length_Type","fork_length"
"23841","None","Default_Length_Conversion","use_measured_length_type"
"23843","None","Default_TS_Relationship","generic_fish_no_swimbladder"
"23843","None","Specific_TS_Relationship","generic_fish_no_swimbladder"
"23843","None","Primary_Length_Type","total_length"
"23843","None","Secondary_Length_Type","fork_length"
"23843","None","Default_Length_Conversion","use_measured_length_type"
"23850","None","Default_TS_Relationship","generic_fish_no_swimbladder"
"23850","None","Specific_TS_Relationship","generic_fish_no_swimbladder"
"23850","None","Primary_Length_Type","total_length"
"23850","None","Secondary_Length_Type","fork_length"
"23850","None","Default_Length_Conversion","use_measured_length_type"
"23851","None","Default_TS_Relationship","generic_fish_no_swimbladder"
"23851","None","Specific_TS_Relationship","generic_fish_no_swimbladder"
"23851","None","Primary_Length_Type","total_length"
"23851","None","Secondary_Length_Type","fork_length"
"23851","None","Default_Length_Conversion","use_measured_length_type"
"23861","None","Default_TS_Relationship","generic_fish_no_swimbladder"
"23861","None","Specific_TS_Relationship","generic_fish_no_swimbladder"
"23861","None","Primary_Length_Type","total_length"
"23861","None","Secondary_Length_Type","fork_length"
"23861","None","Default_Length_Conversion","use_measured_length_type"
"23862","None","Default_TS_Relationship","generic_fish_no_swimbladder"
"23862","None","Specific_TS_Relationship","generic_fish_no_swimbladder"
"23862","None","Primary_Length_Type","total_length"
"23862","None","Secondary_Length_Type","fork_length"
"23862","None","Default_Length_Conversion","use_measured_length_type"
"23863","None","Default_TS_Relationship","generic_fish_no_swimbladder"
"23863","None","Specific_TS_Relationship","generic_fish_no_swimbladder"
"23863","None","Primary_Length_Type","total_length"
"23863","None","Secondary_Length_Type","fork_length"
"23863","None","Default_Length_Conversion","use_measured_length_type"
"23865","None","Default_TS_Relationship","generic_fish_no_swimbladder"
"23865","None","Specific_TS_Relationship","generic_fish_no_swimbladder"
"23865","None","Primary_Length_Type","total_length"
"23865","None","Secondary_Length_Type","fork_length"
"23865","None","Default_Length_Conversion","use_measured_length_type"
"23866","None","Default_TS_Relationship","generic_fish_no_swimbladder"
"23866","None","Specific_TS_Relationship","generic_fish_no_swimbladder"
"23866","None","Primary_Length_Type","total_length"
"23866","None","Secondary_Length_Type","fork_length"
"23866","None","Default_Length_Conversion","use_measured_length_type"
"23871","None","Default_TS_Relationship","generic_swimbladder_fish"
"23871","None","Specific_TS_Relationship","generic_swimbladder_fish"
"23871","None","Primary_Length_Type","total_length"
"23871","None","Secondary_Length_Type","fork_length"
"23871","None","Default_Length_Conversion","use_measured_length_type"
"23872","None","Default_TS_Relationship","generic_swimbladder_fish"
"23872","None","Specific_TS_Relationship","generic_swimbladder_fish"
"23872","None","Primary_Length_Type","total_length"
"23872","None","Secondary_Length_Type","fork_length"
"23872","None","Default_Length_Conversion","use_measured_length_type"
"23873","None","Default_TS_Relationship","generic_swimbladder_fish"
"23873","None","Specific_TS_Relationship","generic_swimbladder_fish"
"23873","None","Primary_Length_Type","total_length"
"23873","None","Secondary_Length_Type","fork_length"
"23873","None","Default_Length_Conversion","use_measured_length_type"
"23900","None","Default_TS_Relationship","generic_swimbladder_fish"
"23900","None","Specific_TS_Relationship","generic_swimbladder_fish"
"23900","None","Primary_Length_Type","total_length"
"23900","None","Secondary_Length_Type","fork_length"
"23900","None","Default_Length_Conversion","use_measured_length_type"
"23911","None","Default_TS_Relationship","generic_swimbladder_fish"
"23911","None","Specific_TS_Relationship","generic_swimbladder_fish"
"23911","None","Primary_Length_Type","total_length"
"23911","None","Secondary_Length_Type","fork_length"
"23911","None","Default_Length_Conversion","use_measured_length_type"
"23915","None","Default_TS_Relationship","generic_swimbladder_fish"
"23915","None","Specific_TS_Relationship","generic_swimbladder_fish"
"23915","None","Primary_Length_Type","total_length"
"23915","None","Secondary_Length_Type","fork_length"
"23915","None","Default_Length_Conversion","use_measured_length_type"
"23932","None","Default_TS_Relationship","generic_fish_no_swimbladder"
"23932","None","Specific_TS_Relationship","generic_fish_no_swimbladder"
"23932","None","Primary_Length_Type","total_length"
"23932","None","Secondary_Length_Type","fork_length"
"23932","None","Default_Length_Conversion","use_measured_length_type"
"23933","None","Default_TS_Relationship","generic_fish_no_swimbladder"
"23933","None","Specific_TS_Relationship","generic_fish_no_swimbladder"
"23933","None","Primary_Length_Type","total_length"
"23933","None","Secondary_Length_Type","fork_length"
"23933","None","Default_Length_Conversion","use_measured_length_type"
"23940","None","Default_TS_Relationship","generic_swimbladder_fish"
"23940","None","Specific_TS_Relationship","generic_swimbladder_fish"
"23940","None","Primary_Length_Type","total_length"
"23940","None","Secondary_Length_Type","fork_length"
"23940","None","Default_Length_Conversion","use_measured_length_type"
"23942","None","Default_TS_Relationship","generic_swimbladder_fish"
"23942","None","Specific_TS_Relationship","generic_swimbladder_fish"
"23942","None","Primary_Length_Type","total_length"
"23942","None","Secondary_Length_Type","fork_length"
"23942","None","Default_Length_Conversion","use_measured_length_type"
"23943","None","Default_TS_Relationship","generic_swimbladder_fish"
"23943","None","Specific_TS_Relationship","generic_swimbladder_fish"
"23943","None","Primary_Length_Type","total_length"
"23943","None","Secondary_Length_Type","fork_length"
"23943","None","Default_Length_Conversion","use_measured_length_type"
"23944","None","Default_TS_Relationship","generic_swimbladder_fish"
"23944","None","Specific_TS_Relationship","generic_swimbladder_fish"
"23944","None","Primary_Length_Type","total_length"
"23944","None","Secondary_Length_Type","fork_length"
"23944","None","Default_Length_Conversion","use_measured_length_type"
"23945","None","Default_TS_Relationship","generic_swimbladder_fish"
"23945","None","Specific_TS_Relationship","generic_swimbladder_fish"
"23945","None","Primary_Length_Type","total_length"
"23945","None","Secondary_Length_Type","fork_length"
"23945","None","Default_Length_Conversion","use_measured_length_type"
"23950","None","Default_TS_Relationship","generic_swimbladder_fish"
"23950","None","Specific_TS_Relationship","generic_swimbladder_fish"
"23950","None","Primary_Length_Type","total_length"
"23950","None","Secondary_Length_Type","fork_length"
"23950","None","Default_Length_Conversion","use_measured_length_type"
"23952","None","Default_TS_Relationship","generic_swimbladder_fish"
"23952","None","Specific_TS_Relationship","generic_swimbladder_fish"
"23952","None","Primary_Length_Type","total_length"
"23952","None","Secondary_Length_Type","fork_length"
"23952","None","Default_Length_Conversion","use_measured_length_type"
"23958","None","Default_TS_Relationship","generic_swimbladder_fish"
"23958","None","Specific_TS_Relationship","generic_swimbladder_fish"
"23958","None","Primary_Length_Type","total_length"
"23958","None","Secondary_Length_Type","fork_length"
"23958","None","Default_Length_Conversion","use_measured_length_type"
"23960","None","Default_TS_Relationship","generic_fish_no_swimbladder"
"23960","None","Specific_TS_Relationship","generic_fish_no_swimbladder"
"23960","None","Default_Length_Conversion","use_measured_length_type"
"23960","None","Primary_Length_Type","total_length"
"23960","None","Secondary_Length_Type","fork_length"
"23961","None","Default_TS_Relationship","generic_fish_no_swimbladder"
"23961","None","Specific_TS_Relationship","generic_fish_no_swimbladder"
"23961","None","Primary_Length_Type","total_length"
"23961","None","Secondary_Length_Type","fork_length"
"23961","None","Default_Length_Conversion","use_measured_length_type"
"23962","None","Default_TS_Relationship","generic_fish_no_swimbladder"
"23962","None","Specific_TS_Relationship","generic_fish_no_swimbladder"
"23962","None","Primary_Length_Type","total_length"
"23962","None","Secondary_Length_Type","fork_length"
"23962","None","Default_Length_Conversion","use_measured_length_type"
"23963","None","Default_TS_Relationship","generic_fish_no_swimbladder"
"23963","None","Specific_TS_Relationship","generic_fish_no_swimbladder"
"23963","None","Primary_Length_Type","total_length"
"23963","None","Secondary_Length_Type","fork_length"
"23963","None","Default_Length_Conversion","use_measured_length_type"
"23970","None","Default_TS_Relationship","non_scaling"
"23970","None","Specific_TS_Relationship","non_scaling"
"23970","None","Primary_Length_Type","total_length"
"23970","None","Secondary_Length_Type","total_length"
"23970","None","Default_Length_Conversion","use_measured_length_type"
"24001","None","Default_TS_Relationship","generic_fish_no_swimbladder"
"24001","None","Specific_TS_Relationship","generic_fish_no_swimbladder"
"24001","None","Primary_Length_Type","total_length"
"24001","None","Secondary_Length_Type","fork_length"
"24001","None","Default_Length_Conversion","use_measured_length_type"
"24100","None","Default_TS_Relationship","generic_fish_no_swimbladder"
"24100","None","Specific_TS_Relationship","generic_fish_no_swimbladder"
"24100","None","Primary_Length_Type","total_length"
"24100","None","Secondary_Length_Type","fork_length"
"24100","None","Default_Length_Conversion","use_measured_length_type"
"24110","None","Default_TS_Relationship","generic_fish_no_swimbladder"
"24110","None","Specific_TS_Relationship","generic_fish_no_swimbladder"
"24110","None","Primary_Length_Type","total_length"
"24110","None","Secondary_Length_Type","fork_length"
"24110","None","Default_Length_Conversion","use_measured_length_type"
"24111","None","Default_TS_Relationship","generic_fish_no_swimbladder"
"24111","None","Specific_TS_Relationship","generic_fish_no_swimbladder"
"24111","None","Primary_Length_Type","total_length"
"24111","None","Secondary_Length_Type","fork_length"
"24111","None","Default_Length_Conversion","use_measured_length_type"
"24113","None","Default_TS_Relationship","generic_fish_no_swimbladder"
"24113","None","Specific_TS_Relationship","generic_fish_no_swimbladder"
"24113","None","Primary_Length_Type","total_length"
"24113","None","Secondary_Length_Type","fork_length"
"24113","None","Default_Length_Conversion","use_measured_length_type"
"24114","None","Default_TS_Relationship","generic_fish_no_swimbladder"
"24114","None","Specific_TS_Relationship","generic_fish_no_swimbladder"
"24114","None","Primary_Length_Type","total_length"
"24114","None","Secondary_Length_Type","fork_length"
"24114","None","Default_Length_Conversion","use_measured_length_type"
"24120","None","Default_TS_Relationship","generic_fish_no_swimbladder"
"24120","None","Specific_TS_Relationship","generic_fish_no_swimbladder"
"24120","None","Primary_Length_Type","total_length"
"24120","None","Secondary_Length_Type","fork_length"
"24120","None","Default_Length_Conversion","use_measured_length_type"
"24130","None","Default_TS_Relationship","generic_fish_no_swimbladder"
"24130","None","Specific_TS_Relationship","generic_fish_no_swimbladder"
"24130","None","Primary_Length_Type","total_length"
"24130","None","Secondary_Length_Type","fork_length"
"24130","None","Default_Length_Conversion","use_measured_length_type"
"24140","None","Default_TS_Relationship","generic_fish_no_swimbladder"
"24140","None","Specific_TS_Relationship","generic_fish_no_swimbladder"
"24140","None","Primary_Length_Type","total_length"
"24140","None","Secondary_Length_Type","fork_length"
"24140","None","Default_Length_Conversion","use_measured_length_type"
"24150","None","Default_TS_Relationship","generic_fish_no_swimbladder"
"24150","None","Specific_TS_Relationship","generic_fish_no_swimbladder"
"24150","None","Primary_Length_Type","total_length"
"24150","None","Secondary_Length_Type","fork_length"
"24150","None","Default_Length_Conversion","use_measured_length_type"
"24151","None","Default_TS_Relationship","generic_fish_no_swimbladder"
"24151","None","Specific_TS_Relationship","generic_fish_no_swimbladder"
"24151","None","Primary_Length_Type","total_length"
"24151","None","Secondary_Length_Type","fork_length"
"24151","None","Default_Length_Conversion","use_measured_length_type"
"24152","None","Default_TS_Relationship","generic_fish_no_swimbladder"
"24152","None","Specific_TS_Relationship","generic_fish_no_swimbladder"
"24152","None","Primary_Length_Type","total_length"
"24152","None","Secondary_Length_Type","fork_length"
"24152","None","Default_Length_Conversion","use_measured_length_type"
"24153","None","Default_TS_Relationship","generic_fish_no_swimbladder"
"24153","None","Specific_TS_Relationship","generic_fish_no_swimbladder"
"24153","None","Primary_Length_Type","total_length"
"24153","None","Secondary_Length_Type","fork_length"
"24153","None","Default_Length_Conversion","use_measured_length_type"
"24158","None","Default_TS_Relationship","generic_fish_no_swimbladder"
"24158","None","Specific_TS_Relationship","generic_fish_no_swimbladder"
"24158","None","Primary_Length_Type","total_length"
"24158","None","Secondary_Length_Type","fork_length"
"24158","None","Default_Length_Conversion","use_measured_length_type"
"24160","None","Default_TS_Relationship","generic_fish_no_swimbladder"
"24160","None","Specific_TS_Relationship","generic_fish_no_swimbladder"
"24160","None","Primary_Length_Type","total_length"
"24160","None","Secondary_Length_Type","fork_length"
"24160","None","Default_Length_Conversion","use_measured_length_type"
"24165","None","Default_TS_Relationship","generic_fish_no_swimbladder"
"24165","None","Specific_TS_Relationship","generic_fish_no_swimbladder"
"24165","None","Primary_Length_Type","total_length"
"24165","None","Secondary_Length_Type","fork_length"
"24165","None","Default_Length_Conversion","use_measured_length_type"
"24166","None","Default_TS_Relationship","generic_fish_no_swimbladder"
"24166","None","Specific_TS_Relationship","generic_fish_no_swimbladder"
"24166","None","Primary_Length_Type","total_length"
"24166","None","Secondary_Length_Type","fork_length"
"24166","None","Default_Length_Conversion","use_measured_length_type"
"24170","None","Default_TS_Relationship","generic_fish_no_swimbladder"
"24170","None","Specific_TS_Relationship","generic_fish_no_swimbladder"
"24170","None","Primary_Length_Type","total_length"
"24170","None","Secondary_Length_Type","fork_length"
"24170","None","Default_Length_Conversion","use_measured_length_type"
"24180","None","Default_TS_Relationship","generic_fish_no_swimbladder"
"24180","None","Specific_TS_Relationship","generic_fish_no_swimbladder"
"24180","None","Primary_Length_Type","total_length"
"24180","None","Secondary_Length_Type","fork_length"
"24180","None","Default_Length_Conversion","use_measured_length_type"
"24181","None","Default_TS_Relationship","generic_fish_no_swimbladder"
"24181","None","Specific_TS_Relationship","generic_fish_no_swimbladder"
"24181","None","Primary_Length_Type","total_length"
"24181","None","Secondary_Length_Type","fork_length"
"24181","None","Default_Length_Conversion","use_measured_length_type"
"24182","None","Default_TS_Relationship","generic_fish_no_swimbladder"
"24182","None","Specific_TS_Relationship","generic_fish_no_swimbladder"
"24182","None","Primary_Length_Type","total_length"
"24182","None","Secondary_Length_Type","fork_length"
"24182","None","Default_Length_Conversion","use_measured_length_type"
"24184","None","Default_TS_Relationship","generic_fish_no_swimbladder"
"24184","None","Specific_TS_Relationship","generic_fish_no_swimbladder"
"24184","None","Primary_Length_Type","total_length"
"24184","None","Secondary_Length_Type","fork_length"
"24184","None","Default_Length_Conversion","use_measured_length_type"
"24185","None","Default_TS_Relationship","generic_fish_no_swimbladder"
"24185","None","Specific_TS_Relationship","generic_fish_no_swimbladder"
"24185","None","Primary_Length_Type","total_length"
"24185","None","Secondary_Length_Type","fork_length"
"24185","None","Default_Length_Conversion","use_measured_length_type"
"24186","None","Default_TS_Relationship","generic_fish_no_swimbladder"
"24186","None","Specific_TS_Relationship","generic_fish_no_swimbladder"
"24186","None","Primary_Length_Type","total_length"
"24186","None","Secondary_Length_Type","fork_length"
"24186","None","Default_Length_Conversion","use_measured_length_type"
"24187","None","Default_TS_Relationship","generic_fish_no_swimbladder"
"24187","None","Specific_TS_Relationship","generic_fish_no_swimbladder"
"24187","None","Primary_Length_Type","total_length"
"24187","None","Secondary_Length_Type","fork_length"
"24187","None","Default_Length_Conversion","use_measured_length_type"
"24188","None","Default_TS_Relationship","generic_fish_no_swimbladder"
"24188","None","Specific_TS_Relationship","generic_fish_no_swimbladder"
"24188","None","Primary_Length_Type","total_length"
"24188","None","Secondary_Length_Type","fork_length"
"24188","None","Default_Length_Conversion","use_measured_length_type"
"24189","None","Default_TS_Relationship","generic_fish_no_swimbladder"
"24189","None","Specific_TS_Relationship","generic_fish_no_swimbladder"
"24189","None","Primary_Length_Type","total_length"
"24189","None","Secondary_Length_Type","fork_length"
"24189","None","Default_Length_Conversion","use_measured_length_type"
"24190","None","Default_TS_Relationship","generic_fish_no_swimbladder"
"24190","None","Specific_TS_Relationship","generic_fish_no_swimbladder"
"24190","None","Primary_Length_Type","total_length"
"24190","None","Secondary_Length_Type","fork_length"
"24190","None","Default_Length_Conversion","use_measured_length_type"
"24191","None","Default_TS_Relationship","generic_fish_no_swimbladder"
"24191","None","Specific_TS_Relationship","generic_fish_no_swimbladder"
"24191","None","Primary_Length_Type","total_length"
"24191","None","Secondary_Length_Type","fork_length"
"24191","None","Default_Length_Conversion","use_measured_length_type"
"24192","None","Default_TS_Relationship","generic_fish_no_swimbladder"
"24192","None","Specific_TS_Relationship","generic_fish_no_swimbladder"
"24192","None","Primary_Length_Type","total_length"
"24192","None","Secondary_Length_Type","fork_length"
"24192","None","Default_Length_Conversion","use_measured_length_type"
"24193","None","Default_TS_Relationship","generic_fish_no_swimbladder"
"24193","None","Specific_TS_Relationship","generic_fish_no_swimbladder"
"24193","None","Primary_Length_Type","total_length"
"24193","None","Secondary_Length_Type","fork_length"
"24193","None","Default_Length_Conversion","use_measured_length_type"
"24194","None","Default_TS_Relationship","generic_fish_no_swimbladder"
"24194","None","Specific_TS_Relationship","generic_fish_no_swimbladder"
"24194","None","Primary_Length_Type","total_length"
"24194","None","Secondary_Length_Type","fork_length"
"24194","None","Default_Length_Conversion","use_measured_length_type"
"24200","None","Default_TS_Relationship","generic_fish_no_swimbladder"
"24200","None","Specific_TS_Relationship","generic_fish_no_swimbladder"
"24200","None","Primary_Length_Type","total_length"
"24200","None","Secondary_Length_Type","fork_length"
"24200","None","Default_Length_Conversion","use_measured_length_type"
"24220","None","Default_TS_Relationship","generic_fish_no_swimbladder"
"24220","None","Specific_TS_Relationship","generic_fish_no_swimbladder"
"24220","None","Primary_Length_Type","total_length"
"24220","None","Secondary_Length_Type","fork_length"
"24220","None","Default_Length_Conversion","use_measured_length_type"
"24230","None","Default_TS_Relationship","generic_fish_no_swimbladder"
"24230","None","Specific_TS_Relationship","generic_fish_no_swimbladder"
"24230","None","Primary_Length_Type","total_length"
"24230","None","Secondary_Length_Type","fork_length"
"24230","None","Default_Length_Conversion","use_measured_length_type"
"24231","None","Default_TS_Relationship","generic_fish_no_swimbladder"
"24231","None","Specific_TS_Relationship","generic_fish_no_swimbladder"
"24231","None","Primary_Length_Type","total_length"
"24231","None","Secondary_Length_Type","fork_length"
"24231","None","Default_Length_Conversion","use_measured_length_type"
"24232","None","Default_TS_Relationship","generic_fish_no_swimbladder"
"24232","None","Specific_TS_Relationship","generic_fish_no_swimbladder"
"24232","None","Primary_Length_Type","total_length"
"24232","None","Secondary_Length_Type","fork_length"
"24232","None","Default_Length_Conversion","use_measured_length_type"
"24233","None","Default_TS_Relationship","generic_fish_no_swimbladder"
"24233","None","Specific_TS_Relationship","generic_fish_no_swimbladder"
"24233","None","Primary_Length_Type","total_length"
"24233","None","Secondary_Length_Type","fork_length"
"24233","None","Default_Length_Conversion","use_measured_length_type"
"24240","None","Default_TS_Relationship","generic_fish_no_swimbladder"
"24240","None","Specific_TS_Relationship","generic_fish_no_swimbladder"
"24240","None","Primary_Length_Type","total_length"
"24240","None","Secondary_Length_Type","fork_length"
"24240","None","Default_Length_Conversion","use_measured_length_type"
"24393","None","Default_TS_Relationship","generic_fish_no_swimbladder"
"24393","None","Specific_TS_Relationship","generic_fish_no_swimbladder"
"24393","None","Primary_Length_Type","total_length"
"24393","None","Secondary_Length_Type","fork_length"
"24393","None","Default_Length_Conversion","use_measured_length_type"
"24394","None","Default_TS_Relationship","generic_fish_no_swimbladder"
"24394","None","Specific_TS_Relationship","generic_fish_no_swimbladder"
"24394","None","Primary_Length_Type","total_length"
"24394","None","Secondary_Length_Type","fork_length"
"24394","None","Default_Length_Conversion","use_measured_length_type"
"24395","None","Default_TS_Relationship","generic_fish_no_swimbladder"
"24395","None","Specific_TS_Relationship","generic_fish_no_swimbladder"
"24395","None","Primary_Length_Type","total_length"
"24395","None","Secondary_Length_Type","fork_length"
"24395","None","Default_Length_Conversion","use_measured_length_type"
"24404","None","Default_TS_Relationship","generic_swimbladder_fish"
"24404","None","Specific_TS_Relationship","generic_swimbladder_fish"
"24404","None","Primary_Length_Type","total_length"
"24404","None","Secondary_Length_Type","fork_length"
"24404","None","Default_Length_Conversion","use_measured_length_type"
"25100","None","Default_TS_Relationship","generic_swimbladder_fish"
"25100","None","Specific_TS_Relationship","generic_swimbladder_fish"
"25100","None","Primary_Length_Type","total_length"
"25100","None","Secondary_Length_Type","fork_length"
"25100","None","Default_Length_Conversion","use_measured_length_type"
"25120","None","Default_TS_Relationship","generic_swimbladder_fish"
"25120","None","Specific_TS_Relationship","generic_swimbladder_fish"
"25120","None","Primary_Length_Type","total_length"
"25120","None","Secondary_Length_Type","fork_length"
"25120","None","Default_Length_Conversion","use_measured_length_type"
"26050","None","Default_TS_Relationship","generic_fish_no_swimbladder"
"26050","None","Specific_TS_Relationship","generic_fish_no_swimbladder"
"26050","None","Primary_Length_Type","total_length"
"26050","None","Secondary_Length_Type","fork_length"
"26050","None","Default_Length_Conversion","use_measured_length_type"
"26053","None","Default_TS_Relationship","generic_fish_no_swimbladder"
"26053","None","Specific_TS_Relationship","generic_fish_no_swimbladder"
"26053","None","Primary_Length_Type","total_length"
"26053","None","Secondary_Length_Type","fork_length"
"26053","None","Default_Length_Conversion","use_measured_length_type"
"26060","None","Default_TS_Relationship","generic_fish_no_swimbladder"
"26060","None","Specific_TS_Relationship","generic_fish_no_swimbladder"
"26060","None","Primary_Length_Type","total_length"
"26060","None","Secondary_Length_Type","fork_length"
"26060","None","Default_Length_Conversion","use_measured_length_type"
"27020","None","Default_TS_Relationship","generic_swimbladder_fish"
"27020","None","Specific_TS_Relationship","generic_swimbladder_fish"
"27020","None","Primary_Length_Type","total_length"
"27020","None","Secondary_Length_Type","fork_length"
"27020","None","Default_Length_Conversion","use_measured_length_type"
"27028","None","Default_TS_Relationship","generic_fish_no_swimbladder"
"27028","None","Specific_TS_Relationship","generic_fish_no_swimbladder"
"27028","None","Primary_Length_Type","total_length"
"27028","None","Secondary_Length_Type","fork_length"
"27050","None","Default_TS_Relationship","generic_swimbladder_fish"
"27028","None","Default_Length_Conversion","use_measured_length_type"
"27050","None","Specific_TS_Relationship","generic_swimbladder_fish"
"27050","None","Primary_Length_Type","total_length"
"27050","None","Secondary_Length_Type","fork_length"
"27050","None","Default_Length_Conversion","use_measured_length_type"
"27051","None","Default_TS_Relationship","generic_swimbladder_fish"
"27051","None","Specific_TS_Relationship","generic_swimbladder_fish"
"27051","None","Primary_Length_Type","total_length"
"27051","None","Secondary_Length_Type","fork_length"
"27051","None","Default_Length_Conversion","use_measured_length_type"
"28532","None","Default_TS_Relationship","generic_swimbladder_fish"
"28532","None","Specific_TS_Relationship","generic_swimbladder_fish"
"28532","None","Primary_Length_Type","total_length"
"28532","None","Secondary_Length_Type","fork_length"
"28532","None","Default_Length_Conversion","use_measured_length_type"
"29990","None","Default_TS_Relationship","non_scaling"
"29990","None","Specific_TS_Relationship","non_scaling"
"29990","None","Primary_Length_Type","total_length"
"29990","None","Secondary_Length_Type","total_length"
"29990","None","Default_Length_Conversion","use_measured_length_type"
"29996","None","Default_TS_Relationship","non_scaling"
"29996","None","Specific_TS_Relationship","non_scaling"
"29996","None","Primary_Length_Type","total_length"
"29996","None","Secondary_Length_Type","total_length"
"29996","None","Default_Length_Conversion","use_measured_length_type"
"29999","None","Default_TS_Relationship","non_scaling"
"29999","None","Specific_TS_Relationship","non_scaling"
"29999","None","Primary_Length_Type","total_length"
"29999","None","Secondary_Length_Type","total_length"
"29999","None","Default_Length_Conversion","use_measured_length_type"
"30000","None","Default_TS_Relationship","generic_fish_no_swimbladder"
"30000","None","Specific_TS_Relationship","generic_fish_no_swimbladder"
"30000","None","Primary_Length_Type","total_length"
"30000","None","Secondary_Length_Type","fork_length"
"30000","None","Default_Length_Conversion","use_measured_length_type"
"30010","None","Default_TS_Relationship","generic_fish_no_swimbladder"
"30010","None","Specific_TS_Relationship","generic_fish_no_swimbladder"
"30010","None","Primary_Length_Type","total_length"
"30010","None","Secondary_Length_Type","fork_length"
"30010","None","Default_Length_Conversion","use_measured_length_type"
"30020","None","Default_TS_Relationship","generic_fish_no_swimbladder"
"30020","None","Specific_TS_Relationship","generic_fish_no_swimbladder"
"30020","None","Primary_Length_Type","total_length"
"30020","None","Secondary_Length_Type","fork_length"
"30020","None","Default_Length_Conversion","use_measured_length_type"
"30025","None","Default_TS_Relationship","generic_fish_no_swimbladder"
"30025","None","Specific_TS_Relationship","generic_fish_no_swimbladder"
"30025","None","Primary_Length_Type","total_length"
"30025","None","Secondary_Length_Type","fork_length"
"30025","None","Default_Length_Conversion","use_measured_length_type"
"30030","None","Default_TS_Relationship","generic_fish_no_swimbladder"
"30030","None","Specific_TS_Relationship","generic_fish_no_swimbladder"
"30030","None","Primary_Length_Type","total_length"
"30030","None","Secondary_Length_Type","fork_length"
"30030","None","Default_Length_Conversion","use_measured_length_type"
"30035","None","Default_TS_Relationship","generic_fish_no_swimbladder"
"30035","None","Specific_TS_Relationship","generic_fish_no_swimbladder"
"30035","None","Primary_Length_Type","total_length"
"30035","None","Secondary_Length_Type","fork_length"
"30035","None","Default_Length_Conversion","use_measured_length_type"
"30040","None","Default_TS_Relationship","generic_swimbladder_fish"
"30040","None","Specific_TS_Relationship","generic_swimbladder_fish"
"30040","None","Primary_Length_Type","fork_length"
"30040","None","Secondary_Length_Type","total_length"
"30040","None","Default_Length_Conversion","rockfish_length_conversions"
"30050","None","Default_TS_Relationship","generic_swimbladder_fish"
"30050","None","Specific_TS_Relationship","generic_swimbladder_fish"
"30050","None","Primary_Length_Type","fork_length"
"30050","None","Secondary_Length_Type","total_length"
"30050","None","Default_Length_Conversion","rockfish_length_conversions"
"30051","None","Default_TS_Relationship","generic_swimbladder_fish"
"30051","None","Specific_TS_Relationship","generic_swimbladder_fish"
"30051","None","Primary_Length_Type","fork_length"
"30051","None","Secondary_Length_Type","total_length"
"30051","None","Default_Length_Conversion","rockfish_length_conversions"
"30052","None","Default_TS_Relationship","generic_swimbladder_fish"
"30052","None","Specific_TS_Relationship","generic_swimbladder_fish"
"30052","None","Primary_Length_Type","fork_length"
"30052","None","Secondary_Length_Type","total_length"
"30052","None","Default_Length_Conversion","rockfish_length_conversions"
"30060","None","Default_TS_Relationship","generic_swimbladder_fish"
"30060","None","Specific_TS_Relationship","generic_swimbladder_fish"
"30060","None","Primary_Length_Type","fork_length"
"30060","None","Secondary_Length_Type","total_length"
"30060","None","Default_Length_Conversion","rockfish_length_conversions"
"30080","None","Default_TS_Relationship","generic_swimbladder_fish"
"30080","None","Specific_TS_Relationship","generic_swimbladder_fish"
"30080","None","Primary_Length_Type","fork_length"
"30080","None","Secondary_Length_Type","total_length"
"30080","None","Default_Length_Conversion","rockfish_length_conversions"
"30090","None","Default_TS_Relationship","generic_swimbladder_fish"
"30090","None","Specific_TS_Relationship","generic_swimbladder_fish"
"30090","None","Primary_Length_Type","fork_length"
"30090","None","Secondary_Length_Type","total_length"
"30090","None","Default_Length_Conversion","rockfish_length_conversions"
"30100","None","Default_TS_Relationship","generic_swimbladder_fish"
"30100","None","Specific_TS_Relationship","generic_swimbladder_fish"
"30100","None","Primary_Length_Type","fork_length"
"30100","None","Secondary_Length_Type","total_length"
"30100","None","Default_Length_Conversion","rockfish_length_conversions"
"30110","None","Default_TS_Relationship","generic_swimbladder_fish"
"30110","None","Specific_TS_Relationship","generic_swimbladder_fish"
"30110","None","Primary_Length_Type","fork_length"
"30110","None","Secondary_Length_Type","total_length"
"30110","None","Default_Length_Conversion","rockfish_length_conversions"
"30120","None","Default_TS_Relationship","generic_swimbladder_fish"
"30120","None","Specific_TS_Relationship","generic_swimbladder_fish"
"30120","None","Primary_Length_Type","fork_length"
"30120","None","Secondary_Length_Type","total_length"
"30120","None","Default_Length_Conversion","rockfish_length_conversions"
"30130","None","Default_TS_Relationship","generic_swimbladder_fish"
"30130","None","Specific_TS_Relationship","generic_swimbladder_fish"
"30130","None","Primary_Length_Type","fork_length"
"30130","None","Secondary_Length_Type","total_length"
"30130","None","Default_Length_Conversion","rockfish_length_conversions"
"30150","None","Default_TS_Relationship","generic_swimbladder_fish"
"30150","None","Specific_TS_Relationship","generic_swimbladder_fish"
"30150","None","Primary_Length_Type","fork_length"
"30150","None","Secondary_Length_Type","total_length"
"30150","None","Default_Length_Conversion","rockfish_length_conversions"
"30151","None","Default_TS_Relationship","generic_swimbladder_fish"
"30151","None","Specific_TS_Relationship","generic_swimbladder_fish"
"30151","None","Primary_Length_Type","fork_length"
"30151","None","Secondary_Length_Type","total_length"
"30151","None","Default_Length_Conversion","rockfish_length_conversions"
"30152","None","Default_TS_Relationship","generic_swimbladder_fish"
"30152","None","Specific_TS_Relationship","generic_swimbladder_fish"
"30152","None","Primary_Length_Type","fork_length"
"30152","None","Secondary_Length_Type","total_length"
"30152","None","Default_Length_Conversion","rockfish_length_conversions"
"30160","None","Default_TS_Relationship","generic_swimbladder_fish"
"30160","None","Specific_TS_Relationship","generic_swimbladder_fish"
"30160","None","Primary_Length_Type","fork_length"
"30160","None","Secondary_Length_Type","total_length"
"30160","None","Default_Length_Conversion","rockfish_length_conversions"
"30170","None","Default_TS_Relationship","generic_swimbladder_fish"
"30170","None","Specific_TS_Relationship","generic_swimbladder_fish"
"30170","None","Primary_Length_Type","fork_length"
"30180","None","Default_Length_Conversion","rockfish_length_conversions"
"30190","None","Default_TS_Relationship","generic_swimbladder_fish"
"30170","None","Secondary_Length_Type","total_length"
"30170","None","Default_Length_Conversion","rockfish_length_conversions"
"30180","None","Default_TS_Relationship","generic_swimbladder_fish"
"30190","None","Specific_TS_Relationship","generic_swimbladder_fish"
"30190","None","Primary_Length_Type","fork_length"
"30180","None","Specific_TS_Relationship","generic_swimbladder_fish"
"30180","None","Primary_Length_Type","fork_length"
"30180","None","Secondary_Length_Type","total_length"
"30190","None","Secondary_Length_Type","total_length"
"30190","None","Default_Length_Conversion","rockfish_length_conversions"
"30200","None","Default_TS_Relationship","generic_swimbladder_fish"
"30200","None","Specific_TS_Relationship","generic_swimbladder_fish"
"30200","None","Primary_Length_Type","fork_length"
"30200","None","Secondary_Length_Type","total_length"
"30200","None","Default_Length_Conversion","rockfish_length_conversions"
"30210","None","Default_TS_Relationship","generic_swimbladder_fish"
"30210","None","Specific_TS_Relationship","generic_swimbladder_fish"
"30210","None","Primary_Length_Type","fork_length"
"30210","None","Secondary_Length_Type","total_length"
"30210","None","Default_Length_Conversion","rockfish_length_conversions"
"30220","None","Default_TS_Relationship","generic_swimbladder_fish"
"30220","None","Specific_TS_Relationship","generic_swimbladder_fish"
"30220","None","Primary_Length_Type","fork_length"
"30220","None","Secondary_Length_Type","total_length"
"30220","None","Default_Length_Conversion","rockfish_length_conversions"
"30230","None","Default_TS_Relationship","generic_swimbladder_fish"
"30230","None","Specific_TS_Relationship","generic_swimbladder_fish"
"30230","None","Primary_Length_Type","fork_length"
"30230","None","Secondary_Length_Type","total_length"
"30230","None","Default_Length_Conversion","rockfish_length_conversions"
"30240","None","Default_TS_Relationship","generic_swimbladder_fish"
"30240","None","Specific_TS_Relationship","generic_swimbladder_fish"
"30240","None","Primary_Length_Type","fork_length"
"30240","None","Secondary_Length_Type","total_length"
"30240","None","Default_Length_Conversion","rockfish_length_conversions"
"40016","None","Default_TS_Relationship","chrysaora_melanaster"
"21110","None","Depth_Dependent_TS","true"
"40016","None","Secondary_Length_Type","bell_diameter"
"40016","None","Primary_Length_Type","bell_diameter"
"40016","None","Default_Length_Conversion","use_measured_length_type"
"40016","None","Specific_TS_Relationship","chrysaora_melanaster"
"40017","None","Specific_TS_Relationship","chrysaora_melanaster"
"40017","None","Default_Length_Conversion","use_measured_length_type"
"40017","None","Primary_Length_Type","bell_diameter"
"40017","None","Default_TS_Relationship","chrysaora_melanaster"
"40017","None","Secondary_Length_Type","bell_diameter"
"40519","None","Default_Length_Conversion","use_measured_length_type"
"21740","Adult","B_Param","5.504195e-06"
"21740","Adult","A_Param","3.08"
"21740","Age 3","A_Param","3.08"
"21740","Age 3","B_Param","5.504195e-06"
"21740","Age 1","A_Param","3.08"
"21740","None","B_Param","5.504195e-06"
"21740","Age 2","A_Param","3.08"
"21740","Age 0","A_Param","3.08"
"21740","Age 1","B_Param","5.504195e-06"
"21740","Age 2","B_Param","5.504195e-06"
"21740","None","A_Param","3.08"
"21740","Age 0","B_Param","5.504195e-06"
"40519","None","Default_TS_Relationship","chrysaora_melanaster"
"40519","None","Primary_Length_Type","bell_diameter"
"40519","None","Secondary_Length_Type","bell_diameter"
"40519","None","Specific_TS_Relationship","chrysaora_melanaster"
"43040","None","Specific_TS_Relationship","non_scaling"
"43040","None","Primary_Length_Type","total_length"
"43040","None","Secondary_Length_Type","total_length"
"43040","None","Default_Length_Conversion","use_measured_length_type"
"43041","None","Default_TS_Relationship","non_scaling"
"43041","None","Specific_TS_Relationship","non_scaling"
"43041","None","Primary_Length_Type","total_length"
"43041","None","Secondary_Length_Type","total_length"
"43041","None","Default_Length_Conversion","use_measured_length_type"
"43042","None","Default_TS_Relationship","non_scaling"
"43042","None","Specific_TS_Relationship","non_scaling"
"43042","None","Primary_Length_Type","total_length"
"43042","None","Secondary_Length_Type","total_length"
"43042","None","Default_Length_Conversion","use_measured_length_type"
"43045","None","Default_TS_Relationship","non_scaling"
"43045","None","Specific_TS_Relationship","non_scaling"
"43045","None","Primary_Length_Type","total_length"
"43045","None","Secondary_Length_Type","total_length"
"43045","None","Default_Length_Conversion","use_measured_length_type"
"43050","None","Default_TS_Relationship","non_scaling"
"43050","None","Specific_TS_Relationship","non_scaling"
"43050","None","Primary_Length_Type","total_length"
"43050","None","Secondary_Length_Type","total_length"
"43050","None","Default_Length_Conversion","use_measured_length_type"
"43082","None","Default_TS_Relationship","non_scaling"
"43082","None","Specific_TS_Relationship","non_scaling"
"43082","None","Primary_Length_Type","total_length"
"43082","None","Secondary_Length_Type","total_length"
"43082","None","Default_Length_Conversion","use_measured_length_type"
"43090","None","Default_TS_Relationship","non_scaling"
"43090","None","Specific_TS_Relationship","non_scaling"
"43090","None","Primary_Length_Type","total_length"
"43090","None","Secondary_Length_Type","total_length"
"43090","None","Default_Length_Conversion","use_measured_length_type"
"43100","None","Default_TS_Relationship","non_scaling"
"43100","None","Specific_TS_Relationship","non_scaling"
"43100","None","Primary_Length_Type","total_length"
"43100","None","Secondary_Length_Type","total_length"
"43100","None","Default_Length_Conversion","use_measured_length_type"
"43110","None","Default_TS_Relationship","non_scaling"
"43110","None","Specific_TS_Relationship","non_scaling"
"43110","None","Primary_Length_Type","total_length"
"43110","None","Secondary_Length_Type","total_length"
"43110","None","Default_Length_Conversion","use_measured_length_type"
"43200","None","Default_TS_Relationship","non_scaling"
"43200","None","Specific_TS_Relationship","non_scaling"
"43200","None","Primary_Length_Type","total_length"
"43200","None","Secondary_Length_Type","total_length"
"43200","None","Default_Length_Conversion","use_measured_length_type"
"43201","None","Default_TS_Relationship","non_scaling"
"43201","None","Specific_TS_Relationship","non_scaling"
"43201","None","Primary_Length_Type","total_length"
"43201","None","Secondary_Length_Type","total_length"
"43201","None","Default_Length_Conversion","use_measured_length_type"
"43225","None","Default_TS_Relationship","non_scaling"
"43225","None","Specific_TS_Relationship","non_scaling"
"43225","None","Primary_Length_Type","total_length"
"43225","None","Secondary_Length_Type","total_length"
"43225","None","Default_Length_Conversion","use_measured_length_type"
"44000","None","Default_TS_Relationship","non_scaling"
"44000","None","Specific_TS_Relationship","non_scaling"
"44000","None","Primary_Length_Type","total_length"
"44000","None","Secondary_Length_Type","total_length"
"44000","None","Default_Length_Conversion","use_measured_length_type"
"44005","None","Default_TS_Relationship","non_scaling"
"44005","None","Specific_TS_Relationship","non_scaling"
"44005","None","Primary_Length_Type","total_length"
"44005","None","Secondary_Length_Type","total_length"
"44005","None","Default_Length_Conversion","use_measured_length_type"
"44010","None","Default_TS_Relationship","non_scaling"
"44010","None","Specific_TS_Relationship","non_scaling"
"44010","None","Primary_Length_Type","total_length"
"44010","None","Secondary_Length_Type","total_length"
"44010","None","Default_Length_Conversion","use_measured_length_type"
"44011","None","Default_TS_Relationship","non_scaling"
"44011","None","Specific_TS_Relationship","non_scaling"
"44011","None","Primary_Length_Type","total_length"
"44011","None","Secondary_Length_Type","total_length"
"44011","None","Default_Length_Conversion","use_measured_length_type"
"44020","None","Default_TS_Relationship","non_scaling"
"44020","None","Specific_TS_Relationship","non_scaling"
"44020","None","Primary_Length_Type","total_length"
"44020","None","Secondary_Length_Type","total_length"
"44020","None","Default_Length_Conversion","use_measured_length_type"
"44023","None","Default_TS_Relationship","non_scaling"
"44023","None","Specific_TS_Relationship","non_scaling"
"44023","None","Primary_Length_Type","total_length"
"44023","None","Secondary_Length_Type","total_length"
"44023","None","Default_Length_Conversion","use_measured_length_type"
"44028","None","Default_TS_Relationship","non_scaling"
"44028","None","Specific_TS_Relationship","non_scaling"
"44028","None","Primary_Length_Type","total_length"
"44028","None","Secondary_Length_Type","total_length"
"44028","None","Default_Length_Conversion","use_measured_length_type"
"44029","None","Default_TS_Relationship","non_scaling"
"44029","None","Specific_TS_Relationship","non_scaling"
"44029","None","Primary_Length_Type","total_length"
"44029","None","Secondary_Length_Type","total_length"
"44029","None","Default_Length_Conversion","use_measured_length_type"
"44030","None","Default_TS_Relationship","non_scaling"
"44030","None","Specific_TS_Relationship","non_scaling"
"44030","None","Primary_Length_Type","total_length"
"44030","None","Secondary_Length_Type","total_length"
"44030","None","Default_Length_Conversion","use_measured_length_type"
"44031","None","Default_TS_Relationship","non_scaling"
"44031","None","Specific_TS_Relationship","non_scaling"
"44031","None","Primary_Length_Type","total_length"
"44031","None","Secondary_Length_Type","total_length"
"44031","None","Default_Length_Conversion","use_measured_length_type"
"44032","None","Default_TS_Relationship","non_scaling"
"44032","None","Specific_TS_Relationship","non_scaling"
"44032","None","Primary_Length_Type","total_length"
"44032","None","Secondary_Length_Type","total_length"
"44032","None","Default_Length_Conversion","use_measured_length_type"
"44033","None","Default_TS_Relationship","non_scaling"
"44033","None","Specific_TS_Relationship","non_scaling"
"44033","None","Primary_Length_Type","total_length"
"44033","None","Secondary_Length_Type","total_length"
"44033","None","Default_Length_Conversion","use_measured_length_type"
"44034","None","Default_TS_Relationship","non_scaling"
"44034","None","Specific_TS_Relationship","non_scaling"
"44034","None","Primary_Length_Type","total_length"
"44034","None","Secondary_Length_Type","total_length"
"44034","None","Default_Length_Conversion","use_measured_length_type"
"44035","None","Default_TS_Relationship","non_scaling"
"44035","None","Specific_TS_Relationship","non_scaling"
"44035","None","Primary_Length_Type","total_length"
"44035","None","Secondary_Length_Type","total_length"
"44035","None","Default_Length_Conversion","use_measured_length_type"
"44036","None","Default_TS_Relationship","non_scaling"
"44036","None","Specific_TS_Relationship","non_scaling"
"44036","None","Primary_Length_Type","total_length"
"44036","None","Secondary_Length_Type","total_length"
"44036","None","Default_Length_Conversion","use_measured_length_type"
"44037","None","Default_TS_Relationship","non_scaling"
"44037","None","Specific_TS_Relationship","non_scaling"
"44037","None","Secondary_Length_Type","total_length"
"44037","None","Default_Length_Conversion","use_measured_length_type"
"44038","None","Default_TS_Relationship","non_scaling"
"44038","None","Specific_TS_Relationship","non_scaling"
"44038","None","Primary_Length_Type","total_length"
"44038","None","Secondary_Length_Type","total_length"
"44038","None","Default_Length_Conversion","use_measured_length_type"
"44039","None","Default_TS_Relationship","non_scaling"
"44039","None","Specific_TS_Relationship","non_scaling"
"44039","None","Primary_Length_Type","total_length"
"44039","None","Secondary_Length_Type","total_length"
"44039","None","Default_Length_Conversion","use_measured_length_type"
"44040","None","Default_TS_Relationship","non_scaling"
"44040","None","Specific_TS_Relationship","non_scaling"
"44040","None","Primary_Length_Type","total_length"
"44040","None","Secondary_Length_Type","total_length"
"44040","None","Default_Length_Conversion","use_measured_length_type"
"44041","None","Default_TS_Relationship","non_scaling"
"44041","None","Specific_TS_Relationship","non_scaling"
"44041","None","Primary_Length_Type","total_length"
"44041","None","Secondary_Length_Type","total_length"
"44041","None","Default_Length_Conversion","use_measured_length_type"
"44042","None","Default_TS_Relationship","non_scaling"
"44042","None","Specific_TS_Relationship","non_scaling"
"44042","None","Primary_Length_Type","total_length"
"44042","None","Secondary_Length_Type","total_length"
"44042","None","Default_Length_Conversion","use_measured_length_type"
"44045","None","Default_TS_Relationship","non_scaling"
"44045","None","Specific_TS_Relationship","non_scaling"
"44045","None","Primary_Length_Type","total_length"
"44045","None","Secondary_Length_Type","total_length"
"44045","None","Default_Length_Conversion","use_measured_length_type"
"44046","None","Default_TS_Relationship","non_scaling"
"44046","None","Specific_TS_Relationship","non_scaling"
"44046","None","Primary_Length_Type","total_length"
"44046","None","Secondary_Length_Type","total_length"
"44046","None","Default_Length_Conversion","use_measured_length_type"
"44047","None","Default_TS_Relationship","non_scaling"
"44047","None","Specific_TS_Relationship","non_scaling"
"44047","None","Primary_Length_Type","total_length"
"44047","None","Secondary_Length_Type","total_length"
"44047","None","Default_Length_Conversion","use_measured_length_type"
"44050","None","Default_TS_Relationship","non_scaling"
"44050","None","Specific_TS_Relationship","non_scaling"
"44050","None","Primary_Length_Type","total_length"
"44050","None","Secondary_Length_Type","total_length"
"44050","None","Default_Length_Conversion","use_measured_length_type"
"44052","None","Default_TS_Relationship","non_scaling"
"44052","None","Specific_TS_Relationship","non_scaling"
"44052","None","Primary_Length_Type","total_length"
"44052","None","Secondary_Length_Type","total_length"
"44052","None","Default_Length_Conversion","use_measured_length_type"
"44060","None","Default_TS_Relationship","non_scaling"
"44060","None","Specific_TS_Relationship","non_scaling"
"44060","None","Primary_Length_Type","total_length"
"44060","None","Secondary_Length_Type","total_length"
"44060","None","Default_Length_Conversion","use_measured_length_type"
"44061","None","Default_TS_Relationship","non_scaling"
"44061","None","Specific_TS_Relationship","non_scaling"
"44061","None","Primary_Length_Type","total_length"
"44061","None","Secondary_Length_Type","total_length"
"44061","None","Default_Length_Conversion","use_measured_length_type"
"44071","None","Default_TS_Relationship","non_scaling"
"44071","None","Specific_TS_Relationship","non_scaling"
"44071","None","Primary_Length_Type","total_length"
"44071","None","Secondary_Length_Type","total_length"
"44071","None","Default_Length_Conversion","use_measured_length_type"
"44072","None","Default_TS_Relationship","non_scaling"
"44072","None","Specific_TS_Relationship","non_scaling"
"44072","None","Primary_Length_Type","total_length"
"44072","None","Secondary_Length_Type","total_length"
"44072","None","Default_Length_Conversion","use_measured_length_type"
"44073","None","Default_TS_Relationship","non_scaling"
"44073","None","Specific_TS_Relationship","non_scaling"
"44073","None","Primary_Length_Type","total_length"
"44073","None","Secondary_Length_Type","total_length"
"44073","None","Default_Length_Conversion","use_measured_length_type"
"44074","None","Default_TS_Relationship","non_scaling"
"44074","None","Specific_TS_Relationship","non_scaling"
"44074","None","Primary_Length_Type","total_length"
"44074","None","Secondary_Length_Type","total_length"
"44074","None","Default_Length_Conversion","use_measured_length_type"
"44080","None","Default_TS_Relationship","non_scaling"
"44080","None","Specific_TS_Relationship","non_scaling"
"44080","None","Primary_Length_Type","total_length"
"44080","None","Secondary_Length_Type","total_length"
"44080","None","Default_Length_Conversion","use_measured_length_type"
"44081","None","Default_TS_Relationship","non_scaling"
"44081","None","Specific_TS_Relationship","non_scaling"
"44081","None","Primary_Length_Type","total_length"
"44081","None","Secondary_Length_Type","total_length"
"44081","None","Default_Length_Conversion","use_measured_length_type"
"44082","None","Default_TS_Relationship","non_scaling"
"44082","None","Specific_TS_Relationship","non_scaling"
"44082","None","Primary_Length_Type","total_length"
"44082","None","Secondary_Length_Type","total_length"
"44082","None","Default_Length_Conversion","use_measured_length_type"
"44083","None","Default_TS_Relationship","non_scaling"
"44083","None","Specific_TS_Relationship","non_scaling"
"44083","None","Primary_Length_Type","total_length"
"44083","None","Secondary_Length_Type","total_length"
"44083","None","Default_Length_Conversion","use_measured_length_type"
"44085","None","Default_TS_Relationship","non_scaling"
"44085","None","Specific_TS_Relationship","non_scaling"
"44085","None","Primary_Length_Type","total_length"
"44085","None","Secondary_Length_Type","total_length"
"44085","None","Default_Length_Conversion","use_measured_length_type"
"44086","None","Default_TS_Relationship","non_scaling"
"44086","None","Specific_TS_Relationship","non_scaling"
"44086","None","Primary_Length_Type","total_length"
"44086","None","Secondary_Length_Type","total_length"
"44086","None","Default_Length_Conversion","use_measured_length_type"
"44087","None","Default_TS_Relationship","non_scaling"
"44087","None","Specific_TS_Relationship","non_scaling"
"44087","None","Primary_Length_Type","total_length"
"44087","None","Secondary_Length_Type","total_length"
"44087","None","Default_Length_Conversion","use_measured_length_type"
"44088","None","Default_TS_Relationship","non_scaling"
"44088","None","Specific_TS_Relationship","non_scaling"
"44088","None","Primary_Length_Type","total_length"
"44088","None","Secondary_Length_Type","total_length"
"44088","None","Default_Length_Conversion","use_measured_length_type"
"44089","None","Default_TS_Relationship","non_scaling"
"44089","None","Specific_TS_Relationship","non_scaling"
"44089","None","Primary_Length_Type","total_length"
"44089","None","Secondary_Length_Type","total_length"
"44089","None","Default_Length_Conversion","use_measured_length_type"
"44090","None","Default_TS_Relationship","non_scaling"
"44090","None","Specific_TS_Relationship","non_scaling"
"44090","None","Primary_Length_Type","total_length"
"44090","None","Secondary_Length_Type","total_length"
"44090","None","Default_Length_Conversion","use_measured_length_type"
"44091","None","Default_TS_Relationship","non_scaling"
"44037","None","Primary_Length_Type","total_length"
"21740","Adult","Default_TS_Relationship","standard_pollock"
"21740","Age 1","Default_Length_Conversion","use_measured_length_type"
"21740","Age 2","Default_TS_Relationship","standard_pollock"
"21740","Age 2","Specific_TS_Relationship","standard_pollock"
"21740","Age 2","Primary_Length_Type","fork_length"
"21740","Adult","Specific_TS_Relationship","standard_pollock"
"21740","Age 2","Secondary_Length_Type","standard_length"
"21740","Age 2","Default_Length_Conversion","use_measured_length_type"
"21740","Age 3","Default_TS_Relationship","standard_pollock"
"21740","Age 3","Specific_TS_Relationship","standard_pollock"
"21740","Adult","Primary_Length_Type","fork_length"
"21740","Age 3","Primary_Length_Type","fork_length"
"21740","Age 3","Secondary_Length_Type","standard_length"
"21740","Age 3","Default_Length_Conversion","use_measured_length_type"
"21740","Adult","Secondary_Length_Type","standard_length"
"21740","Adult","Default_Length_Conversion","use_measured_length_type"
"1","None","Default_TS_Relationship","generic_fish_no_swimbladder"
"1","None","Specific_TS_Relationship","generic_fish_no_swimbladder"
"1","None","Primary_Length_Type","total_length"
"1","None","Secondary_Length_Type","fork_length"
"21740","Age 0","Default_TS_Relationship","standard_pollock"
"1","None","Default_Length_Conversion","use_measured_length_type"
"2","None","Default_TS_Relationship","generic_fish_no_swimbladder"
"2","None","Specific_TS_Relationship","generic_fish_no_swimbladder"
"2","None","Primary_Length_Type","total_length"
"21740","Age 0","Specific_TS_Relationship","standard_pollock"
"2","None","Secondary_Length_Type","standard_length"
"2","None","Default_Length_Conversion","use_measured_length_type"
"3","None","Default_TS_Relationship","generic_fish_no_swimbladder"
"3","None","Specific_TS_Relationship","generic_fish_no_swimbladder"
"21740","Age 0","Primary_Length_Type","fork_length"
"3","None","Primary_Length_Type","total_length"
"3","None","Secondary_Length_Type","fork_length"
"3","None","Default_Length_Conversion","use_measured_length_type"
"10","None","Default_TS_Relationship","generic_fish_no_swimbladder"
"21740","Age 0","Secondary_Length_Type","standard_length"
"10","None","Specific_TS_Relationship","generic_fish_no_swimbladder"
"10","None","Primary_Length_Type","total_length"
"10","None","Secondary_Length_Type","fork_length"
"10","None","Default_Length_Conversion","use_measured_length_type"
"21740","Age 0","Default_Length_Conversion","use_measured_length_type"
"21","None","Default_TS_Relationship","generic_fish_no_swimbladder"
"21","None","Specific_TS_Relationship","generic_fish_no_swimbladder"
"21","None","Primary_Length_Type","total_length"
"21","None","Secondary_Length_Type","fork_length"
"21740","Age 1","Default_TS_Relationship","standard_pollock"
"21","None","Default_Length_Conversion","use_measured_length_type"
"22","None","Default_TS_Relationship","generic_fish_no_swimbladder"
"22","None","Specific_TS_Relationship","generic_fish_no_swimbladder"
"22","None","Primary_Length_Type","total_length"
"21740","Age 1","Specific_TS_Relationship","standard_pollock"
"22","None","Secondary_Length_Type","fork_length"
"22","None","Default_Length_Conversion","use_measured_length_type"
"100","None","Default_TS_Relationship","generic_fish_no_swimbladder"
"100","None","Specific_TS_Relationship","generic_fish_no_swimbladder"
"21740","Age 1","Primary_Length_Type","fork_length"
"100","None","Primary_Length_Type","total_length"
"100","None","Secondary_Length_Type","fork_length"
"100","None","Default_Length_Conversion","use_measured_length_type"
"109","None","Default_TS_Relationship","generic_fish_no_swimbladder"
"21740","Age 1","Secondary_Length_Type","standard_length"
"109","None","Specific_TS_Relationship","generic_fish_no_swimbladder"
"109","None","Primary_Length_Type","total_length"
"109","None","Secondary_Length_Type","fork_length"
"109","None","Default_Length_Conversion","use_measured_length_type"
"110","None","Default_TS_Relationship","generic_fish_no_swimbladder"
"110","None","Specific_TS_Relationship","generic_fish_no_swimbladder"
"110","None","Primary_Length_Type","total_length"
"110","None","Secondary_Length_Type","fork_length"
"110","None","Default_Length_Conversion","use_measured_length_type"
"120","None","Default_TS_Relationship","generic_fish_no_swimbladder"
"120","None","Specific_TS_Relationship","generic_fish_no_swimbladder"
"120","None","Primary_Length_Type","total_length"
"120","None","Secondary_Length_Type","fork_length"
"120","None","Default_Length_Conversion","use_measured_length_type"
"150","None","Default_TS_Relationship","generic_fish_no_swimbladder"
"150","None","Specific_TS_Relationship","generic_fish_no_swimbladder"
"150","None","Primary_Length_Type","total_length"
"150","None","Secondary_Length_Type","fork_length"
"150","None","Default_Length_Conversion","use_measured_length_type"
"151","None","Default_TS_Relationship","generic_fish_no_swimbladder"
"151","None","Specific_TS_Relationship","generic_fish_no_swimbladder"
"151","None","Primary_Length_Type","total_length"
"151","None","Secondary_Length_Type","fork_length"
"151","None","Default_Length_Conversion","use_measured_length_type"
"160","None","Default_TS_Relationship","generic_fish_no_swimbladder"
"160","None","Specific_TS_Relationship","generic_fish_no_swimbladder"
"160","None","Primary_Length_Type","total_length"
"160","None","Secondary_Length_Type","fork_length"
"160","None","Default_Length_Conversion","use_measured_length_type"
"180","None","Default_TS_Relationship","generic_fish_no_swimbladder"
"180","None","Specific_TS_Relationship","generic_fish_no_swimbladder"
"180","None","Primary_Length_Type","total_length"
"180","None","Secondary_Length_Type","fork_length"
"180","None","Default_Length_Conversion","use_measured_length_type"
"200","None","Default_TS_Relationship","generic_fish_no_swimbladder"
"200","None","Specific_TS_Relationship","generic_fish_no_swimbladder"
"200","None","Primary_Length_Type","total_length"
"200","None","Secondary_Length_Type","fork_length"
"201","None","Default_TS_Relationship","generic_fish_no_swimbladder"
"200","None","Default_Length_Conversion","use_measured_length_type"
"201","None","Specific_TS_Relationship","generic_fish_no_swimbladder"
"201","None","Primary_Length_Type","total_length"
"201","None","Secondary_Length_Type","fork_length"
"201","None","Default_Length_Conversion","use_measured_length_type"
"210","None","Default_TS_Relationship","generic_fish_no_swimbladder"
"210","None","Specific_TS_Relationship","generic_fish_no_swimbladder"
"210","None","Primary_Length_Type","total_length"
"210","None","Secondary_Length_Type","fork_length"
"210","None","Default_Length_Conversion","use_measured_length_type"
"211","None","Default_TS_Relationship","generic_fish_no_swimbladder"
"211","None","Specific_TS_Relationship","generic_fish_no_swimbladder"
"211","None","Primary_Length_Type","total_length"
"211","None","Secondary_Length_Type","fork_length"
"211","None","Default_Length_Conversion","use_measured_length_type"
"212","None","Default_TS_Relationship","generic_fish_no_swimbladder"
"212","None","Specific_TS_Relationship","generic_fish_no_swimbladder"
"212","None","Primary_Length_Type","total_length"
"212","None","Secondary_Length_Type","fork_length"
"212","None","Default_Length_Conversion","use_measured_length_type"
"213","None","Default_TS_Relationship","generic_fish_no_swimbladder"
"213","None","Specific_TS_Relationship","generic_fish_no_swimbladder"
"213","None","Primary_Length_Type","total_length"
"213","None","Secondary_Length_Type","fork_length"
"213","None","Default_Length_Conversion","use_measured_length_type"
"214","None","Default_TS_Relationship","generic_fish_no_swimbladder"
"214","None","Specific_TS_Relationship","generic_fish_no_swimbladder"
"214","None","Primary_Length_Type","total_length"
"214","None","Secondary_Length_Type","fork_length"
"214","None","Default_Length_Conversion","use_measured_length_type"
"222","None","Default_TS_Relationship","generic_fish_no_swimbladder"
"222","None","Specific_TS_Relationship","generic_fish_no_swimbladder"
"222","None","Primary_Length_Type","total_length"
"222","None","Secondary_Length_Type","fork_length"
"222","None","Default_Length_Conversion","use_measured_length_type"
"232","None","Default_TS_Relationship","generic_fish_no_swimbladder"
"232","None","Specific_TS_Relationship","generic_fish_no_swimbladder"
"232","None","Primary_Length_Type","total_length"
"232","None","Secondary_Length_Type","fork_length"
"232","None","Default_Length_Conversion","use_measured_length_type"
"242","None","Default_TS_Relationship","generic_fish_no_swimbladder"
"242","None","Specific_TS_Relationship","generic_fish_no_swimbladder"
"242","None","Primary_Length_Type","total_length"
"242","None","Secondary_Length_Type","fork_length"
"242","None","Default_Length_Conversion","use_measured_length_type"
"252","None","Default_TS_Relationship","generic_fish_no_swimbladder"
"252","None","Specific_TS_Relationship","generic_fish_no_swimbladder"
"252","None","Primary_Length_Type","total_length"
"252","None","Secondary_Length_Type","fork_length"
"252","None","Default_Length_Conversion","use_measured_length_type"
"310","None","Default_TS_Relationship","generic_fish_no_swimbladder"
"310","None","Specific_TS_Relationship","generic_fish_no_swimbladder"
"310","None","Primary_Length_Type","total_length"
"310","None","Secondary_Length_Type","fork_length"
"310","None","Default_Length_Conversion","use_measured_length_type"
"320","None","Default_TS_Relationship","generic_fish_no_swimbladder"
"320","None","Specific_TS_Relationship","generic_fish_no_swimbladder"
"320","None","Primary_Length_Type","total_length"
"320","None","Secondary_Length_Type","fork_length"
"320","None","Default_Length_Conversion","use_measured_length_type"
"332","None","Default_TS_Relationship","generic_fish_no_swimbladder"
"332","None","Specific_TS_Relationship","generic_fish_no_swimbladder"
"332","None","Primary_Length_Type","total_length"
"332","None","Secondary_Length_Type","fork_length"
"332","None","Default_Length_Conversion","use_measured_length_type"
"339","None","Default_TS_Relationship","generic_fish_no_swimbladder"
"339","None","Specific_TS_Relationship","generic_fish_no_swimbladder"
"339","None","Primary_Length_Type","total_length"
"339","None","Secondary_Length_Type","fork_length"
"339","None","Default_Length_Conversion","use_measured_length_type"
"340","None","Default_TS_Relationship","generic_fish_no_swimbladder"
"340","None","Specific_TS_Relationship","generic_fish_no_swimbladder"
"340","None","Primary_Length_Type","total_length"
"340","None","Secondary_Length_Type","fork_length"
"340","None","Default_Length_Conversion","use_measured_length_type"
"341","None","Default_TS_Relationship","generic_fish_no_swimbladder"
"341","None","Specific_TS_Relationship","generic_fish_no_swimbladder"
"341","None","Primary_Length_Type","total_length"
"341","None","Secondary_Length_Type","fork_length"
"341","None","Default_Length_Conversion","use_measured_length_type"
"351","None","Default_TS_Relationship","generic_fish_no_swimbladder"
"351","None","Specific_TS_Relationship","generic_fish_no_swimbladder"
"351","None","Primary_Length_Type","total_length"
"351","None","Secondary_Length_Type","fork_length"
"351","None","Default_Length_Conversion","use_measured_length_type"
"355","None","Default_TS_Relationship","generic_fish_no_swimbladder"
"355","None","Specific_TS_Relationship","generic_fish_no_swimbladder"
"355","None","Primary_Length_Type","total_length"
"355","None","Secondary_Length_Type","fork_length"
"355","None","Default_Length_Conversion","use_measured_length_type"
"400","None","Default_TS_Relationship","generic_fish_no_swimbladder"
"400","None","Specific_TS_Relationship","generic_fish_no_swimbladder"
"400","None","Primary_Length_Type","total_length"
"400","None","Secondary_Length_Type","fork_length"
"400","None","Default_Length_Conversion","use_measured_length_type"
"401","None","Default_TS_Relationship","generic_fish_no_swimbladder"
"401","None","Specific_TS_Relationship","generic_fish_no_swimbladder"
"401","None","Primary_Length_Type","total_length"
"401","None","Secondary_Length_Type","fork_length"
"401","None","Default_Length_Conversion","use_measured_length_type"
"402","None","Default_TS_Relationship","generic_fish_no_swimbladder"
"402","None","Specific_TS_Relationship","generic_fish_no_swimbladder"
"402","None","Primary_Length_Type","total_length"
"402","None","Secondary_Length_Type","fork_length"
"402","None","Default_Length_Conversion","use_measured_length_type"
"403","None","Default_TS_Relationship","generic_fish_no_swimbladder"
"403","None","Specific_TS_Relationship","generic_fish_no_swimbladder"
"403","None","Primary_Length_Type","total_length"
"403","None","Secondary_Length_Type","fork_length"
"403","None","Default_Length_Conversion","use_measured_length_type"
"404","None","Default_TS_Relationship","generic_fish_no_swimbladder"
"404","None","Specific_TS_Relationship","generic_fish_no_swimbladder"
"404","None","Primary_Length_Type","total_length"
"404","None","Secondary_Length_Type","fork_length"
"404","None","Default_Length_Conversion","use_measured_length_type"
"405","None","Default_TS_Relationship","generic_fish_no_swimbladder"
"405","None","Specific_TS_Relationship","generic_fish_no_swimbladder"
"405","None","Primary_Length_Type","total_length"
"405","None","Secondary_Length_Type","fork_length"
"405","None","Default_Length_Conversion","use_measured_length_type"
"406","None","Default_TS_Relationship","generic_fish_no_swimbladder"
"406","None","Specific_TS_Relationship","generic_fish_no_swimbladder"
"406","None","Primary_Length_Type","total_length"
"406","None","Secondary_Length_Type","fork_length"
"406","None","Default_Length_Conversion","use_measured_length_type"
"410","None","Default_TS_Relationship","generic_fish_no_swimbladder"
"410","None","Specific_TS_Relationship","generic_fish_no_swimbladder"
"410","None","Primary_Length_Type","total_length"
"410","None","Secondary_Length_Type","fork_length"
"410","None","Default_Length_Conversion","use_measured_length_type"
"420","None","Default_TS_Relationship","generic_fish_no_swimbladder"
"420","None","Specific_TS_Relationship","generic_fish_no_swimbladder"
"420","None","Primary_Length_Type","total_length"
"420","None","Secondary_Length_Type","fork_length"
"420","None","Default_Length_Conversion","use_measured_length_type"
"421","None","Default_TS_Relationship","generic_fish_no_swimbladder"
"421","None","Specific_TS_Relationship","generic_fish_no_swimbladder"
"421","None","Primary_Length_Type","total_length"
"421","None","Secondary_Length_Type","fork_length"
"421","None","Default_Length_Conversion","use_measured_length_type"
"425","None","Default_TS_Relationship","generic_fish_no_swimbladder"
"425","None","Specific_TS_Relationship","generic_fish_no_swimbladder"
"425","None","Primary_Length_Type","total_length"
"425","None","Secondary_Length_Type","fork_length"
"425","None","Default_Length_Conversion","use_measured_length_type"
"435","None","Default_TS_Relationship","generic_fish_no_swimbladder"
"435","None","Specific_TS_Relationship","generic_fish_no_swimbladder"
"435","None","Primary_Length_Type","total_length"
"435","None","Secondary_Length_Type","fork_length"
"435","None","Default_Length_Conversion","use_measured_length_type"
"436","None","Default_TS_Relationship","generic_fish_no_swimbladder"
"436","None","Specific_TS_Relationship","generic_fish_no_swimbladder"
"436","None","Primary_Length_Type","total_length"
"436","None","Secondary_Length_Type","fork_length"
"436","None","Default_Length_Conversion","use_measured_length_type"
"440","None","Default_TS_Relationship","generic_fish_no_swimbladder"
"440","None","Specific_TS_Relationship","generic_fish_no_swimbladder"
"440","None","Primary_Length_Type","total_length"
"440","None","Secondary_Length_Type","fork_length"
"440","None","Default_Length_Conversion","use_measured_length_type"
"445","None","Default_TS_Relationship","generic_fish_no_swimbladder"
"445","None","Specific_TS_Relationship","generic_fish_no_swimbladder"
"445","None","Primary_Length_Type","total_length"
"445","None","Secondary_Length_Type","fork_length"
"445","None","Default_Length_Conversion","use_measured_length_type"
"450","None","Default_TS_Relationship","generic_fish_no_swimbladder"
"450","None","Specific_TS_Relationship","generic_fish_no_swimbladder"
"450","None","Primary_Length_Type","total_length"
"450","None","Secondary_Length_Type","fork_length"
"450","None","Default_Length_Conversion","use_measured_length_type"
"455","None","Default_TS_Relationship","generic_fish_no_swimbladder"
"455","None","Specific_TS_Relationship","generic_fish_no_swimbladder"
"455","None","Primary_Length_Type","total_length"
"455","None","Secondary_Length_Type","fork_length"
"455","None","Default_Length_Conversion","use_measured_length_type"
"460","None","Default_TS_Relationship","generic_fish_no_swimbladder"
"460","None","Specific_TS_Relationship","generic_fish_no_swimbladder"
"460","None","Primary_Length_Type","total_length"
"460","None","Secondary_Length_Type","fork_length"
"460","None","Default_Length_Conversion","use_measured_length_type"
"461","None","Default_TS_Relationship","generic_fish_no_swimbladder"
"461","None","Specific_TS_Relationship","generic_fish_no_swimbladder"
"461","None","Primary_Length_Type","total_length"
"461","None","Secondary_Length_Type","fork_length"
"461","None","Default_Length_Conversion","use_measured_length_type"
"471","None","Default_TS_Relationship","generic_fish_no_swimbladder"
"471","None","Specific_TS_Relationship","generic_fish_no_swimbladder"
"471","None","Primary_Length_Type","total_length"
"471","None","Secondary_Length_Type","fork_length"
"471","None","Default_Length_Conversion","use_measured_length_type"
"472","None","Default_TS_Relationship","generic_fish_no_swimbladder"
"472","None","Specific_TS_Relationship","generic_fish_no_swimbladder"
"472","None","Primary_Length_Type","total_length"
"472","None","Secondary_Length_Type","fork_length"
"472","None","Default_Length_Conversion","use_measured_length_type"
"475","None","Default_TS_Relationship","generic_fish_no_swimbladder"
"475","None","Specific_TS_Relationship","generic_fish_no_swimbladder"
"475","None","Primary_Length_Type","total_length"
"475","None","Secondary_Length_Type","fork_length"
"475","None","Default_Length_Conversion","use_measured_length_type"
"480","None","Default_TS_Relationship","generic_fish_no_swimbladder"
"480","None","Specific_TS_Relationship","generic_fish_no_swimbladder"
"480","None","Primary_Length_Type","total_length"
"480","None","Secondary_Length_Type","fork_length"
"480","None","Default_Length_Conversion","use_measured_length_type"
"485","None","Default_TS_Relationship","generic_fish_no_swimbladder"
"485","None","Specific_TS_Relationship","generic_fish_no_swimbladder"
"485","None","Primary_Length_Type","total_length"
"485","None","Secondary_Length_Type","fork_length"
"485","None","Default_Length_Conversion","use_measured_length_type"
"490","None","Default_TS_Relationship","generic_fish_no_swimbladder"
"490","None","Specific_TS_Relationship","generic_fish_no_swimbladder"
"490","None","Primary_Length_Type","total_length"
"490","None","Secondary_Length_Type","fork_length"
"490","None","Default_Length_Conversion","use_measured_length_type"
"495","None","Default_TS_Relationship","generic_fish_no_swimbladder"
"495","None","Specific_TS_Relationship","generic_fish_no_swimbladder"
"495","None","Primary_Length_Type","total_length"
"495","None","Secondary_Length_Type","fork_length"
"495","None","Default_Length_Conversion","use_measured_length_type"
"610","None","Default_TS_Relationship","generic_fish_no_swimbladder"
"610","None","Specific_TS_Relationship","generic_fish_no_swimbladder"
"610","None","Primary_Length_Type","total_length"
"610","None","Secondary_Length_Type","fork_length"
"610","None","Default_Length_Conversion","use_measured_length_type"
"710","None","Default_TS_Relationship","generic_fish_no_swimbladder"
"710","None","Specific_TS_Relationship","generic_fish_no_swimbladder"
"710","None","Primary_Length_Type","total_length"
"710","None","Secondary_Length_Type","fork_length"
"710","None","Default_Length_Conversion","use_measured_length_type"
"711","None","Default_TS_Relationship","generic_fish_no_swimbladder"
"711","None","Specific_TS_Relationship","generic_fish_no_swimbladder"
"711","None","Primary_Length_Type","total_length"
"711","None","Secondary_Length_Type","fork_length"
"711","None","Default_Length_Conversion","use_measured_length_type"
"1001","None","Default_TS_Relationship","non_scaling"
"1001","None","Specific_TS_Relationship","non_scaling"
"1001","None","Primary_Length_Type","total_length"
"1001","None","Secondary_Length_Type","total_length"
"1001","None","Default_Length_Conversion","use_measured_length_type"
"1002","None","Default_TS_Relationship","non_scaling"
"1002","None","Specific_TS_Relationship","non_scaling"
"1002","None","Primary_Length_Type","total_length"
"1002","None","Secondary_Length_Type","total_length"
"1002","None","Default_Length_Conversion","use_measured_length_type"
"1003","None","Default_TS_Relationship","non_scaling"
"1003","None","Specific_TS_Relationship","non_scaling"
"1003","None","Primary_Length_Type","total_length"
"1003","None","Secondary_Length_Type","total_length"
"1003","None","Default_Length_Conversion","use_measured_length_type"
"1004","None","Default_TS_Relationship","non_scaling"
"1004","None","Specific_TS_Relationship","non_scaling"
"1004","None","Primary_Length_Type","total_length"
"1004","None","Secondary_Length_Type","total_length"
"1004","None","Default_Length_Conversion","use_measured_length_type"
"1005","None","Default_TS_Relationship","non_scaling"
"1005","None","Specific_TS_Relationship","non_scaling"
"1005","None","Primary_Length_Type","total_length"
"1005","None","Secondary_Length_Type","total_length"
"1005","None","Default_Length_Conversion","use_measured_length_type"
"1006","None","Default_TS_Relationship","non_scaling"
"1006","None","Specific_TS_Relationship","non_scaling"
"1006","None","Primary_Length_Type","total_length"
"1006","None","Secondary_Length_Type","total_length"
"1006","None","Default_Length_Conversion","use_measured_length_type"
"1007","None","Default_TS_Relationship","non_scaling"
"1007","None","Specific_TS_Relationship","non_scaling"
"1007","None","Primary_Length_Type","total_length"
"1007","None","Secondary_Length_Type","total_length"
"1007","None","Default_Length_Conversion","use_measured_length_type"
"1008","None","Default_TS_Relationship","non_scaling"
"1008","None","Specific_TS_Relationship","non_scaling"
"1008","None","Primary_Length_Type","total_length"
"1008","None","Secondary_Length_Type","total_length"
"1008","None","Default_Length_Conversion","use_measured_length_type"
"1009","None","Default_TS_Relationship","non_scaling"
"1009","None","Specific_TS_Relationship","non_scaling"
"1009","None","Primary_Length_Type","total_length"
"1009","None","Secondary_Length_Type","total_length"
"1009","None","Default_Length_Conversion","use_measured_length_type"
"1010","None","Default_TS_Relationship","non_scaling"
"1010","None","Specific_TS_Relationship","non_scaling"
"1010","None","Primary_Length_Type","total_length"
"1010","None","Secondary_Length_Type","total_length"
"1010","None","Default_Length_Conversion","use_measured_length_type"
"1011","None","Default_TS_Relationship","non_scaling"
"1011","None","Specific_TS_Relationship","non_scaling"
"1011","None","Primary_Length_Type","total_length"
"1011","None","Secondary_Length_Type","total_length"
"1011","None","Default_Length_Conversion","use_measured_length_type"
"1012","None","Default_TS_Relationship","non_scaling"
"1012","None","Specific_TS_Relationship","non_scaling"
"1012","None","Primary_Length_Type","total_length"
"1012","None","Secondary_Length_Type","total_length"
"1012","None","Default_Length_Conversion","use_measured_length_type"
"1013","None","Default_TS_Relationship","non_scaling"
"1013","None","Specific_TS_Relationship","non_scaling"
"1013","None","Primary_Length_Type","total_length"
"1013","None","Secondary_Length_Type","total_length"
"1013","None","Default_Length_Conversion","use_measured_length_type"
"1014","None","Default_TS_Relationship","non_scaling"
"1014","None","Specific_TS_Relationship","non_scaling"
"1014","None","Primary_Length_Type","total_length"
"1014","None","Secondary_Length_Type","total_length"
"1014","None","Default_Length_Conversion","use_measured_length_type"
"1015","None","Default_TS_Relationship","non_scaling"
"1015","None","Specific_TS_Relationship","non_scaling"
"1015","None","Primary_Length_Type","total_length"
"1015","None","Secondary_Length_Type","total_length"
"1015","None","Default_Length_Conversion","use_measured_length_type"
"1016","None","Default_TS_Relationship","non_scaling"
"1016","None","Specific_TS_Relationship","non_scaling"
"1016","None","Primary_Length_Type","total_length"
"1016","None","Secondary_Length_Type","total_length"
"1016","None","Default_Length_Conversion","use_measured_length_type"
"1017","None","Default_TS_Relationship","non_scaling"
"1017","None","Specific_TS_Relationship","non_scaling"
"1017","None","Primary_Length_Type","total_length"
"1017","None","Secondary_Length_Type","total_length"
"1017","None","Default_Length_Conversion","use_measured_length_type"
"1018","None","Default_TS_Relationship","non_scaling"
"1018","None","Specific_TS_Relationship","non_scaling"
"1018","None","Primary_Length_Type","total_length"
"1018","None","Secondary_Length_Type","total_length"
"1018","None","Default_Length_Conversion","use_measured_length_type"
"1019","None","Default_TS_Relationship","non_scaling"
"1019","None","Specific_TS_Relationship","non_scaling"
"1019","None","Primary_Length_Type","total_length"
"1019","None","Secondary_Length_Type","total_length"
"1019","None","Default_Length_Conversion","use_measured_length_type"
"1020","None","Default_TS_Relationship","non_scaling"
"1020","None","Specific_TS_Relationship","non_scaling"
"1020","None","Primary_Length_Type","total_length"
"1020","None","Secondary_Length_Type","total_length"
"1020","None","Default_Length_Conversion","use_measured_length_type"
"1021","None","Default_TS_Relationship","non_scaling"
"1021","None","Specific_TS_Relationship","non_scaling"
"1021","None","Primary_Length_Type","total_length"
"1021","None","Secondary_Length_Type","total_length"
"1021","None","Default_Length_Conversion","use_measured_length_type"
"1022","None","Default_TS_Relationship","non_scaling"
"1022","None","Specific_TS_Relationship","non_scaling"
"1022","None","Primary_Length_Type","total_length"
"1022","None","Secondary_Length_Type","total_length"
"1022","None","Default_Length_Conversion","use_measured_length_type"
"1023","None","Default_TS_Relationship","non_scaling"
"1023","None","Specific_TS_Relationship","non_scaling"
"1023","None","Primary_Length_Type","total_length"
"1023","None","Secondary_Length_Type","total_length"
"1023","None","Default_Length_Conversion","use_measured_length_type"
"1024","None","Default_TS_Relationship","non_scaling"
"1024","None","Specific_TS_Relationship","non_scaling"
"1024","None","Primary_Length_Type","total_length"
"1024","None","Secondary_Length_Type","total_length"
"1024","None","Default_Length_Conversion","use_measured_length_type"
"1025","None","Default_TS_Relationship","non_scaling"
"1025","None","Specific_TS_Relationship","non_scaling"
"1025","None","Primary_Length_Type","total_length"
"1025","None","Secondary_Length_Type","total_length"
"1025","None","Default_Length_Conversion","use_measured_length_type"
"1026","None","Default_TS_Relationship","non_scaling"
"1026","None","Specific_TS_Relationship","non_scaling"
"1026","None","Primary_Length_Type","total_length"
"1026","None","Secondary_Length_Type","total_length"
"1026","None","Default_Length_Conversion","use_measured_length_type"
"1027","None","Default_TS_Relationship","non_scaling"
"1027","None","Specific_TS_Relationship","non_scaling"
"1027","None","Primary_Length_Type","total_length"
"1027","None","Secondary_Length_Type","total_length"
"1027","None","Default_Length_Conversion","use_measured_length_type"
"1028","None","Default_TS_Relationship","non_scaling"
"1028","None","Specific_TS_Relationship","non_scaling"
"1028","None","Primary_Length_Type","total_length"
"1028","None","Secondary_Length_Type","total_length"
"1028","None","Default_Length_Conversion","use_measured_length_type"
"1029","None","Default_TS_Relationship","non_scaling"
"1029","None","Specific_TS_Relationship","non_scaling"
"1029","None","Primary_Length_Type","total_length"
"1029","None","Secondary_Length_Type","total_length"
"1029","None","Default_Length_Conversion","use_measured_length_type"
"1030","None","Default_TS_Relationship","non_scaling"
"1030","None","Specific_TS_Relationship","non_scaling"
"1030","None","Primary_Length_Type","total_length"
"1030","None","Secondary_Length_Type","total_length"
"1030","None","Default_Length_Conversion","use_measured_length_type"
"1031","None","Default_TS_Relationship","non_scaling"
"1031","None","Specific_TS_Relationship","non_scaling"
"1031","None","Primary_Length_Type","total_length"
"1031","None","Secondary_Length_Type","total_length"
"1031","None","Default_Length_Conversion","use_measured_length_type"
"1032","None","Default_TS_Relationship","non_scaling"
"1032","None","Specific_TS_Relationship","non_scaling"
"1032","None","Primary_Length_Type","total_length"
"1032","None","Secondary_Length_Type","total_length"
"1032","None","Default_Length_Conversion","use_measured_length_type"
"1033","None","Default_TS_Relationship","non_scaling"
"1033","None","Specific_TS_Relationship","non_scaling"
"1033","None","Primary_Length_Type","total_length"
"1033","None","Secondary_Length_Type","total_length"
"1033","None","Default_Length_Conversion","use_measured_length_type"
"1034","None","Default_TS_Relationship","non_scaling"
"1034","None","Specific_TS_Relationship","non_scaling"
"1034","None","Primary_Length_Type","total_length"
"1034","None","Secondary_Length_Type","total_length"
"1034","None","Default_Length_Conversion","use_measured_length_type"
"1035","None","Default_TS_Relationship","non_scaling"
"1035","None","Specific_TS_Relationship","non_scaling"
"1035","None","Primary_Length_Type","total_length"
"1035","None","Secondary_Length_Type","total_length"
"1035","None","Default_Length_Conversion","use_measured_length_type"
"1036","None","Default_TS_Relationship","non_scaling"
"1036","None","Specific_TS_Relationship","non_scaling"
"1036","None","Primary_Length_Type","total_length"
"1036","None","Secondary_Length_Type","total_length"
"1037","None","Default_TS_Relationship","non_scaling"
"1036","None","Default_Length_Conversion","use_measured_length_type"
"1037","None","Specific_TS_Relationship","non_scaling"
"1037","None","Primary_Length_Type","total_length"
"1037","None","Secondary_Length_Type","total_length"
"1037","None","Default_Length_Conversion","use_measured_length_type"
"1038","None","Default_TS_Relationship","non_scaling"
"1038","None","Specific_TS_Relationship","non_scaling"
"1038","None","Primary_Length_Type","total_length"
"1038","None","Secondary_Length_Type","total_length"
"1038","None","Default_Length_Conversion","use_measured_length_type"
"1039","None","Default_TS_Relationship","non_scaling"
"1039","None","Specific_TS_Relationship","non_scaling"
"1039","None","Primary_Length_Type","total_length"
"1039","None","Secondary_Length_Type","total_length"
"1039","None","Default_Length_Conversion","use_measured_length_type"
"1040","None","Default_TS_Relationship","non_scaling"
"1040","None","Specific_TS_Relationship","non_scaling"
"1040","None","Primary_Length_Type","total_length"
"1040","None","Secondary_Length_Type","total_length"
"1040","None","Default_Length_Conversion","use_measured_length_type"
"1041","None","Default_TS_Relationship","non_scaling"
"1041","None","Specific_TS_Relationship","non_scaling"
"1041","None","Primary_Length_Type","total_length"
"1041","None","Secondary_Length_Type","total_length"
"1041","None","Default_Length_Conversion","use_measured_length_type"
"1042","None","Default_TS_Relationship","non_scaling"
"1042","None","Specific_TS_Relationship","non_scaling"
"1042","None","Primary_Length_Type","total_length"
"1042","None","Secondary_Length_Type","total_length"
"1042","None","Default_Length_Conversion","use_measured_length_type"
"1043","None","Default_TS_Relationship","non_scaling"
"1043","None","Specific_TS_Relationship","non_scaling"
"1043","None","Primary_Length_Type","total_length"
"1043","None","Secondary_Length_Type","total_length"
"1043","None","Default_Length_Conversion","use_measured_length_type"
"1044","None","Default_TS_Relationship","non_scaling"
"1044","None","Specific_TS_Relationship","non_scaling"
"1044","None","Primary_Length_Type","total_length"
"1044","None","Secondary_Length_Type","total_length"
"1044","None","Default_Length_Conversion","use_measured_length_type"
"1045","None","Default_TS_Relationship","non_scaling"
"1045","None","Specific_TS_Relationship","non_scaling"
"1045","None","Primary_Length_Type","total_length"
"1045","None","Secondary_Length_Type","total_length"
"1045","None","Default_Length_Conversion","use_measured_length_type"
"1046","None","Default_TS_Relationship","non_scaling"
"1046","None","Specific_TS_Relationship","non_scaling"
"1046","None","Primary_Length_Type","total_length"
"1046","None","Secondary_Length_Type","total_length"
"1046","None","Default_Length_Conversion","use_measured_length_type"
"1047","None","Default_TS_Relationship","non_scaling"
"1047","None","Specific_TS_Relationship","non_scaling"
"1047","None","Primary_Length_Type","total_length"
"1047","None","Secondary_Length_Type","total_length"
"1047","None","Default_Length_Conversion","use_measured_length_type"
"1048","None","Default_TS_Relationship","non_scaling"
"1048","None","Specific_TS_Relationship","non_scaling"
"1048","None","Primary_Length_Type","total_length"
"1048","None","Secondary_Length_Type","total_length"
"1048","None","Default_Length_Conversion","use_measured_length_type"
"1049","None","Default_TS_Relationship","non_scaling"
"1049","None","Specific_TS_Relationship","non_scaling"
"1049","None","Primary_Length_Type","total_length"
"1049","None","Secondary_Length_Type","total_length"
"1049","None","Default_Length_Conversion","use_measured_length_type"
"1050","None","Default_TS_Relationship","non_scaling"
"1050","None","Specific_TS_Relationship","non_scaling"
"1050","None","Primary_Length_Type","total_length"
"1050","None","Secondary_Length_Type","total_length"
"1050","None","Default_Length_Conversion","use_measured_length_type"
"1101","None","Default_TS_Relationship","non_scaling"
"1101","None","Specific_TS_Relationship","non_scaling"
"1101","None","Primary_Length_Type","total_length"
"1101","None","Secondary_Length_Type","total_length"
"1101","None","Default_Length_Conversion","use_measured_length_type"
"1102","None","Default_TS_Relationship","non_scaling"
"1102","None","Specific_TS_Relationship","non_scaling"
"1102","None","Primary_Length_Type","total_length"
"1102","None","Secondary_Length_Type","total_length"
"1102","None","Default_Length_Conversion","use_measured_length_type"
"1103","None","Default_TS_Relationship","non_scaling"
"1103","None","Specific_TS_Relationship","non_scaling"
"1103","None","Primary_Length_Type","total_length"
"1103","None","Secondary_Length_Type","total_length"
"1103","None","Default_Length_Conversion","use_measured_length_type"
"1104","None","Default_TS_Relationship","non_scaling"
"1104","None","Specific_TS_Relationship","non_scaling"
"1104","None","Primary_Length_Type","total_length"
"1104","None","Secondary_Length_Type","total_length"
"1104","None","Default_Length_Conversion","use_measured_length_type"
"1105","None","Default_TS_Relationship","non_scaling"
"1105","None","Specific_TS_Relationship","non_scaling"
"1105","None","Primary_Length_Type","total_length"
"1105","None","Secondary_Length_Type","total_length"
"1105","None","Default_Length_Conversion","use_measured_length_type"
"1106","None","Default_TS_Relationship","non_scaling"
"1106","None","Specific_TS_Relationship","non_scaling"
"1106","None","Primary_Length_Type","total_length"
"1106","None","Secondary_Length_Type","total_length"
"1106","None","Default_Length_Conversion","use_measured_length_type"
"1107","None","Default_TS_Relationship","non_scaling"
"1107","None","Specific_TS_Relationship","non_scaling"
"1107","None","Primary_Length_Type","total_length"
"1107","None","Secondary_Length_Type","total_length"
"1107","None","Default_Length_Conversion","use_measured_length_type"
"1108","None","Default_TS_Relationship","non_scaling"
"1108","None","Specific_TS_Relationship","non_scaling"
"1108","None","Primary_Length_Type","total_length"
"1108","None","Secondary_Length_Type","total_length"
"1108","None","Default_Length_Conversion","use_measured_length_type"
"1109","None","Default_TS_Relationship","non_scaling"
"1109","None","Specific_TS_Relationship","non_scaling"
"1109","None","Primary_Length_Type","total_length"
"1109","None","Secondary_Length_Type","total_length"
"1109","None","Default_Length_Conversion","use_measured_length_type"
"1110","None","Default_TS_Relationship","non_scaling"
"1110","None","Specific_TS_Relationship","non_scaling"
"1110","None","Primary_Length_Type","total_length"
"1110","None","Secondary_Length_Type","total_length"
"1110","None","Default_Length_Conversion","use_measured_length_type"
"1111","None","Default_TS_Relationship","non_scaling"
"1111","None","Specific_TS_Relationship","non_scaling"
"1111","None","Primary_Length_Type","total_length"
"1111","None","Secondary_Length_Type","total_length"
"1111","None","Default_Length_Conversion","use_measured_length_type"
"1112","None","Default_TS_Relationship","non_scaling"
"1112","None","Specific_TS_Relationship","non_scaling"
"1112","None","Primary_Length_Type","total_length"
"1112","None","Secondary_Length_Type","total_length"
"1112","None","Default_Length_Conversion","use_measured_length_type"
"1113","None","Default_TS_Relationship","non_scaling"
"1113","None","Specific_TS_Relationship","non_scaling"
"1113","None","Primary_Length_Type","total_length"
"1113","None","Secondary_Length_Type","total_length"
"1113","None","Default_Length_Conversion","use_measured_length_type"
"1114","None","Default_TS_Relationship","non_scaling"
"1114","None","Specific_TS_Relationship","non_scaling"
"1114","None","Primary_Length_Type","total_length"
"1114","None","Secondary_Length_Type","total_length"
"1114","None","Default_Length_Conversion","use_measured_length_type"
"1115","None","Default_TS_Relationship","non_scaling"
"1115","None","Specific_TS_Relationship","non_scaling"
"1115","None","Primary_Length_Type","total_length"
"1115","None","Secondary_Length_Type","total_length"
"1115","None","Default_Length_Conversion","use_measured_length_type"
"1116","None","Default_TS_Relationship","non_scaling"
"1116","None","Specific_TS_Relationship","non_scaling"
"1116","None","Primary_Length_Type","total_length"
"1116","None","Secondary_Length_Type","total_length"
"1116","None","Default_Length_Conversion","use_measured_length_type"
"1117","None","Default_TS_Relationship","non_scaling"
"1117","None","Specific_TS_Relationship","non_scaling"
"1117","None","Primary_Length_Type","total_length"
"1117","None","Secondary_Length_Type","total_length"
"1117","None","Default_Length_Conversion","use_measured_length_type"
"1118","None","Default_TS_Relationship","non_scaling"
"1118","None","Specific_TS_Relationship","non_scaling"
"1118","None","Primary_Length_Type","total_length"
"1118","None","Secondary_Length_Type","total_length"
"1118","None","Default_Length_Conversion","use_measured_length_type"
"1119","None","Default_TS_Relationship","non_scaling"
"1119","None","Specific_TS_Relationship","non_scaling"
"1119","None","Primary_Length_Type","total_length"
"1119","None","Secondary_Length_Type","total_length"
"1119","None","Default_Length_Conversion","use_measured_length_type"
"1120","None","Default_TS_Relationship","non_scaling"
"1120","None","Specific_TS_Relationship","non_scaling"
"1120","None","Primary_Length_Type","total_length"
"1120","None","Secondary_Length_Type","total_length"
"1120","None","Default_Length_Conversion","use_measured_length_type"
"1121","None","Default_TS_Relationship","non_scaling"
"1121","None","Specific_TS_Relationship","non_scaling"
"1121","None","Primary_Length_Type","total_length"
"1121","None","Secondary_Length_Type","total_length"
"1121","None","Default_Length_Conversion","use_measured_length_type"
"1122","None","Default_TS_Relationship","non_scaling"
"1122","None","Specific_TS_Relationship","non_scaling"
"1122","None","Primary_Length_Type","total_length"
"1122","None","Secondary_Length_Type","total_length"
"1122","None","Default_Length_Conversion","use_measured_length_type"
"1123","None","Default_TS_Relationship","non_scaling"
"1123","None","Specific_TS_Relationship","non_scaling"
"1123","None","Primary_Length_Type","total_length"
"1123","None","Secondary_Length_Type","total_length"
"1123","None","Default_Length_Conversion","use_measured_length_type"
"1124","None","Default_TS_Relationship","non_scaling"
"1124","None","Specific_TS_Relationship","non_scaling"
"1124","None","Primary_Length_Type","total_length"
"1124","None","Secondary_Length_Type","total_length"
"1124","None","Default_Length_Conversion","use_measured_length_type"
"1125","None","Default_TS_Relationship","non_scaling"
"1125","None","Specific_TS_Relationship","non_scaling"
"1125","None","Primary_Length_Type","total_length"
"1125","None","Secondary_Length_Type","total_length"
"1125","None","Default_Length_Conversion","use_measured_length_type"
"1126","None","Default_TS_Relationship","non_scaling"
"1126","None","Specific_TS_Relationship","non_scaling"
"1126","None","Primary_Length_Type","total_length"
"1126","None","Secondary_Length_Type","total_length"
"1126","None","Default_Length_Conversion","use_measured_length_type"
"1127","None","Default_TS_Relationship","non_scaling"
"1127","None","Specific_TS_Relationship","non_scaling"
"1127","None","Primary_Length_Type","total_length"
"1127","None","Secondary_Length_Type","total_length"
"1127","None","Default_Length_Conversion","use_measured_length_type"
"1128","None","Default_TS_Relationship","non_scaling"
"1128","None","Specific_TS_Relationship","non_scaling"
"1128","None","Primary_Length_Type","total_length"
"1128","None","Secondary_Length_Type","total_length"
"1128","None","Default_Length_Conversion","use_measured_length_type"
"1129","None","Default_TS_Relationship","non_scaling"
"1129","None","Specific_TS_Relationship","non_scaling"
"1129","None","Primary_Length_Type","total_length"
"1129","None","Secondary_Length_Type","total_length"
"1129","None","Default_Length_Conversion","use_measured_length_type"
"1130","None","Default_TS_Relationship","non_scaling"
"1130","None","Specific_TS_Relationship","non_scaling"
"1130","None","Primary_Length_Type","total_length"
"1130","None","Secondary_Length_Type","total_length"
"1130","None","Default_Length_Conversion","use_measured_length_type"
"1131","None","Default_TS_Relationship","non_scaling"
"1131","None","Specific_TS_Relationship","non_scaling"
"1131","None","Primary_Length_Type","total_length"
"1131","None","Secondary_Length_Type","total_length"
"1131","None","Default_Length_Conversion","use_measured_length_type"
"1132","None","Default_TS_Relationship","non_scaling"
"1132","None","Specific_TS_Relationship","non_scaling"
"1132","None","Primary_Length_Type","total_length"
"1132","None","Secondary_Length_Type","total_length"
"1132","None","Default_Length_Conversion","use_measured_length_type"
"1134","None","Default_TS_Relationship","non_scaling"
"1134","None","Specific_TS_Relationship","non_scaling"
"1134","None","Primary_Length_Type","total_length"
"1134","None","Secondary_Length_Type","total_length"
"1134","None","Default_Length_Conversion","use_measured_length_type"
"1135","None","Default_TS_Relationship","non_scaling"
"1135","None","Specific_TS_Relationship","non_scaling"
"1135","None","Primary_Length_Type","total_length"
"1135","None","Secondary_Length_Type","total_length"
"1135","None","Default_Length_Conversion","use_measured_length_type"
"1136","None","Default_TS_Relationship","non_scaling"
"1136","None","Specific_TS_Relationship","non_scaling"
"1136","None","Primary_Length_Type","total_length"
"1136","None","Secondary_Length_Type","total_length"
"1136","None","Default_Length_Conversion","use_measured_length_type"
"1137","None","Default_TS_Relationship","non_scaling"
"1137","None","Specific_TS_Relationship","non_scaling"
"1137","None","Primary_Length_Type","total_length"
"1137","None","Secondary_Length_Type","total_length"
"1137","None","Default_Length_Conversion","use_measured_length_type"
"1138","None","Default_TS_Relationship","non_scaling"
"1138","None","Specific_TS_Relationship","non_scaling"
"1138","None","Primary_Length_Type","total_length"
"1138","None","Secondary_Length_Type","total_length"
"1138","None","Default_Length_Conversion","use_measured_length_type"
"1139","None","Default_TS_Relationship","non_scaling"
"1139","None","Specific_TS_Relationship","non_scaling"
"1139","None","Primary_Length_Type","total_length"
"1139","None","Secondary_Length_Type","total_length"
"1139","None","Default_Length_Conversion","use_measured_length_type"
"1140","None","Default_TS_Relationship","non_scaling"
"1140","None","Specific_TS_Relationship","non_scaling"
"1140","None","Primary_Length_Type","total_length"
"1140","None","Secondary_Length_Type","total_length"
"1140","None","Default_Length_Conversion","use_measured_length_type"
"1141","None","Default_TS_Relationship","non_scaling"
"1141","None","Specific_TS_Relationship","non_scaling"
"1141","None","Primary_Length_Type","total_length"
"1141","None","Secondary_Length_Type","total_length"
"1141","None","Default_Length_Conversion","use_measured_length_type"
"1142","None","Default_TS_Relationship","non_scaling"
"1142","None","Specific_TS_Relationship","non_scaling"
"1142","None","Primary_Length_Type","total_length"
"1142","None","Secondary_Length_Type","total_length"
"1142","None","Default_Length_Conversion","use_measured_length_type"
"1143","None","Default_TS_Relationship","non_scaling"
"1143","None","Specific_TS_Relationship","non_scaling"
"1143","None","Primary_Length_Type","total_length"
"1143","None","Secondary_Length_Type","total_length"
"1143","None","Default_Length_Conversion","use_measured_length_type"
"1144","None","Default_TS_Relationship","non_scaling"
"1144","None","Specific_TS_Relationship","non_scaling"
"1144","None","Primary_Length_Type","total_length"
"1144","None","Secondary_Length_Type","total_length"
"1144","None","Default_Length_Conversion","use_measured_length_type"
"1145","None","Default_TS_Relationship","non_scaling"
"1145","None","Specific_TS_Relationship","non_scaling"
"1145","None","Primary_Length_Type","total_length"
"1145","None","Secondary_Length_Type","total_length"
"1145","None","Default_Length_Conversion","use_measured_length_type"
"1146","None","Default_TS_Relationship","non_scaling"
"1146","None","Specific_TS_Relationship","non_scaling"
"1146","None","Primary_Length_Type","total_length"
"1146","None","Secondary_Length_Type","total_length"
"1146","None","Default_Length_Conversion","use_measured_length_type"
"1147","None","Default_TS_Relationship","non_scaling"
"1147","None","Specific_TS_Relationship","non_scaling"
"1147","None","Primary_Length_Type","total_length"
"1147","None","Secondary_Length_Type","total_length"
"1147","None","Default_Length_Conversion","use_measured_length_type"
"1148","None","Default_TS_Relationship","non_scaling"
"1148","None","Specific_TS_Relationship","non_scaling"
"1148","None","Primary_Length_Type","total_length"
"1148","None","Secondary_Length_Type","total_length"
"1148","None","Default_Length_Conversion","use_measured_length_type"
"1149","None","Default_TS_Relationship","non_scaling"
"1149","None","Specific_TS_Relationship","non_scaling"
"1149","None","Primary_Length_Type","total_length"
"1149","None","Secondary_Length_Type","total_length"
"1149","None","Default_Length_Conversion","use_measured_length_type"
"1150","None","Default_TS_Relationship","non_scaling"
"1150","None","Specific_TS_Relationship","non_scaling"
"1150","None","Primary_Length_Type","total_length"
"1150","None","Secondary_Length_Type","total_length"
"1150","None","Default_Length_Conversion","use_measured_length_type"
"1151","None","Default_TS_Relationship","non_scaling"
"1151","None","Specific_TS_Relationship","non_scaling"
"1151","None","Primary_Length_Type","total_length"
"1151","None","Secondary_Length_Type","total_length"
"1151","None","Default_Length_Conversion","use_measured_length_type"
"1152","None","Default_TS_Relationship","non_scaling"
"1152","None","Specific_TS_Relationship","non_scaling"
"1152","None","Primary_Length_Type","total_length"
"1152","None","Secondary_Length_Type","total_length"
"1152","None","Default_Length_Conversion","use_measured_length_type"
"1153","None","Default_TS_Relationship","non_scaling"
"1153","None","Specific_TS_Relationship","non_scaling"
"1153","None","Primary_Length_Type","total_length"
"1153","None","Secondary_Length_Type","total_length"
"1153","None","Default_Length_Conversion","use_measured_length_type"
"1154","None","Default_TS_Relationship","non_scaling"
"1154","None","Specific_TS_Relationship","non_scaling"
"1154","None","Primary_Length_Type","total_length"
"1154","None","Secondary_Length_Type","total_length"
"1154","None","Default_Length_Conversion","use_measured_length_type"
"10000","None","Default_TS_Relationship","generic_fish_no_swimbladder"
"10000","None","Specific_TS_Relationship","generic_fish_no_swimbladder"
"10000","None","Primary_Length_Type","fork_length"
"10000","None","Secondary_Length_Type","total_length"
"10000","None","Default_Length_Conversion","use_measured_length_type"
"10001","None","Default_TS_Relationship","generic_fish_no_swimbladder"
"10001","None","Specific_TS_Relationship","generic_fish_no_swimbladder"
"10001","None","Primary_Length_Type","fork_length"
"10001","None","Secondary_Length_Type","total_length"
"10001","None","Default_Length_Conversion","use_measured_length_type"
"10002","None","Default_TS_Relationship","generic_fish_no_swimbladder"
"10002","None","Specific_TS_Relationship","generic_fish_no_swimbladder"
"10002","None","Primary_Length_Type","fork_length"
"10002","None","Secondary_Length_Type","total_length"
"10002","None","Default_Length_Conversion","use_measured_length_type"
"10003","None","Default_TS_Relationship","generic_fish_no_swimbladder"
"10003","None","Specific_TS_Relationship","generic_fish_no_swimbladder"
"10003","None","Primary_Length_Type","fork_length"
"10003","None","Secondary_Length_Type","total_length"
"10003","None","Default_Length_Conversion","use_measured_length_type"
"10008","None","Default_TS_Relationship","generic_fish_no_swimbladder"
"10008","None","Specific_TS_Relationship","generic_fish_no_swimbladder"
"10008","None","Primary_Length_Type","fork_length"
"10008","None","Secondary_Length_Type","total_length"
"10008","None","Default_Length_Conversion","use_measured_length_type"
"10009","None","Default_TS_Relationship","generic_fish_no_swimbladder"
"10009","None","Specific_TS_Relationship","generic_fish_no_swimbladder"
"10009","None","Primary_Length_Type","fork_length"
"10009","None","Secondary_Length_Type","total_length"
"10009","None","Default_Length_Conversion","use_measured_length_type"
"10010","None","Default_TS_Relationship","generic_fish_no_swimbladder"
"10010","None","Specific_TS_Relationship","generic_fish_no_swimbladder"
"10010","None","Primary_Length_Type","fork_length"
"10010","None","Secondary_Length_Type","total_length"
"10010","None","Default_Length_Conversion","use_measured_length_type"
"10020","None","Default_TS_Relationship","generic_fish_no_swimbladder"
"10020","None","Specific_TS_Relationship","generic_fish_no_swimbladder"
"10020","None","Primary_Length_Type","fork_length"
"10020","None","Secondary_Length_Type","total_length"
"10020","None","Default_Length_Conversion","use_measured_length_type"
"10041","None","Default_TS_Relationship","generic_fish_no_swimbladder"
"10041","None","Specific_TS_Relationship","generic_fish_no_swimbladder"
"10041","None","Primary_Length_Type","fork_length"
"10041","None","Secondary_Length_Type","total_length"
"10041","None","Default_Length_Conversion","use_measured_length_type"
"10050","None","Default_TS_Relationship","generic_fish_no_swimbladder"
"10050","None","Specific_TS_Relationship","generic_fish_no_swimbladder"
"10050","None","Primary_Length_Type","fork_length"
"10050","None","Secondary_Length_Type","total_length"
"10050","None","Default_Length_Conversion","use_measured_length_type"
"10060","None","Default_TS_Relationship","generic_fish_no_swimbladder"
"10060","None","Specific_TS_Relationship","generic_fish_no_swimbladder"
"10060","None","Primary_Length_Type","fork_length"
"10060","None","Secondary_Length_Type","total_length"
"10060","None","Default_Length_Conversion","use_measured_length_type"
"10100","None","Default_TS_Relationship","generic_fish_no_swimbladder"
"10100","None","Specific_TS_Relationship","generic_fish_no_swimbladder"
"10100","None","Primary_Length_Type","fork_length"
"10100","None","Secondary_Length_Type","total_length"
"10100","None","Default_Length_Conversion","use_measured_length_type"
"10110","None","Default_TS_Relationship","generic_fish_no_swimbladder"
"10110","None","Specific_TS_Relationship","generic_fish_no_swimbladder"
"10110","None","Primary_Length_Type","fork_length"
"10110","None","Secondary_Length_Type","total_length"
"10110","None","Default_Length_Conversion","use_measured_length_type"
"10111","None","Default_TS_Relationship","generic_fish_no_swimbladder"
"10111","None","Specific_TS_Relationship","generic_fish_no_swimbladder"
"10111","None","Primary_Length_Type","fork_length"
"10111","None","Secondary_Length_Type","total_length"
"10111","None","Default_Length_Conversion","use_measured_length_type"
"10112","None","Default_TS_Relationship","generic_fish_no_swimbladder"
"10112","None","Specific_TS_Relationship","generic_fish_no_swimbladder"
"10112","None","Primary_Length_Type","fork_length"
"10112","None","Secondary_Length_Type","total_length"
"10112","None","Default_Length_Conversion","use_measured_length_type"
"10115","None","Default_TS_Relationship","generic_fish_no_swimbladder"
"10115","None","Specific_TS_Relationship","generic_fish_no_swimbladder"
"10115","None","Primary_Length_Type","fork_length"
"10115","None","Secondary_Length_Type","total_length"
"10115","None","Default_Length_Conversion","use_measured_length_type"
"10120","None","Default_TS_Relationship","generic_fish_no_swimbladder"
"10120","None","Specific_TS_Relationship","generic_fish_no_swimbladder"
"10120","None","Primary_Length_Type","fork_length"
"10120","None","Secondary_Length_Type","total_length"
"10120","None","Default_Length_Conversion","use_measured_length_type"
"10122","None","Default_TS_Relationship","generic_fish_no_swimbladder"
"10122","None","Specific_TS_Relationship","generic_fish_no_swimbladder"
"10122","None","Primary_Length_Type","fork_length"
"10122","None","Secondary_Length_Type","total_length"
"10122","None","Default_Length_Conversion","use_measured_length_type"
"10129","None","Default_TS_Relationship","generic_fish_no_swimbladder"
"10129","None","Specific_TS_Relationship","generic_fish_no_swimbladder"
"10129","None","Primary_Length_Type","fork_length"
"10129","None","Secondary_Length_Type","total_length"
"10129","None","Default_Length_Conversion","use_measured_length_type"
"10130","None","Default_TS_Relationship","generic_fish_no_swimbladder"
"10130","None","Specific_TS_Relationship","generic_fish_no_swimbladder"
"10130","None","Primary_Length_Type","fork_length"
"10130","None","Secondary_Length_Type","total_length"
"10130","None","Default_Length_Conversion","use_measured_length_type"
"10140","None","Default_TS_Relationship","generic_fish_no_swimbladder"
"10140","None","Specific_TS_Relationship","generic_fish_no_swimbladder"
"10140","None","Primary_Length_Type","fork_length"
"10140","None","Secondary_Length_Type","total_length"
"10140","None","Default_Length_Conversion","use_measured_length_type"
"10145","None","Default_TS_Relationship","generic_fish_no_swimbladder"
"10145","None","Specific_TS_Relationship","generic_fish_no_swimbladder"
"10145","None","Primary_Length_Type","fork_length"
"10145","None","Secondary_Length_Type","total_length"
"10145","None","Default_Length_Conversion","use_measured_length_type"
"10150","None","Default_TS_Relationship","generic_fish_no_swimbladder"
"10150","None","Specific_TS_Relationship","generic_fish_no_swimbladder"
"10150","None","Primary_Length_Type","fork_length"
"10150","None","Secondary_Length_Type","total_length"
"10150","None","Default_Length_Conversion","use_measured_length_type"
"10155","None","Default_TS_Relationship","generic_fish_no_swimbladder"
"10155","None","Specific_TS_Relationship","generic_fish_no_swimbladder"
"10155","None","Primary_Length_Type","fork_length"
"10155","None","Secondary_Length_Type","total_length"
"10155","None","Default_Length_Conversion","use_measured_length_type"
"10160","None","Default_TS_Relationship","generic_fish_no_swimbladder"
"10160","None","Specific_TS_Relationship","generic_fish_no_swimbladder"
"10160","None","Primary_Length_Type","fork_length"
"10160","None","Secondary_Length_Type","total_length"
"10160","None","Default_Length_Conversion","use_measured_length_type"
"10170","None","Default_TS_Relationship","generic_fish_no_swimbladder"
"10170","None","Specific_TS_Relationship","generic_fish_no_swimbladder"
"10170","None","Primary_Length_Type","fork_length"
"10170","None","Secondary_Length_Type","total_length"
"10170","None","Default_Length_Conversion","use_measured_length_type"
"10180","None","Default_TS_Relationship","generic_fish_no_swimbladder"
"10180","None","Specific_TS_Relationship","generic_fish_no_swimbladder"
"10180","None","Primary_Length_Type","fork_length"
"10180","None","Secondary_Length_Type","total_length"
"10180","None","Default_Length_Conversion","use_measured_length_type"
"10190","None","Default_TS_Relationship","generic_fish_no_swimbladder"
"10190","None","Specific_TS_Relationship","generic_fish_no_swimbladder"
"10190","None","Primary_Length_Type","fork_length"
"10190","None","Secondary_Length_Type","total_length"
"10190","None","Default_Length_Conversion","use_measured_length_type"
"10200","None","Default_TS_Relationship","generic_fish_no_swimbladder"
"10200","None","Specific_TS_Relationship","generic_fish_no_swimbladder"
"10200","None","Primary_Length_Type","fork_length"
"10200","None","Secondary_Length_Type","total_length"
"10200","None","Default_Length_Conversion","use_measured_length_type"
"10201","None","Default_TS_Relationship","generic_fish_no_swimbladder"
"10201","None","Specific_TS_Relationship","generic_fish_no_swimbladder"
"10201","None","Primary_Length_Type","fork_length"
"10201","None","Secondary_Length_Type","total_length"
"10201","None","Default_Length_Conversion","use_measured_length_type"
"10210","None","Default_TS_Relationship","generic_fish_no_swimbladder"
"10210","None","Specific_TS_Relationship","generic_fish_no_swimbladder"
"10210","None","Primary_Length_Type","fork_length"
"10210","None","Secondary_Length_Type","total_length"
"10210","None","Default_Length_Conversion","use_measured_length_type"
"10211","None","Default_TS_Relationship","generic_fish_no_swimbladder"
"10211","None","Specific_TS_Relationship","generic_fish_no_swimbladder"
"10211","None","Primary_Length_Type","fork_length"
"10211","None","Secondary_Length_Type","total_length"
"10211","None","Default_Length_Conversion","use_measured_length_type"
"10212","None","Default_TS_Relationship","generic_fish_no_swimbladder"
"10212","None","Specific_TS_Relationship","generic_fish_no_swimbladder"
"10212","None","Primary_Length_Type","fork_length"
"10212","None","Secondary_Length_Type","total_length"
"10212","None","Default_Length_Conversion","use_measured_length_type"
"10220","None","Default_TS_Relationship","generic_fish_no_swimbladder"
"10220","None","Specific_TS_Relationship","generic_fish_no_swimbladder"
"10220","None","Primary_Length_Type","fork_length"
"10220","None","Secondary_Length_Type","total_length"
"10220","None","Default_Length_Conversion","use_measured_length_type"
"10221","None","Default_TS_Relationship","generic_fish_no_swimbladder"
"10221","None","Specific_TS_Relationship","generic_fish_no_swimbladder"
"10221","None","Primary_Length_Type","fork_length"
"10221","None","Secondary_Length_Type","total_length"
"10221","None","Default_Length_Conversion","use_measured_length_type"
"10240","None","Default_TS_Relationship","generic_fish_no_swimbladder"
"10240","None","Specific_TS_Relationship","generic_fish_no_swimbladder"
"10240","None","Primary_Length_Type","fork_length"
"10240","None","Secondary_Length_Type","total_length"
"10240","None","Default_Length_Conversion","use_measured_length_type"
"10250","None","Default_TS_Relationship","generic_fish_no_swimbladder"
"10250","None","Specific_TS_Relationship","generic_fish_no_swimbladder"
"10250","None","Primary_Length_Type","fork_length"
"10250","None","Secondary_Length_Type","total_length"
"10250","None","Default_Length_Conversion","use_measured_length_type"
"10260","None","Default_TS_Relationship","generic_fish_no_swimbladder"
"10260","None","Specific_TS_Relationship","generic_fish_no_swimbladder"
"10260","None","Primary_Length_Type","fork_length"
"10260","None","Secondary_Length_Type","total_length"
"10260","None","Default_Length_Conversion","use_measured_length_type"
"10261","None","Default_TS_Relationship","generic_fish_no_swimbladder"
"10261","None","Specific_TS_Relationship","generic_fish_no_swimbladder"
"10261","None","Primary_Length_Type","fork_length"
"10261","None","Secondary_Length_Type","total_length"
"10261","None","Default_Length_Conversion","use_measured_length_type"
"10262","None","Default_TS_Relationship","generic_fish_no_swimbladder"
"10262","None","Specific_TS_Relationship","generic_fish_no_swimbladder"
"10262","None","Primary_Length_Type","fork_length"
"10262","None","Secondary_Length_Type","total_length"
"10262","None","Default_Length_Conversion","use_measured_length_type"
"10270","None","Default_TS_Relationship","generic_fish_no_swimbladder"
"10270","None","Specific_TS_Relationship","generic_fish_no_swimbladder"
"10270","None","Primary_Length_Type","fork_length"
"10270","None","Secondary_Length_Type","total_length"
"10270","None","Default_Length_Conversion","use_measured_length_type"
"10280","None","Default_TS_Relationship","generic_fish_no_swimbladder"
"10280","None","Specific_TS_Relationship","generic_fish_no_swimbladder"
"10280","None","Primary_Length_Type","fork_length"
"10280","None","Secondary_Length_Type","total_length"
"10280","None","Default_Length_Conversion","use_measured_length_type"
"10281","None","Default_TS_Relationship","generic_fish_no_swimbladder"
"10281","None","Specific_TS_Relationship","generic_fish_no_swimbladder"
"10281","None","Default_Length_Conversion","use_measured_length_type"
"10281","None","Primary_Length_Type","fork_length"
"10281","None","Secondary_Length_Type","total_length"
"30250","None","Default_TS_Relationship","generic_swimbladder_fish"
"30250","None","Specific_TS_Relationship","generic_swimbladder_fish"
"30250","None","Primary_Length_Type","fork_length"
"30250","None","Secondary_Length_Type","total_length"
"30250","None","Default_Length_Conversion","rockfish_length_conversions"
"30260","None","Default_TS_Relationship","generic_swimbladder_fish"
"30260","None","Specific_TS_Relationship","generic_swimbladder_fish"
"30260","None","Primary_Length_Type","fork_length"
"30260","None","Secondary_Length_Type","total_length"
"30260","None","Default_Length_Conversion","rockfish_length_conversions"
"30270","None","Default_TS_Relationship","generic_swimbladder_fish"
"30270","None","Specific_TS_Relationship","generic_swimbladder_fish"
"30270","None","Primary_Length_Type","fork_length"
"30270","None","Secondary_Length_Type","total_length"
"30270","None","Default_Length_Conversion","rockfish_length_conversions"
"30280","None","Default_TS_Relationship","generic_swimbladder_fish"
"30280","None","Specific_TS_Relationship","generic_swimbladder_fish"
"30280","None","Primary_Length_Type","fork_length"
"30280","None","Secondary_Length_Type","total_length"
"30280","None","Default_Length_Conversion","rockfish_length_conversions"
"30290","None","Default_TS_Relationship","generic_swimbladder_fish"
"30290","None","Specific_TS_Relationship","generic_swimbladder_fish"
"30290","None","Primary_Length_Type","fork_length"
"30290","None","Secondary_Length_Type","total_length"
"30290","None","Default_Length_Conversion","rockfish_length_conversions"
"30295","None","Default_TS_Relationship","generic_swimbladder_fish"
"30295","None","Specific_TS_Relationship","generic_swimbladder_fish"
"30295","None","Primary_Length_Type","fork_length"
"30295","None","Secondary_Length_Type","total_length"
"30295","None","Default_Length_Conversion","rockfish_length_conversions"
"30300","None","Default_TS_Relationship","generic_swimbladder_fish"
"30300","None","Specific_TS_Relationship","generic_swimbladder_fish"
"30300","None","Primary_Length_Type","fork_length"
"30300","None","Secondary_Length_Type","total_length"
"30300","None","Default_Length_Conversion","rockfish_length_conversions"
"30320","None","Default_TS_Relationship","generic_swimbladder_fish"
"30320","None","Specific_TS_Relationship","generic_swimbladder_fish"
"30320","None","Primary_Length_Type","fork_length"
"30320","None","Secondary_Length_Type","total_length"
"30320","None","Default_Length_Conversion","rockfish_length_conversions"
"30330","None","Default_TS_Relationship","generic_swimbladder_fish"
"30330","None","Specific_TS_Relationship","generic_swimbladder_fish"
"30330","None","Primary_Length_Type","fork_length"
"30330","None","Secondary_Length_Type","total_length"
"30330","None","Default_Length_Conversion","rockfish_length_conversions"
"30340","None","Default_TS_Relationship","generic_swimbladder_fish"
"30340","None","Specific_TS_Relationship","generic_swimbladder_fish"
"30340","None","Primary_Length_Type","fork_length"
"30340","None","Secondary_Length_Type","total_length"
"30340","None","Default_Length_Conversion","rockfish_length_conversions"
"30350","None","Default_TS_Relationship","generic_swimbladder_fish"
"30350","None","Specific_TS_Relationship","generic_swimbladder_fish"
"30350","None","Primary_Length_Type","fork_length"
"30350","None","Secondary_Length_Type","total_length"
"30350","None","Default_Length_Conversion","rockfish_length_conversions"
"30360","None","Default_TS_Relationship","generic_swimbladder_fish"
"30360","None","Specific_TS_Relationship","generic_swimbladder_fish"
"30360","None","Primary_Length_Type","fork_length"
"30360","None","Secondary_Length_Type","total_length"
"30360","None","Default_Length_Conversion","rockfish_length_conversions"
"30370","None","Default_TS_Relationship","generic_swimbladder_fish"
"30370","None","Specific_TS_Relationship","generic_swimbladder_fish"
"30370","None","Primary_Length_Type","fork_length"
"30370","None","Secondary_Length_Type","total_length"
"30370","None","Default_Length_Conversion","rockfish_length_conversions"
"30380","None","Default_TS_Relationship","generic_swimbladder_fish"
"30380","None","Specific_TS_Relationship","generic_swimbladder_fish"
"30380","None","Primary_Length_Type","fork_length"
"30380","None","Secondary_Length_Type","total_length"
"30380","None","Default_Length_Conversion","rockfish_length_conversions"
"30390","None","Default_TS_Relationship","generic_swimbladder_fish"
"30390","None","Specific_TS_Relationship","generic_swimbladder_fish"
"30390","None","Primary_Length_Type","fork_length"
"30390","None","Secondary_Length_Type","total_length"
"30390","None","Default_Length_Conversion","rockfish_length_conversions"
"30400","None","Default_TS_Relationship","generic_swimbladder_fish"
"30400","None","Specific_TS_Relationship","generic_swimbladder_fish"
"30400","None","Primary_Length_Type","fork_length"
"30400","None","Secondary_Length_Type","total_length"
"30400","None","Default_Length_Conversion","rockfish_length_conversions"
"30410","None","Default_TS_Relationship","generic_swimbladder_fish"
"30410","None","Specific_TS_Relationship","generic_swimbladder_fish"
"30410","None","Primary_Length_Type","fork_length"
"30410","None","Secondary_Length_Type","total_length"
"30410","None","Default_Length_Conversion","rockfish_length_conversions"
"30420","None","Default_TS_Relationship","generic_swimbladder_fish"
"30420","None","Specific_TS_Relationship","generic_swimbladder_fish"
"30420","None","Primary_Length_Type","fork_length"
"30420","None","Secondary_Length_Type","total_length"
"30420","None","Default_Length_Conversion","rockfish_length_conversions"
"30430","None","Default_TS_Relationship","generic_swimbladder_fish"
"30430","None","Specific_TS_Relationship","generic_swimbladder_fish"
"30430","None","Primary_Length_Type","fork_length"
"30430","None","Secondary_Length_Type","total_length"
"30430","None","Default_Length_Conversion","rockfish_length_conversions"
"30460","None","Default_TS_Relationship","generic_swimbladder_fish"
"30460","None","Specific_TS_Relationship","generic_swimbladder_fish"
"30460","None","Primary_Length_Type","fork_length"
"30460","None","Secondary_Length_Type","total_length"
"30460","None","Default_Length_Conversion","rockfish_length_conversions"
"30470","None","Default_TS_Relationship","generic_swimbladder_fish"
"30470","None","Specific_TS_Relationship","generic_swimbladder_fish"
"30470","None","Primary_Length_Type","fork_length"
"30470","None","Secondary_Length_Type","total_length"
"30470","None","Default_Length_Conversion","rockfish_length_conversions"
"30475","None","Default_TS_Relationship","generic_swimbladder_fish"
"30475","None","Specific_TS_Relationship","generic_swimbladder_fish"
"30475","None","Primary_Length_Type","fork_length"
"30475","None","Secondary_Length_Type","total_length"
"30475","None","Default_Length_Conversion","rockfish_length_conversions"
"30480","None","Default_TS_Relationship","generic_swimbladder_fish"
"30480","None","Specific_TS_Relationship","generic_swimbladder_fish"
"30480","None","Primary_Length_Type","fork_length"
"30480","None","Secondary_Length_Type","total_length"
"30480","None","Default_Length_Conversion","rockfish_length_conversions"
"30490","None","Default_TS_Relationship","generic_swimbladder_fish"
"30490","None","Specific_TS_Relationship","generic_swimbladder_fish"
"30490","None","Primary_Length_Type","fork_length"
"30490","None","Secondary_Length_Type","total_length"
"30490","None","Default_Length_Conversion","rockfish_length_conversions"
"30500","None","Default_TS_Relationship","generic_swimbladder_fish"
"30500","None","Specific_TS_Relationship","generic_swimbladder_fish"
"30500","None","Primary_Length_Type","fork_length"
"30500","None","Secondary_Length_Type","total_length"
"30500","None","Default_Length_Conversion","rockfish_length_conversions"
"30510","None","Default_TS_Relationship","generic_swimbladder_fish"
"30510","None","Specific_TS_Relationship","generic_swimbladder_fish"
"30510","None","Primary_Length_Type","fork_length"
"30510","None","Secondary_Length_Type","total_length"
"30510","None","Default_Length_Conversion","rockfish_length_conversions"
"30535","None","Default_TS_Relationship","generic_swimbladder_fish"
"30535","None","Specific_TS_Relationship","generic_swimbladder_fish"
"30535","None","Primary_Length_Type","fork_length"
"30535","None","Default_Length_Conversion","rockfish_length_conversions"
"30535","None","Secondary_Length_Type","total_length"
"30540","None","Default_TS_Relationship","generic_swimbladder_fish"
"30540","None","Specific_TS_Relationship","generic_swimbladder_fish"
"30540","None","Primary_Length_Type","fork_length"
"30540","None","Secondary_Length_Type","total_length"
"30540","None","Default_Length_Conversion","rockfish_length_conversions"
"30550","None","Default_TS_Relationship","generic_swimbladder_fish"
"30550","None","Specific_TS_Relationship","generic_swimbladder_fish"
"30550","None","Primary_Length_Type","fork_length"
"30550","None","Secondary_Length_Type","total_length"
"30550","None","Default_Length_Conversion","rockfish_length_conversions"
"30560","None","Default_TS_Relationship","generic_swimbladder_fish"
"30560","None","Specific_TS_Relationship","generic_swimbladder_fish"
"30560","None","Primary_Length_Type","fork_length"
"30560","None","Secondary_Length_Type","total_length"
"30560","None","Default_Length_Conversion","rockfish_length_conversions"
"30570","None","Default_TS_Relationship","generic_swimbladder_fish"
"30570","None","Specific_TS_Relationship","generic_swimbladder_fish"
"30570","None","Primary_Length_Type","fork_length"
"30570","None","Secondary_Length_Type","total_length"
"30570","None","Default_Length_Conversion","rockfish_length_conversions"
"30575","None","Default_TS_Relationship","generic_swimbladder_fish"
"30575","None","Specific_TS_Relationship","generic_swimbladder_fish"
"30575","None","Primary_Length_Type","fork_length"
"30575","None","Secondary_Length_Type","total_length"
"30575","None","Default_Length_Conversion","rockfish_length_conversions"
"30576","None","Default_TS_Relationship","generic_swimbladder_fish"
"30576","None","Specific_TS_Relationship","generic_swimbladder_fish"
"30576","None","Primary_Length_Type","fork_length"
"30576","None","Secondary_Length_Type","total_length"
"30576","None","Default_Length_Conversion","rockfish_length_conversions"
"30580","None","Default_TS_Relationship","generic_swimbladder_fish"
"30580","None","Specific_TS_Relationship","generic_swimbladder_fish"
"30580","None","Primary_Length_Type","fork_length"
"30580","None","Secondary_Length_Type","total_length"
"30580","None","Default_Length_Conversion","rockfish_length_conversions"
"30590","None","Default_TS_Relationship","generic_swimbladder_fish"
"30590","None","Specific_TS_Relationship","generic_swimbladder_fish"
"30590","None","Primary_Length_Type","fork_length"
"30590","None","Secondary_Length_Type","total_length"
"30590","None","Default_Length_Conversion","rockfish_length_conversions"
"30600","None","Default_TS_Relationship","generic_swimbladder_fish"
"30600","None","Specific_TS_Relationship","generic_swimbladder_fish"
"30600","None","Primary_Length_Type","fork_length"
"30600","None","Secondary_Length_Type","total_length"
"30600","None","Default_Length_Conversion","rockfish_length_conversions"
"30611","None","Default_TS_Relationship","generic_swimbladder_fish"
"30611","None","Specific_TS_Relationship","generic_swimbladder_fish"
"30611","None","Primary_Length_Type","fork_length"
"30611","None","Secondary_Length_Type","total_length"
"30611","None","Default_Length_Conversion","rockfish_length_conversions"
"30620","None","Default_TS_Relationship","generic_swimbladder_fish"
"30620","None","Specific_TS_Relationship","generic_swimbladder_fish"
"30620","None","Primary_Length_Type","fork_length"
"30620","None","Secondary_Length_Type","total_length"
"30620","None","Default_Length_Conversion","rockfish_length_conversions"
"30630","None","Default_TS_Relationship","generic_swimbladder_fish"
"30630","None","Specific_TS_Relationship","generic_swimbladder_fish"
"30630","None","Primary_Length_Type","fork_length"
"30630","None","Secondary_Length_Type","total_length"
"30630","None","Default_Length_Conversion","rockfish_length_conversions"
"31501","None","Default_TS_Relationship","generic_fish_no_swimbladder"
"31501","None","Specific_TS_Relationship","generic_fish_no_swimbladder"
"31501","None","Primary_Length_Type","total_length"
"31501","None","Secondary_Length_Type","fork_length"
"31501","None","Default_Length_Conversion","use_measured_length_type"
"31550","None","Default_TS_Relationship","generic_fish_no_swimbladder"
"31550","None","Specific_TS_Relationship","generic_fish_no_swimbladder"
"31550","None","Primary_Length_Type","total_length"
"31550","None","Secondary_Length_Type","fork_length"
"31550","None","Default_Length_Conversion","use_measured_length_type"
"39100","None","Default_TS_Relationship","non_scaling"
"39100","None","Specific_TS_Relationship","non_scaling"
"39100","None","Primary_Length_Type","total_length"
"39100","None","Secondary_Length_Type","total_length"
"39100","None","Default_Length_Conversion","use_measured_length_type"
"40001","None","Default_TS_Relationship","non_scaling"
"40001","None","Specific_TS_Relationship","non_scaling"
"40001","None","Primary_Length_Type","total_length"
"40001","None","Secondary_Length_Type","total_length"
"40001","None","Default_Length_Conversion","use_measured_length_type"
"40008","None","Default_TS_Relationship","non_scaling"
"40008","None","Specific_TS_Relationship","non_scaling"
"40008","None","Primary_Length_Type","total_length"
"40008","None","Secondary_Length_Type","total_length"
"40008","None","Default_Length_Conversion","use_measured_length_type"
"40009","None","Default_TS_Relationship","non_scaling"
"40009","None","Specific_TS_Relationship","non_scaling"
"40009","None","Primary_Length_Type","total_length"
"40009","None","Secondary_Length_Type","total_length"
"40009","None","Default_Length_Conversion","use_measured_length_type"
"40010","None","Default_TS_Relationship","chrysaora_melanaster"
"40010","None","Specific_TS_Relationship","chrysaora_melanaster"
"40010","None","Primary_Length_Type","bell_diameter"
"40010","None","Secondary_Length_Type","bell_diameter"
"40010","None","Default_Length_Conversion","use_measured_length_type"
"40011","None","Default_TS_Relationship","chrysaora_melanaster"
"40011","None","Specific_TS_Relationship","chrysaora_melanaster"
"40011","None","Primary_Length_Type","bell_diameter"
"40011","None","Secondary_Length_Type","bell_diameter"
"40011","None","Default_Length_Conversion","use_measured_length_type"
"40012","None","Default_TS_Relationship","chrysaora_melanaster"
"40012","None","Specific_TS_Relationship","chrysaora_melanaster"
"40012","None","Primary_Length_Type","bell_diameter"
"40012","None","Secondary_Length_Type","bell_diameter"
"40012","None","Default_Length_Conversion","use_measured_length_type"
"40020","None","Default_TS_Relationship","chrysaora_melanaster"
"40020","None","Specific_TS_Relationship","chrysaora_melanaster"
"40020","None","Primary_Length_Type","bell_diameter"
"40020","None","Secondary_Length_Type","bell_diameter"
"40020","None","Default_Length_Conversion","use_measured_length_type"
"40028","None","Default_TS_Relationship","chrysaora_melanaster"
"40028","None","Specific_TS_Relationship","chrysaora_melanaster"
"40028","None","Primary_Length_Type","bell_diameter"
"40028","None","Secondary_Length_Type","bell_diameter"
"40028","None","Default_Length_Conversion","use_measured_length_type"
"40049","None","Default_TS_Relationship","chrysaora_melanaster"
"40049","None","Specific_TS_Relationship","chrysaora_melanaster"
"40049","None","Primary_Length_Type","bell_diameter"
"40049","None","Secondary_Length_Type","bell_diameter"
"40049","None","Default_Length_Conversion","use_measured_length_type"
"40050","None","Default_TS_Relationship","chrysaora_melanaster"
"40050","None","Specific_TS_Relationship","chrysaora_melanaster"
"40050","None","Primary_Length_Type","bell_diameter"
"40050","None","Secondary_Length_Type","bell_diameter"
"40050","None","Default_Length_Conversion","use_measured_length_type"
"40061","None","Default_TS_Relationship","chrysaora_melanaster"
"40061","None","Specific_TS_Relationship","chrysaora_melanaster"
"40061","None","Primary_Length_Type","bell_diameter"
"40061","None","Secondary_Length_Type","bell_diameter"
"40061","None","Default_Length_Conversion","use_measured_length_type"
"40500","None","Default_TS_Relationship","chrysaora_melanaster"
"40500","None","Specific_TS_Relationship","chrysaora_melanaster"
"40500","None","Primary_Length_Type","bell_diameter"
"40500","None","Secondary_Length_Type","bell_diameter"
"40500","None","Default_Length_Conversion","use_measured_length_type"
"40501","None","Default_TS_Relationship","chrysaora_melanaster"
"40501","None","Specific_TS_Relationship","chrysaora_melanaster"
"40501","None","Primary_Length_Type","bell_diameter"
"40501","None","Secondary_Length_Type","bell_diameter"
"40501","None","Default_Length_Conversion","use_measured_length_type"
"40502","None","Default_TS_Relationship","chrysaora_melanaster"
"40502","None","Specific_TS_Relationship","chrysaora_melanaster"
"40502","None","Primary_Length_Type","bell_diameter"
"40502","None","Secondary_Length_Type","bell_diameter"
"40502","None","Default_Length_Conversion","use_measured_length_type"
"40503","None","Default_TS_Relationship","chrysaora_melanaster"
"40503","None","Specific_TS_Relationship","chrysaora_melanaster"
"40503","None","Primary_Length_Type","bell_diameter"
"40503","None","Secondary_Length_Type","bell_diameter"
"40503","None","Default_Length_Conversion","use_measured_length_type"
"40504","None","Default_TS_Relationship","chrysaora_melanaster"
"40504","None","Specific_TS_Relationship","chrysaora_melanaster"
"40504","None","Primary_Length_Type","bell_diameter"
"40504","None","Secondary_Length_Type","bell_diameter"
"40504","None","Default_Length_Conversion","use_measured_length_type"
"40505","None","Default_TS_Relationship","chrysaora_melanaster"
"40505","None","Specific_TS_Relationship","chrysaora_melanaster"
"40505","None","Primary_Length_Type","bell_diameter"
"40505","None","Secondary_Length_Type","bell_diameter"
"40505","None","Default_Length_Conversion","use_measured_length_type"
"40506","None","Default_TS_Relationship","chrysaora_melanaster"
"40506","None","Specific_TS_Relationship","chrysaora_melanaster"
"40506","None","Primary_Length_Type","bell_diameter"
"40506","None","Secondary_Length_Type","bell_diameter"
"40506","None","Default_Length_Conversion","use_measured_length_type"
"40507","None","Default_TS_Relationship","chrysaora_melanaster"
"40507","None","Specific_TS_Relationship","chrysaora_melanaster"
"40507","None","Primary_Length_Type","bell_diameter"
"40507","None","Secondary_Length_Type","bell_diameter"
"40507","None","Default_Length_Conversion","use_measured_length_type"
"40508","None","Default_TS_Relationship","chrysaora_melanaster"
"40508","None","Specific_TS_Relationship","chrysaora_melanaster"
"40508","None","Primary_Length_Type","bell_diameter"
"40508","None","Secondary_Length_Type","bell_diameter"
"40508","None","Default_Length_Conversion","use_measured_length_type"
"40509","None","Default_TS_Relationship","chrysaora_melanaster"
"40509","None","Specific_TS_Relationship","chrysaora_melanaster"
"40509","None","Primary_Length_Type","bell_diameter"
"40509","None","Secondary_Length_Type","bell_diameter"
"40509","None","Default_Length_Conversion","use_measured_length_type"
"40510","None","Default_TS_Relationship","chrysaora_melanaster"
"40510","None","Specific_TS_Relationship","chrysaora_melanaster"
"40510","None","Primary_Length_Type","bell_diameter"
"40510","None","Secondary_Length_Type","bell_diameter"
"40510","None","Default_Length_Conversion","use_measured_length_type"
"40511","None","Default_TS_Relationship","chrysaora_melanaster"
"40511","None","Specific_TS_Relationship","chrysaora_melanaster"
"40511","None","Primary_Length_Type","bell_diameter"
"40511","None","Secondary_Length_Type","bell_diameter"
"40511","None","Default_Length_Conversion","use_measured_length_type"
"40512","None","Default_TS_Relationship","chrysaora_melanaster"
"40512","None","Specific_TS_Relationship","chrysaora_melanaster"
"40512","None","Primary_Length_Type","bell_diameter"
"40512","None","Secondary_Length_Type","bell_diameter"
"40512","None","Default_Length_Conversion","use_measured_length_type"
"40513","None","Default_TS_Relationship","chrysaora_melanaster"
"40513","None","Specific_TS_Relationship","chrysaora_melanaster"
"40513","None","Primary_Length_Type","bell_diameter"
"40513","None","Secondary_Length_Type","bell_diameter"
"40513","None","Default_Length_Conversion","use_measured_length_type"
"40520","None","Default_TS_Relationship","chrysaora_melanaster"
"40520","None","Specific_TS_Relationship","chrysaora_melanaster"
"40520","None","Primary_Length_Type","bell_diameter"
"40520","None","Secondary_Length_Type","bell_diameter"
"40520","None","Default_Length_Conversion","use_measured_length_type"
"40560","None","Default_TS_Relationship","chrysaora_melanaster"
"40560","None","Specific_TS_Relationship","chrysaora_melanaster"
"40560","None","Primary_Length_Type","bell_diameter"
"40560","None","Secondary_Length_Type","bell_diameter"
"40560","None","Default_Length_Conversion","use_measured_length_type"
"40561","None","Default_TS_Relationship","chrysaora_melanaster"
"40561","None","Specific_TS_Relationship","chrysaora_melanaster"
"40561","None","Primary_Length_Type","bell_diameter"
"40561","None","Secondary_Length_Type","bell_diameter"
"40561","None","Default_Length_Conversion","use_measured_length_type"
"40562","None","Default_TS_Relationship","chrysaora_melanaster"
"40562","None","Specific_TS_Relationship","chrysaora_melanaster"
"40562","None","Primary_Length_Type","bell_diameter"
"40562","None","Secondary_Length_Type","bell_diameter"
"40562","None","Default_Length_Conversion","use_measured_length_type"
"40563","None","Default_TS_Relationship","chrysaora_melanaster"
"40563","None","Specific_TS_Relationship","chrysaora_melanaster"
"40563","None","Primary_Length_Type","bell_diameter"
"40563","None","Secondary_Length_Type","bell_diameter"
"40563","None","Default_Length_Conversion","use_measured_length_type"
"40564","None","Default_TS_Relationship","chrysaora_melanaster"
"40564","None","Specific_TS_Relationship","chrysaora_melanaster"
"40564","None","Primary_Length_Type","bell_diameter"
"40564","None","Secondary_Length_Type","bell_diameter"
"40564","None","Default_Length_Conversion","use_measured_length_type"
"40565","None","Default_TS_Relationship","chrysaora_melanaster"
"40565","None","Specific_TS_Relationship","chrysaora_melanaster"
"40565","None","Primary_Length_Type","bell_diameter"
"40565","None","Secondary_Length_Type","bell_diameter"
"40565","None","Default_Length_Conversion","use_measured_length_type"
"40566","None","Default_TS_Relationship","chrysaora_melanaster"
"40566","None","Specific_TS_Relationship","chrysaora_melanaster"
"40566","None","Primary_Length_Type","bell_diameter"
"40566","None","Secondary_Length_Type","bell_diameter"
"40566","None","Default_Length_Conversion","use_measured_length_type"
"41000","None","Default_TS_Relationship","non_scaling"
"41000","None","Specific_TS_Relationship","non_scaling"
"41000","None","Primary_Length_Type","total_length"
"41000","None","Secondary_Length_Type","total_length"
"41000","None","Default_Length_Conversion","use_measured_length_type"
"41100","None","Default_TS_Relationship","non_scaling"
"41100","None","Specific_TS_Relationship","non_scaling"
"41100","None","Primary_Length_Type","total_length"
"41100","None","Secondary_Length_Type","total_length"
"41100","None","Default_Length_Conversion","use_measured_length_type"
"41101","None","Default_TS_Relationship","non_scaling"
"41101","None","Specific_TS_Relationship","non_scaling"
"41101","None","Primary_Length_Type","total_length"
"41101","None","Secondary_Length_Type","total_length"
"41101","None","Default_Length_Conversion","use_measured_length_type"
"41102","None","Default_TS_Relationship","non_scaling"
"41102","None","Specific_TS_Relationship","non_scaling"
"41102","None","Primary_Length_Type","total_length"
"41102","None","Secondary_Length_Type","total_length"
"41102","None","Default_Length_Conversion","use_measured_length_type"
"41201","None","Default_TS_Relationship","non_scaling"
"41201","None","Specific_TS_Relationship","non_scaling"
"41201","None","Primary_Length_Type","total_length"
"41201","None","Secondary_Length_Type","total_length"
"41201","None","Default_Length_Conversion","use_measured_length_type"
"41220","None","Default_TS_Relationship","non_scaling"
"41220","None","Specific_TS_Relationship","non_scaling"
"41220","None","Primary_Length_Type","total_length"
"41220","None","Secondary_Length_Type","total_length"
"41220","None","Default_Length_Conversion","use_measured_length_type"
"41221","None","Specific_TS_Relationship","non_scaling"
"41221","None","Default_TS_Relationship","non_scaling"
"41221","None","Primary_Length_Type","total_length"
"41221","None","Secondary_Length_Type","total_length"
"41221","None","Default_Length_Conversion","use_measured_length_type"
"41300","None","Default_TS_Relationship","non_scaling"
"41300","None","Specific_TS_Relationship","non_scaling"
"41300","None","Primary_Length_Type","total_length"
"41300","None","Secondary_Length_Type","total_length"
"41300","None","Default_Length_Conversion","use_measured_length_type"
"41331","None","Default_TS_Relationship","non_scaling"
"41331","None","Specific_TS_Relationship","non_scaling"
"41331","None","Primary_Length_Type","total_length"
"41331","None","Secondary_Length_Type","total_length"
"41331","None","Default_Length_Conversion","use_measured_length_type"
"41332","None","Default_TS_Relationship","non_scaling"
"41332","None","Specific_TS_Relationship","non_scaling"
"41332","None","Primary_Length_Type","total_length"
"41332","None","Secondary_Length_Type","total_length"
"41332","None","Default_Length_Conversion","use_measured_length_type"
"41333","None","Default_TS_Relationship","non_scaling"
"41333","None","Specific_TS_Relationship","non_scaling"
"41333","None","Primary_Length_Type","total_length"
"41333","None","Secondary_Length_Type","total_length"
"41333","None","Default_Length_Conversion","use_measured_length_type"
"41500","None","Default_TS_Relationship","non_scaling"
"41500","None","Specific_TS_Relationship","non_scaling"
"41500","None","Primary_Length_Type","total_length"
"41500","None","Secondary_Length_Type","total_length"
"41500","None","Default_Length_Conversion","use_measured_length_type"
"41510","None","Default_TS_Relationship","non_scaling"
"41510","None","Specific_TS_Relationship","non_scaling"
"41510","None","Primary_Length_Type","total_length"
"41510","None","Secondary_Length_Type","total_length"
"41510","None","Default_Length_Conversion","use_measured_length_type"
"41520","None","Default_TS_Relationship","non_scaling"
"41520","None","Specific_TS_Relationship","non_scaling"
"41520","None","Primary_Length_Type","total_length"
"41520","None","Secondary_Length_Type","total_length"
"41520","None","Default_Length_Conversion","use_measured_length_type"
"41522","None","Default_TS_Relationship","non_scaling"
"41522","None","Specific_TS_Relationship","non_scaling"
"41522","None","Primary_Length_Type","total_length"
"41522","None","Secondary_Length_Type","total_length"
"41522","None","Default_Length_Conversion","use_measured_length_type"
"41523","None","Default_TS_Relationship","non_scaling"
"41523","None","Specific_TS_Relationship","non_scaling"
"41523","None","Primary_Length_Type","total_length"
"41523","None","Secondary_Length_Type","total_length"
"41523","None","Default_Length_Conversion","use_measured_length_type"
"41525","None","Default_TS_Relationship","non_scaling"
"41525","None","Specific_TS_Relationship","non_scaling"
"41525","None","Primary_Length_Type","total_length"
"41525","None","Secondary_Length_Type","total_length"
"41525","None","Default_Length_Conversion","use_measured_length_type"
"41530","None","Default_TS_Relationship","non_scaling"
"41530","None","Specific_TS_Relationship","non_scaling"
"41530","None","Primary_Length_Type","total_length"
"41530","None","Secondary_Length_Type","total_length"
"41530","None","Default_Length_Conversion","use_measured_length_type"
"41540","None","Default_TS_Relationship","non_scaling"
"41540","None","Specific_TS_Relationship","non_scaling"
"41540","None","Primary_Length_Type","total_length"
"41540","None","Secondary_Length_Type","total_length"
"41540","None","Default_Length_Conversion","use_measured_length_type"
"41550","None","Default_TS_Relationship","non_scaling"
"41550","None","Specific_TS_Relationship","non_scaling"
"41550","None","Primary_Length_Type","total_length"
"41550","None","Secondary_Length_Type","total_length"
"41550","None","Default_Length_Conversion","use_measured_length_type"
"41570","None","Default_TS_Relationship","non_scaling"
"41570","None","Specific_TS_Relationship","non_scaling"
"41570","None","Primary_Length_Type","total_length"
"41570","None","Secondary_Length_Type","total_length"
"41570","None","Default_Length_Conversion","use_measured_length_type"
"41571","None","Default_TS_Relationship","non_scaling"
"41571","None","Specific_TS_Relationship","non_scaling"
"41571","None","Primary_Length_Type","total_length"
"41571","None","Secondary_Length_Type","total_length"
"41571","None","Default_Length_Conversion","use_measured_length_type"
"41572","None","Default_TS_Relationship","non_scaling"
"41572","None","Specific_TS_Relationship","non_scaling"
"41572","None","Primary_Length_Type","total_length"
"41572","None","Secondary_Length_Type","total_length"
"41572","None","Default_Length_Conversion","use_measured_length_type"
"41580","None","Default_TS_Relationship","non_scaling"
"41580","None","Specific_TS_Relationship","non_scaling"
"41580","None","Primary_Length_Type","total_length"
"41580","None","Secondary_Length_Type","total_length"
"41580","None","Default_Length_Conversion","use_measured_length_type"
"41582","None","Default_TS_Relationship","non_scaling"
"41582","None","Specific_TS_Relationship","non_scaling"
"41582","None","Primary_Length_Type","total_length"
"41582","None","Secondary_Length_Type","total_length"
"41582","None","Default_Length_Conversion","use_measured_length_type"
"41583","None","Default_TS_Relationship","non_scaling"
"41583","None","Specific_TS_Relationship","non_scaling"
"41583","None","Primary_Length_Type","total_length"
"41583","None","Secondary_Length_Type","total_length"
"41583","None","Default_Length_Conversion","use_measured_length_type"
"41585","None","Default_TS_Relationship","non_scaling"
"41585","None","Specific_TS_Relationship","non_scaling"
"41585","None","Primary_Length_Type","total_length"
"41585","None","Secondary_Length_Type","total_length"
"41585","None","Default_Length_Conversion","use_measured_length_type"
"41586","None","Default_TS_Relationship","non_scaling"
"41586","None","Specific_TS_Relationship","non_scaling"
"41586","None","Primary_Length_Type","total_length"
"41586","None","Secondary_Length_Type","total_length"
"41586","None","Default_Length_Conversion","use_measured_length_type"
"41600","None","Default_TS_Relationship","non_scaling"
"41600","None","Specific_TS_Relationship","non_scaling"
"41600","None","Primary_Length_Type","total_length"
"41600","None","Secondary_Length_Type","total_length"
"41600","None","Default_Length_Conversion","use_measured_length_type"
"41700","None","Default_TS_Relationship","non_scaling"
"41700","None","Specific_TS_Relationship","non_scaling"
"41700","None","Primary_Length_Type","total_length"
"41700","None","Secondary_Length_Type","total_length"
"41700","None","Default_Length_Conversion","use_measured_length_type"
"41701","None","Default_TS_Relationship","non_scaling"
"41701","None","Specific_TS_Relationship","non_scaling"
"41701","None","Primary_Length_Type","total_length"
"41701","None","Secondary_Length_Type","total_length"
"41701","None","Default_Length_Conversion","use_measured_length_type"
"41750","None","Default_TS_Relationship","non_scaling"
"41750","None","Specific_TS_Relationship","non_scaling"
"41750","None","Primary_Length_Type","total_length"
"41750","None","Secondary_Length_Type","total_length"
"41750","None","Default_Length_Conversion","use_measured_length_type"
"41751","None","Default_TS_Relationship","non_scaling"
"41751","None","Specific_TS_Relationship","non_scaling"
"41751","None","Primary_Length_Type","total_length"
"41751","None","Secondary_Length_Type","total_length"
"41751","None","Default_Length_Conversion","use_measured_length_type"
"42000","None","Default_TS_Relationship","non_scaling"
"42000","None","Specific_TS_Relationship","non_scaling"
"42000","None","Primary_Length_Type","total_length"
"42000","None","Secondary_Length_Type","total_length"
"42000","None","Default_Length_Conversion","use_measured_length_type"
"42001","None","Default_TS_Relationship","non_scaling"
"42001","None","Specific_TS_Relationship","non_scaling"
"42001","None","Primary_Length_Type","total_length"
"42001","None","Secondary_Length_Type","total_length"
"42001","None","Default_Length_Conversion","use_measured_length_type"
"42003","None","Default_TS_Relationship","non_scaling"
"42003","None","Specific_TS_Relationship","non_scaling"
"42003","None","Primary_Length_Type","total_length"
"42003","None","Secondary_Length_Type","total_length"
"42003","None","Default_Length_Conversion","use_measured_length_type"
"42004","None","Default_TS_Relationship","non_scaling"
"42004","None","Specific_TS_Relationship","non_scaling"
"42004","None","Primary_Length_Type","total_length"
"42004","None","Secondary_Length_Type","total_length"
"42004","None","Default_Length_Conversion","use_measured_length_type"
"42005","None","Default_TS_Relationship","non_scaling"
"42005","None","Specific_TS_Relationship","non_scaling"
"42005","None","Primary_Length_Type","total_length"
"42005","None","Secondary_Length_Type","total_length"
"42005","None","Default_Length_Conversion","use_measured_length_type"
"42008","None","Default_TS_Relationship","non_scaling"
"42008","None","Specific_TS_Relationship","non_scaling"
"42008","None","Primary_Length_Type","total_length"
"42008","None","Secondary_Length_Type","total_length"
"42008","None","Default_Length_Conversion","use_measured_length_type"
"42010","None","Default_TS_Relationship","non_scaling"
"42010","None","Specific_TS_Relationship","non_scaling"
"42010","None","Primary_Length_Type","total_length"
"42010","None","Secondary_Length_Type","total_length"
"42010","None","Default_Length_Conversion","use_measured_length_type"
"42012","None","Default_TS_Relationship","non_scaling"
"42012","None","Specific_TS_Relationship","non_scaling"
"42012","None","Primary_Length_Type","total_length"
"42012","None","Secondary_Length_Type","total_length"
"42012","None","Default_Length_Conversion","use_measured_length_type"
"42013","None","Default_TS_Relationship","non_scaling"
"42013","None","Specific_TS_Relationship","non_scaling"
"42013","None","Primary_Length_Type","total_length"
"42013","None","Secondary_Length_Type","total_length"
"42013","None","Default_Length_Conversion","use_measured_length_type"
"42015","None","Default_TS_Relationship","non_scaling"
"42015","None","Specific_TS_Relationship","non_scaling"
"42015","None","Primary_Length_Type","total_length"
"42015","None","Secondary_Length_Type","total_length"
"42015","None","Default_Length_Conversion","use_measured_length_type"
"42017","None","Default_TS_Relationship","non_scaling"
"42017","None","Specific_TS_Relationship","non_scaling"
"42017","None","Primary_Length_Type","total_length"
"42017","None","Secondary_Length_Type","total_length"
"42017","None","Default_Length_Conversion","use_measured_length_type"
"42020","None","Default_TS_Relationship","non_scaling"
"42020","None","Specific_TS_Relationship","non_scaling"
"42020","None","Primary_Length_Type","total_length"
"42020","None","Secondary_Length_Type","total_length"
"42020","None","Default_Length_Conversion","use_measured_length_type"
"43000","None","Default_TS_Relationship","non_scaling"
"43000","None","Specific_TS_Relationship","non_scaling"
"43000","None","Primary_Length_Type","total_length"
"43000","None","Secondary_Length_Type","total_length"
"43000","None","Default_Length_Conversion","use_measured_length_type"
"43001","None","Default_TS_Relationship","non_scaling"
"43001","None","Specific_TS_Relationship","non_scaling"
"43001","None","Primary_Length_Type","total_length"
"43001","None","Secondary_Length_Type","total_length"
"43001","None","Default_Length_Conversion","use_measured_length_type"
"43002","None","Default_TS_Relationship","non_scaling"
"43002","None","Specific_TS_Relationship","non_scaling"
"43002","None","Primary_Length_Type","total_length"
"43002","None","Secondary_Length_Type","total_length"
"43002","None","Default_Length_Conversion","use_measured_length_type"
"43003","None","Default_TS_Relationship","non_scaling"
"43003","None","Specific_TS_Relationship","non_scaling"
"43003","None","Primary_Length_Type","total_length"
"43003","None","Secondary_Length_Type","total_length"
"43003","None","Default_Length_Conversion","use_measured_length_type"
"43004","None","Default_TS_Relationship","non_scaling"
"43004","None","Specific_TS_Relationship","non_scaling"
"43004","None","Primary_Length_Type","total_length"
"43004","None","Secondary_Length_Type","total_length"
"43004","None","Default_Length_Conversion","use_measured_length_type"
"43005","None","Default_TS_Relationship","non_scaling"
"43005","None","Specific_TS_Relationship","non_scaling"
"43005","None","Primary_Length_Type","total_length"
"43005","None","Secondary_Length_Type","total_length"
"43005","None","Default_Length_Conversion","use_measured_length_type"
"43006","None","Default_TS_Relationship","non_scaling"
"43006","None","Specific_TS_Relationship","non_scaling"
"43006","None","Primary_Length_Type","total_length"
"43006","None","Secondary_Length_Type","total_length"
"43006","None","Default_Length_Conversion","use_measured_length_type"
"43007","None","Default_TS_Relationship","non_scaling"
"43007","None","Specific_TS_Relationship","non_scaling"
"43007","None","Primary_Length_Type","total_length"
"43007","None","Secondary_Length_Type","total_length"
"43007","None","Default_Length_Conversion","use_measured_length_type"
"43009","None","Default_TS_Relationship","non_scaling"
"43009","None","Specific_TS_Relationship","non_scaling"
"43009","None","Primary_Length_Type","total_length"
"43009","None","Secondary_Length_Type","total_length"
"43009","None","Default_Length_Conversion","use_measured_length_type"
"43010","None","Default_TS_Relationship","non_scaling"
"43010","None","Specific_TS_Relationship","non_scaling"
"43010","None","Primary_Length_Type","total_length"
"43010","None","Secondary_Length_Type","total_length"
"43010","None","Default_Length_Conversion","use_measured_length_type"
"43020","None","Default_TS_Relationship","non_scaling"
"43020","None","Specific_TS_Relationship","non_scaling"
"43020","None","Primary_Length_Type","total_length"
"43020","None","Secondary_Length_Type","total_length"
"43020","None","Default_Length_Conversion","use_measured_length_type"
"43021","None","Default_TS_Relationship","non_scaling"
"43021","None","Specific_TS_Relationship","non_scaling"
"43021","None","Primary_Length_Type","total_length"
"43021","None","Secondary_Length_Type","total_length"
"43021","None","Default_Length_Conversion","use_measured_length_type"
"43029","None","Default_TS_Relationship","non_scaling"
"43029","None","Specific_TS_Relationship","non_scaling"
"43029","None","Primary_Length_Type","total_length"
"43029","None","Secondary_Length_Type","total_length"
"43029","None","Default_Length_Conversion","use_measured_length_type"
"43030","None","Default_TS_Relationship","non_scaling"
"43030","None","Specific_TS_Relationship","non_scaling"
"43030","None","Primary_Length_Type","total_length"
"43030","None","Secondary_Length_Type","total_length"
"43030","None","Default_Length_Conversion","use_measured_length_type"
"43032","None","Default_TS_Relationship","non_scaling"
"43032","None","Specific_TS_Relationship","non_scaling"
"43032","None","Primary_Length_Type","total_length"
"43032","None","Secondary_Length_Type","total_length"
"43032","None","Default_Length_Conversion","use_measured_length_type"
"43040","None","Default_TS_Relationship","non_scaling"
"71740","None","Specific_TS_Relationship","non_scaling"
"71739","None","Default_Length_Conversion","use_measured_length_type"
"71740","None","Default_TS_Relationship","non_scaling"
"71740","None","Primary_Length_Type","total_length"
"71740","None","Secondary_Length_Type","total_length"
"71740","None","Default_Length_Conversion","use_measured_length_type"
"71741","None","Default_TS_Relationship","non_scaling"
"71741","None","Specific_TS_Relationship","non_scaling"
"71741","None","Primary_Length_Type","total_length"
"71741","None","Secondary_Length_Type","total_length"
"71741","None","Default_Length_Conversion","use_measured_length_type"
"71748","None","Default_TS_Relationship","non_scaling"
"71748","None","Specific_TS_Relationship","non_scaling"
"71748","None","Primary_Length_Type","total_length"
"71748","None","Secondary_Length_Type","total_length"
"71748","None","Default_Length_Conversion","use_measured_length_type"
"71749","None","Default_TS_Relationship","non_scaling"
"71749","None","Specific_TS_Relationship","non_scaling"
"71749","None","Primary_Length_Type","total_length"
"71749","None","Secondary_Length_Type","total_length"
"71749","None","Default_Length_Conversion","use_measured_length_type"
"71750","None","Default_TS_Relationship","non_scaling"
"71750","None","Specific_TS_Relationship","non_scaling"
"71750","None","Primary_Length_Type","total_length"
"71750","None","Secondary_Length_Type","total_length"
"71750","None","Default_Length_Conversion","use_measured_length_type"
"71751","None","Default_TS_Relationship","non_scaling"
"71751","None","Specific_TS_Relationship","non_scaling"
"71751","None","Primary_Length_Type","total_length"
"71751","None","Secondary_Length_Type","total_length"
"71751","None","Default_Length_Conversion","use_measured_length_type"
"71753","None","Default_TS_Relationship","non_scaling"
"71753","None","Specific_TS_Relationship","non_scaling"
"71753","None","Primary_Length_Type","total_length"
"71753","None","Secondary_Length_Type","total_length"
"71753","None","Default_Length_Conversion","use_measured_length_type"
"71755","None","Default_TS_Relationship","non_scaling"
"71755","None","Specific_TS_Relationship","non_scaling"
"71755","None","Primary_Length_Type","total_length"
"71755","None","Secondary_Length_Type","total_length"
"71755","None","Default_Length_Conversion","use_measured_length_type"
"71756","None","Default_TS_Relationship","non_scaling"
"71756","None","Specific_TS_Relationship","non_scaling"
"71756","None","Primary_Length_Type","total_length"
"71756","None","Secondary_Length_Type","total_length"
"71756","None","Default_Length_Conversion","use_measured_length_type"
"71757","None","Default_TS_Relationship","non_scaling"
"71757","None","Specific_TS_Relationship","non_scaling"
"71757","None","Primary_Length_Type","total_length"
"71757","None","Secondary_Length_Type","total_length"
"71757","None","Default_Length_Conversion","use_measured_length_type"
"71759","None","Default_TS_Relationship","non_scaling"
"71759","None","Specific_TS_Relationship","non_scaling"
"71759","None","Primary_Length_Type","total_length"
"71759","None","Secondary_Length_Type","total_length"
"71759","None","Default_Length_Conversion","use_measured_length_type"
"71760","None","Default_TS_Relationship","non_scaling"
"71760","None","Specific_TS_Relationship","non_scaling"
"71760","None","Primary_Length_Type","total_length"
"71760","None","Secondary_Length_Type","total_length"
"71760","None","Default_Length_Conversion","use_measured_length_type"
"71761","None","Default_TS_Relationship","non_scaling"
"71761","None","Specific_TS_Relationship","non_scaling"
"71761","None","Primary_Length_Type","total_length"
"71761","None","Secondary_Length_Type","total_length"
"71761","None","Default_Length_Conversion","use_measured_length_type"
"71762","None","Default_TS_Relationship","non_scaling"
"71762","None","Specific_TS_Relationship","non_scaling"
"71762","None","Primary_Length_Type","total_length"
"71762","None","Secondary_Length_Type","total_length"
"71762","None","Default_Length_Conversion","use_measured_length_type"
"71763","None","Default_TS_Relationship","non_scaling"
"71763","None","Specific_TS_Relationship","non_scaling"
"71763","None","Primary_Length_Type","total_length"
"71763","None","Secondary_Length_Type","total_length"
"71763","None","Default_Length_Conversion","use_measured_length_type"
"71764","None","Default_TS_Relationship","non_scaling"
"71764","None","Specific_TS_Relationship","non_scaling"
"71764","None","Primary_Length_Type","total_length"
"71764","None","Secondary_Length_Type","total_length"
"71764","None","Default_Length_Conversion","use_measured_length_type"
"71765","None","Default_TS_Relationship","non_scaling"
"71765","None","Specific_TS_Relationship","non_scaling"
"71765","None","Primary_Length_Type","total_length"
"71765","None","Secondary_Length_Type","total_length"
"71765","None","Default_Length_Conversion","use_measured_length_type"
"71766","None","Default_TS_Relationship","non_scaling"
"71766","None","Specific_TS_Relationship","non_scaling"
"71766","None","Primary_Length_Type","total_length"
"71766","None","Secondary_Length_Type","total_length"
"71766","None","Default_Length_Conversion","use_measured_length_type"
"71769","None","Default_TS_Relationship","non_scaling"
"71769","None","Specific_TS_Relationship","non_scaling"
"71769","None","Primary_Length_Type","total_length"
"71769","None","Secondary_Length_Type","total_length"
"71769","None","Default_Length_Conversion","use_measured_length_type"
"71770","None","Default_TS_Relationship","non_scaling"
"71770","None","Specific_TS_Relationship","non_scaling"
"71770","None","Primary_Length_Type","total_length"
"71770","None","Secondary_Length_Type","total_length"
"71770","None","Default_Length_Conversion","use_measured_length_type"
"71771","None","Default_TS_Relationship","non_scaling"
"71771","None","Specific_TS_Relationship","non_scaling"
"71771","None","Primary_Length_Type","total_length"
"71771","None","Secondary_Length_Type","total_length"
"71771","None","Default_Length_Conversion","use_measured_length_type"
"71772","None","Default_TS_Relationship","non_scaling"
"71772","None","Specific_TS_Relationship","non_scaling"
"71772","None","Primary_Length_Type","total_length"
"71772","None","Secondary_Length_Type","total_length"
"71772","None","Default_Length_Conversion","use_measured_length_type"
"71773","None","Default_TS_Relationship","non_scaling"
"71773","None","Specific_TS_Relationship","non_scaling"
"71773","None","Primary_Length_Type","total_length"
"71773","None","Secondary_Length_Type","total_length"
"71773","None","Default_Length_Conversion","use_measured_length_type"
"71774","None","Default_TS_Relationship","non_scaling"
"71774","None","Specific_TS_Relationship","non_scaling"
"71774","None","Primary_Length_Type","total_length"
"71774","None","Secondary_Length_Type","total_length"
"71774","None","Default_Length_Conversion","use_measured_length_type"
"71775","None","Default_TS_Relationship","non_scaling"
"71775","None","Specific_TS_Relationship","non_scaling"
"71775","None","Primary_Length_Type","total_length"
"71775","None","Secondary_Length_Type","total_length"
"71775","None","Default_Length_Conversion","use_measured_length_type"
"71776","None","Default_TS_Relationship","non_scaling"
"71776","None","Specific_TS_Relationship","non_scaling"
"71776","None","Primary_Length_Type","total_length"
"71776","None","Secondary_Length_Type","total_length"
"71776","None","Default_Length_Conversion","use_measured_length_type"
"71777","None","Default_TS_Relationship","non_scaling"
"71777","None","Specific_TS_Relationship","non_scaling"
"71777","None","Primary_Length_Type","total_length"
"71777","None","Secondary_Length_Type","total_length"
"71778","None","Specific_TS_Relationship","non_scaling"
"71777","None","Default_Length_Conversion","use_measured_length_type"
"71778","None","Default_TS_Relationship","non_scaling"
"71778","None","Primary_Length_Type","total_length"
"71778","None","Secondary_Length_Type","total_length"
"71778","None","Default_Length_Conversion","use_measured_length_type"
"71779","None","Default_TS_Relationship","non_scaling"
"71779","None","Specific_TS_Relationship","non_scaling"
"71779","None","Primary_Length_Type","total_length"
"71779","None","Secondary_Length_Type","total_length"
"71779","None","Default_Length_Conversion","use_measured_length_type"
"71790","None","Default_TS_Relationship","non_scaling"
"71790","None","Specific_TS_Relationship","non_scaling"
"71790","None","Primary_Length_Type","total_length"
"71790","None","Secondary_Length_Type","total_length"
"71790","None","Default_Length_Conversion","use_measured_length_type"
"71795","None","Default_TS_Relationship","non_scaling"
"71795","None","Specific_TS_Relationship","non_scaling"
"71795","None","Primary_Length_Type","total_length"
"71795","None","Secondary_Length_Type","total_length"
"71795","None","Default_Length_Conversion","use_measured_length_type"
"71800","None","Default_TS_Relationship","non_scaling"
"71800","None","Specific_TS_Relationship","non_scaling"
"71800","None","Primary_Length_Type","total_length"
"71800","None","Secondary_Length_Type","total_length"
"71800","None","Default_Length_Conversion","use_measured_length_type"
"71801","None","Default_TS_Relationship","non_scaling"
"71801","None","Specific_TS_Relationship","non_scaling"
"71801","None","Primary_Length_Type","total_length"
"71801","None","Secondary_Length_Type","total_length"
"71801","None","Default_Length_Conversion","use_measured_length_type"
"71802","None","Default_TS_Relationship","non_scaling"
"71802","None","Specific_TS_Relationship","non_scaling"
"71802","None","Primary_Length_Type","total_length"
"71802","None","Secondary_Length_Type","total_length"
"71802","None","Default_Length_Conversion","use_measured_length_type"
"71810","None","Default_TS_Relationship","non_scaling"
"71810","None","Specific_TS_Relationship","non_scaling"
"71810","None","Primary_Length_Type","total_length"
"71810","None","Secondary_Length_Type","total_length"
"71810","None","Default_Length_Conversion","use_measured_length_type"
"71811","None","Default_TS_Relationship","non_scaling"
"71811","None","Specific_TS_Relationship","non_scaling"
"71811","None","Primary_Length_Type","total_length"
"71811","None","Secondary_Length_Type","total_length"
"71811","None","Default_Length_Conversion","use_measured_length_type"
"71820","None","Default_TS_Relationship","non_scaling"
"71820","None","Specific_TS_Relationship","non_scaling"
"71820","None","Primary_Length_Type","total_length"
"71820","None","Secondary_Length_Type","total_length"
"71820","None","Default_Length_Conversion","use_measured_length_type"
"71822","None","Default_TS_Relationship","non_scaling"
"71822","None","Specific_TS_Relationship","non_scaling"
"71822","None","Primary_Length_Type","total_length"
"71822","None","Secondary_Length_Type","total_length"
"71822","None","Default_Length_Conversion","use_measured_length_type"
"71835","None","Default_TS_Relationship","non_scaling"
"71835","None","Specific_TS_Relationship","non_scaling"
"71835","None","Primary_Length_Type","total_length"
"71835","None","Secondary_Length_Type","total_length"
"71835","None","Default_Length_Conversion","use_measured_length_type"
"71840","None","Default_TS_Relationship","non_scaling"
"71840","None","Specific_TS_Relationship","non_scaling"
"71840","None","Primary_Length_Type","total_length"
"71840","None","Secondary_Length_Type","total_length"
"71840","None","Default_Length_Conversion","use_measured_length_type"
"71850","None","Default_TS_Relationship","non_scaling"
"71850","None","Specific_TS_Relationship","non_scaling"
"71850","None","Primary_Length_Type","total_length"
"71850","None","Secondary_Length_Type","total_length"
"71850","None","Default_Length_Conversion","use_measured_length_type"
"71860","None","Default_TS_Relationship","non_scaling"
"71860","None","Specific_TS_Relationship","non_scaling"
"71860","None","Primary_Length_Type","total_length"
"71860","None","Secondary_Length_Type","total_length"
"71860","None","Default_Length_Conversion","use_measured_length_type"
"71865","None","Default_TS_Relationship","non_scaling"
"71865","None","Specific_TS_Relationship","non_scaling"
"71865","None","Primary_Length_Type","total_length"
"71865","None","Secondary_Length_Type","total_length"
"71865","None","Default_Length_Conversion","use_measured_length_type"
"71866","None","Default_TS_Relationship","non_scaling"
"71866","None","Specific_TS_Relationship","non_scaling"
"71866","None","Primary_Length_Type","total_length"
"71866","None","Secondary_Length_Type","total_length"
"71866","None","Default_Length_Conversion","use_measured_length_type"
"71870","None","Default_TS_Relationship","non_scaling"
"71870","None","Specific_TS_Relationship","non_scaling"
"71870","None","Primary_Length_Type","total_length"
"71870","None","Secondary_Length_Type","total_length"
"71870","None","Default_Length_Conversion","use_measured_length_type"
"71880","None","Default_TS_Relationship","non_scaling"
"71880","None","Specific_TS_Relationship","non_scaling"
"71880","None","Primary_Length_Type","total_length"
"71880","None","Secondary_Length_Type","total_length"
"71880","None","Default_Length_Conversion","use_measured_length_type"
"71881","None","Default_TS_Relationship","non_scaling"
"71881","None","Specific_TS_Relationship","non_scaling"
"71881","None","Primary_Length_Type","total_length"
"71881","None","Secondary_Length_Type","total_length"
"71881","None","Default_Length_Conversion","use_measured_length_type"
"71882","None","Default_TS_Relationship","non_scaling"
"71882","None","Specific_TS_Relationship","non_scaling"
"71882","None","Primary_Length_Type","total_length"
"71882","None","Secondary_Length_Type","total_length"
"71882","None","Default_Length_Conversion","use_measured_length_type"
"71883","None","Default_TS_Relationship","non_scaling"
"71883","None","Specific_TS_Relationship","non_scaling"
"71883","None","Primary_Length_Type","total_length"
"71883","None","Secondary_Length_Type","total_length"
"71883","None","Default_Length_Conversion","use_measured_length_type"
"71884","None","Default_TS_Relationship","non_scaling"
"71884","None","Specific_TS_Relationship","non_scaling"
"71884","None","Primary_Length_Type","total_length"
"71884","None","Secondary_Length_Type","total_length"
"71884","None","Default_Length_Conversion","use_measured_length_type"
"71886","None","Default_TS_Relationship","non_scaling"
"71886","None","Specific_TS_Relationship","non_scaling"
"71886","None","Primary_Length_Type","total_length"
"71886","None","Secondary_Length_Type","total_length"
"71886","None","Default_Length_Conversion","use_measured_length_type"
"71890","None","Default_TS_Relationship","non_scaling"
"71890","None","Specific_TS_Relationship","non_scaling"
"71890","None","Primary_Length_Type","total_length"
"71890","None","Secondary_Length_Type","total_length"
"71890","None","Default_Length_Conversion","use_measured_length_type"
"71891","None","Default_TS_Relationship","non_scaling"
"71891","None","Specific_TS_Relationship","non_scaling"
"71891","None","Primary_Length_Type","total_length"
"71891","None","Secondary_Length_Type","total_length"
"71891","None","Default_Length_Conversion","use_measured_length_type"
"71892","None","Default_TS_Relationship","non_scaling"
"71892","None","Specific_TS_Relationship","non_scaling"
"71892","None","Primary_Length_Type","total_length"
"71892","None","Secondary_Length_Type","total_length"
"44091","None","Specific_TS_Relationship","non_scaling"
"44091","None","Primary_Length_Type","total_length"
"44091","None","Secondary_Length_Type","total_length"
"44091","None","Default_Length_Conversion","use_measured_length_type"
"44092","None","Default_TS_Relationship","non_scaling"
"44092","None","Specific_TS_Relationship","non_scaling"
"44092","None","Primary_Length_Type","total_length"
"44092","None","Secondary_Length_Type","total_length"
"44092","None","Default_Length_Conversion","use_measured_length_type"
"44093","None","Default_TS_Relationship","non_scaling"
"44093","None","Specific_TS_Relationship","non_scaling"
"44093","None","Primary_Length_Type","total_length"
"44093","None","Secondary_Length_Type","total_length"
"44093","None","Default_Length_Conversion","use_measured_length_type"
"44094","None","Default_TS_Relationship","non_scaling"
"44094","None","Specific_TS_Relationship","non_scaling"
"44094","None","Primary_Length_Type","total_length"
"44094","None","Secondary_Length_Type","total_length"
"44094","None","Default_Length_Conversion","use_measured_length_type"
"44095","None","Default_TS_Relationship","non_scaling"
"44095","None","Specific_TS_Relationship","non_scaling"
"44095","None","Primary_Length_Type","total_length"
"44095","None","Secondary_Length_Type","total_length"
"44095","None","Default_Length_Conversion","use_measured_length_type"
"44096","None","Default_TS_Relationship","non_scaling"
"44096","None","Specific_TS_Relationship","non_scaling"
"44096","None","Primary_Length_Type","total_length"
"44096","None","Secondary_Length_Type","total_length"
"44096","None","Default_Length_Conversion","use_measured_length_type"
"44097","None","Default_TS_Relationship","non_scaling"
"44097","None","Specific_TS_Relationship","non_scaling"
"44097","None","Primary_Length_Type","total_length"
"44097","None","Secondary_Length_Type","total_length"
"44097","None","Default_Length_Conversion","use_measured_length_type"
"44098","None","Default_TS_Relationship","non_scaling"
"44098","None","Specific_TS_Relationship","non_scaling"
"44098","None","Primary_Length_Type","total_length"
"44098","None","Secondary_Length_Type","total_length"
"44098","None","Default_Length_Conversion","use_measured_length_type"
"44099","None","Default_TS_Relationship","non_scaling"
"44099","None","Specific_TS_Relationship","non_scaling"
"44099","None","Primary_Length_Type","total_length"
"44099","None","Secondary_Length_Type","total_length"
"44099","None","Default_Length_Conversion","use_measured_length_type"
"44103","None","Default_TS_Relationship","non_scaling"
"44103","None","Specific_TS_Relationship","non_scaling"
"44103","None","Primary_Length_Type","total_length"
"44103","None","Secondary_Length_Type","total_length"
"44103","None","Default_Length_Conversion","use_measured_length_type"
"45000","None","Default_TS_Relationship","chrysaora_melanaster"
"45000","None","Specific_TS_Relationship","chrysaora_melanaster"
"45000","None","Primary_Length_Type","total_length"
"45000","None","Secondary_Length_Type","total_length"
"45000","None","Default_Length_Conversion","use_measured_length_type"
"45005","None","Default_TS_Relationship","chrysaora_melanaster"
"45005","None","Specific_TS_Relationship","chrysaora_melanaster"
"45005","None","Primary_Length_Type","total_length"
"45005","None","Secondary_Length_Type","total_length"
"45005","None","Default_Length_Conversion","use_measured_length_type"
"50000","None","Default_TS_Relationship","non_scaling"
"50000","None","Specific_TS_Relationship","non_scaling"
"50000","None","Primary_Length_Type","total_length"
"50000","None","Secondary_Length_Type","total_length"
"50000","None","Default_Length_Conversion","use_measured_length_type"
"50001","None","Default_TS_Relationship","non_scaling"
"50001","None","Specific_TS_Relationship","non_scaling"
"50001","None","Primary_Length_Type","total_length"
"50001","None","Secondary_Length_Type","total_length"
"50001","None","Default_Length_Conversion","use_measured_length_type"
"50010","None","Default_TS_Relationship","non_scaling"
"50010","None","Specific_TS_Relationship","non_scaling"
"50010","None","Primary_Length_Type","total_length"
"50010","None","Secondary_Length_Type","total_length"
"50010","None","Default_Length_Conversion","use_measured_length_type"
"50100","None","Default_TS_Relationship","non_scaling"
"50100","None","Specific_TS_Relationship","non_scaling"
"50100","None","Primary_Length_Type","total_length"
"50100","None","Secondary_Length_Type","total_length"
"50100","None","Default_Length_Conversion","use_measured_length_type"
"50160","None","Default_TS_Relationship","non_scaling"
"50160","None","Specific_TS_Relationship","non_scaling"
"50160","None","Primary_Length_Type","total_length"
"50160","None","Secondary_Length_Type","total_length"
"50160","None","Default_Length_Conversion","use_measured_length_type"
"50161","None","Default_TS_Relationship","non_scaling"
"50161","None","Specific_TS_Relationship","non_scaling"
"50161","None","Primary_Length_Type","total_length"
"50161","None","Secondary_Length_Type","total_length"
"50161","None","Default_Length_Conversion","use_measured_length_type"
"50190","None","Default_TS_Relationship","non_scaling"
"50190","None","Specific_TS_Relationship","non_scaling"
"50190","None","Primary_Length_Type","total_length"
"50190","None","Secondary_Length_Type","total_length"
"50190","None","Default_Length_Conversion","use_measured_length_type"
"50192","None","Default_TS_Relationship","non_scaling"
"50192","None","Specific_TS_Relationship","non_scaling"
"50192","None","Primary_Length_Type","total_length"
"50192","None","Secondary_Length_Type","total_length"
"50192","None","Default_Length_Conversion","use_measured_length_type"
"52715","None","Default_TS_Relationship","non_scaling"
"52715","None","Specific_TS_Relationship","non_scaling"
"52715","None","Primary_Length_Type","total_length"
"52715","None","Secondary_Length_Type","total_length"
"52715","None","Default_Length_Conversion","use_measured_length_type"
"53700","None","Default_TS_Relationship","non_scaling"
"53700","None","Specific_TS_Relationship","non_scaling"
"53700","None","Primary_Length_Type","total_length"
"53700","None","Secondary_Length_Type","total_length"
"53700","None","Default_Length_Conversion","use_measured_length_type"
"54000","None","Default_TS_Relationship","non_scaling"
"54000","None","Specific_TS_Relationship","non_scaling"
"54000","None","Primary_Length_Type","total_length"
"54000","None","Secondary_Length_Type","total_length"
"54000","None","Default_Length_Conversion","use_measured_length_type"
"54010","None","Default_TS_Relationship","non_scaling"
"54010","None","Specific_TS_Relationship","non_scaling"
"54010","None","Primary_Length_Type","total_length"
"54010","None","Secondary_Length_Type","total_length"
"54010","None","Default_Length_Conversion","use_measured_length_type"
"54030","None","Default_TS_Relationship","non_scaling"
"54030","None","Specific_TS_Relationship","non_scaling"
"54030","None","Primary_Length_Type","total_length"
"54030","None","Secondary_Length_Type","total_length"
"54030","None","Default_Length_Conversion","use_measured_length_type"
"55900","None","Default_TS_Relationship","non_scaling"
"55900","None","Specific_TS_Relationship","non_scaling"
"55900","None","Primary_Length_Type","total_length"
"55900","None","Secondary_Length_Type","total_length"
"55900","None","Default_Length_Conversion","use_measured_length_type"
"56300","None","Default_TS_Relationship","non_scaling"
"56300","None","Specific_TS_Relationship","non_scaling"
"56300","None","Primary_Length_Type","total_length"
"56300","None","Secondary_Length_Type","total_length"
"56300","None","Default_Length_Conversion","use_measured_length_type"
"56310","None","Default_TS_Relationship","non_scaling"
"56310","None","Specific_TS_Relationship","non_scaling"
"56310","None","Primary_Length_Type","total_length"
"56310","None","Secondary_Length_Type","total_length"
"56310","None","Default_Length_Conversion","use_measured_length_type"
"56311","None","Default_TS_Relationship","non_scaling"
"56311","None","Specific_TS_Relationship","non_scaling"
"56311","None","Primary_Length_Type","total_length"
"56311","None","Secondary_Length_Type","total_length"
"56311","None","Default_Length_Conversion","use_measured_length_type"
"56312","None","Default_TS_Relationship","non_scaling"
"56312","None","Specific_TS_Relationship","non_scaling"
"56312","None","Primary_Length_Type","total_length"
"56312","None","Secondary_Length_Type","total_length"
"56312","None","Default_Length_Conversion","use_measured_length_type"
"57000","None","Default_TS_Relationship","non_scaling"
"57000","None","Specific_TS_Relationship","non_scaling"
"57000","None","Primary_Length_Type","total_length"
"57000","None","Secondary_Length_Type","total_length"
"57000","None","Default_Length_Conversion","use_measured_length_type"
"57001","None","Default_TS_Relationship","non_scaling"
"57001","None","Specific_TS_Relationship","non_scaling"
"57001","None","Primary_Length_Type","total_length"
"57001","None","Secondary_Length_Type","total_length"
"57001","None","Default_Length_Conversion","use_measured_length_type"
"57410","None","Default_TS_Relationship","non_scaling"
"57410","None","Specific_TS_Relationship","non_scaling"
"57410","None","Primary_Length_Type","total_length"
"57410","None","Secondary_Length_Type","total_length"
"57410","None","Default_Length_Conversion","use_measured_length_type"
"58000","None","Default_TS_Relationship","non_scaling"
"58000","None","Specific_TS_Relationship","non_scaling"
"58000","None","Primary_Length_Type","total_length"
"58000","None","Secondary_Length_Type","total_length"
"58000","None","Default_Length_Conversion","use_measured_length_type"
"58001","None","Default_TS_Relationship","non_scaling"
"58001","None","Specific_TS_Relationship","non_scaling"
"58001","None","Primary_Length_Type","total_length"
"58001","None","Secondary_Length_Type","total_length"
"58001","None","Default_Length_Conversion","use_measured_length_type"
"59000","None","Default_TS_Relationship","non_scaling"
"59000","None","Specific_TS_Relationship","non_scaling"
"59000","None","Primary_Length_Type","total_length"
"59000","None","Secondary_Length_Type","total_length"
"59000","None","Default_Length_Conversion","use_measured_length_type"
"59100","None","Default_TS_Relationship","non_scaling"
"59100","None","Specific_TS_Relationship","non_scaling"
"59100","None","Primary_Length_Type","total_length"
"59100","None","Secondary_Length_Type","total_length"
"59100","None","Default_Length_Conversion","use_measured_length_type"
"59110","None","Default_TS_Relationship","non_scaling"
"59110","None","Specific_TS_Relationship","non_scaling"
"59110","None","Primary_Length_Type","total_length"
"59110","None","Secondary_Length_Type","total_length"
"59110","None","Default_Length_Conversion","use_measured_length_type"
"59111","None","Default_TS_Relationship","non_scaling"
"59111","None","Specific_TS_Relationship","non_scaling"
"59111","None","Primary_Length_Type","total_length"
"59111","None","Secondary_Length_Type","total_length"
"59111","None","Default_Length_Conversion","use_measured_length_type"
"59120","None","Default_TS_Relationship","non_scaling"
"59120","None","Specific_TS_Relationship","non_scaling"
"59120","None","Primary_Length_Type","total_length"
"59120","None","Secondary_Length_Type","total_length"
"59120","None","Default_Length_Conversion","use_measured_length_type"
"60001","None","Default_TS_Relationship","non_scaling"
"60001","None","Specific_TS_Relationship","non_scaling"
"60001","None","Primary_Length_Type","total_length"
"60001","None","Secondary_Length_Type","total_length"
"60001","None","Default_Length_Conversion","use_measured_length_type"
"60100","None","Default_TS_Relationship","euphausiids_15_65mm_38khz"
"60100","None","Specific_TS_Relationship","euphausiids_15_65mm_38khz"
"60100","None","Primary_Length_Type","total_length"
"60100","None","Secondary_Length_Type","carapace_length"
"60100","None","Default_Length_Conversion","use_measured_length_type"
"60102","None","Default_TS_Relationship","euphausiids_15_65mm_38khz"
"60102","None","Specific_TS_Relationship","euphausiids_15_65mm_38khz"
"60102","None","Primary_Length_Type","total_length"
"60102","None","Secondary_Length_Type","carapace_length"
"60102","None","Default_Length_Conversion","use_measured_length_type"
"60105","None","Default_TS_Relationship","euphausiids_15_65mm_38khz"
"60105","None","Specific_TS_Relationship","euphausiids_15_65mm_38khz"
"60105","None","Primary_Length_Type","total_length"
"60105","None","Secondary_Length_Type","carapace_length"
"60105","None","Default_Length_Conversion","use_measured_length_type"
"60107","None","Default_TS_Relationship","euphausiids_15_65mm_38khz"
"60107","None","Specific_TS_Relationship","euphausiids_15_65mm_38khz"
"60107","None","Primary_Length_Type","total_length"
"60107","None","Secondary_Length_Type","carapace_length"
"60107","None","Default_Length_Conversion","use_measured_length_type"
"60108","None","Default_TS_Relationship","euphausiids_15_65mm_38khz"
"60108","None","Specific_TS_Relationship","euphausiids_15_65mm_38khz"
"60108","None","Primary_Length_Type","total_length"
"60108","None","Secondary_Length_Type","carapace_length"
"60108","None","Default_Length_Conversion","use_measured_length_type"
"60109","None","Default_TS_Relationship","euphausiids_15_65mm_38khz"
"60109","None","Specific_TS_Relationship","euphausiids_15_65mm_38khz"
"60109","None","Primary_Length_Type","total_length"
"60109","None","Secondary_Length_Type","carapace_length"
"60109","None","Default_Length_Conversion","use_measured_length_type"
"60110","None","Default_TS_Relationship","euphausiids_15_65mm_38khz"
"60110","None","Specific_TS_Relationship","euphausiids_15_65mm_38khz"
"60110","None","Primary_Length_Type","total_length"
"60110","None","Secondary_Length_Type","carapace_length"
"60110","None","Default_Length_Conversion","use_measured_length_type"
"60111","None","Default_TS_Relationship","euphausiids_15_65mm_38khz"
"60111","None","Specific_TS_Relationship","euphausiids_15_65mm_38khz"
"60111","None","Primary_Length_Type","total_length"
"60111","None","Secondary_Length_Type","carapace_length"
"60111","None","Default_Length_Conversion","use_measured_length_type"
"60112","None","Default_TS_Relationship","euphausiids_15_65mm_38khz"
"60112","None","Specific_TS_Relationship","euphausiids_15_65mm_38khz"
"60112","None","Primary_Length_Type","total_length"
"60112","None","Secondary_Length_Type","carapace_length"
"60112","None","Default_Length_Conversion","use_measured_length_type"
"60115","None","Default_TS_Relationship","euphausiids_15_65mm_38khz"
"60115","None","Specific_TS_Relationship","euphausiids_15_65mm_38khz"
"60115","None","Primary_Length_Type","total_length"
"60115","None","Secondary_Length_Type","carapace_length"
"60115","None","Default_Length_Conversion","use_measured_length_type"
"60116","None","Default_TS_Relationship","euphausiids_15_65mm_38khz"
"60116","None","Specific_TS_Relationship","euphausiids_15_65mm_38khz"
"60116","None","Primary_Length_Type","total_length"
"60116","None","Secondary_Length_Type","carapace_length"
"60116","None","Default_Length_Conversion","use_measured_length_type"
"60118","None","Default_TS_Relationship","euphausiids_15_65mm_38khz"
"60118","None","Specific_TS_Relationship","euphausiids_15_65mm_38khz"
"60118","None","Primary_Length_Type","total_length"
"60118","None","Secondary_Length_Type","carapace_length"
"60118","None","Default_Length_Conversion","use_measured_length_type"
"60130","None","Default_TS_Relationship","euphausiids_15_65mm_38khz"
"60130","None","Specific_TS_Relationship","euphausiids_15_65mm_38khz"
"60130","None","Primary_Length_Type","total_length"
"60130","None","Secondary_Length_Type","carapace_length"
"60130","None","Default_Length_Conversion","use_measured_length_type"
"60131","None","Default_TS_Relationship","euphausiids_15_65mm_38khz"
"60131","None","Specific_TS_Relationship","euphausiids_15_65mm_38khz"
"60131","None","Primary_Length_Type","total_length"
"60131","None","Secondary_Length_Type","carapace_length"
"60131","None","Default_Length_Conversion","use_measured_length_type"
"60132","None","Default_TS_Relationship","euphausiids_15_65mm_38khz"
"60132","None","Specific_TS_Relationship","euphausiids_15_65mm_38khz"
"60132","None","Primary_Length_Type","total_length"
"60132","None","Secondary_Length_Type","carapace_length"
"60132","None","Default_Length_Conversion","use_measured_length_type"
"60140","None","Default_TS_Relationship","euphausiids_15_65mm_38khz"
"60140","None","Specific_TS_Relationship","euphausiids_15_65mm_38khz"
"60140","None","Primary_Length_Type","total_length"
"60140","None","Secondary_Length_Type","carapace_length"
"60140","None","Default_Length_Conversion","use_measured_length_type"
"60145","None","Default_TS_Relationship","euphausiids_15_65mm_38khz"
"60145","None","Specific_TS_Relationship","euphausiids_15_65mm_38khz"
"60145","None","Primary_Length_Type","total_length"
"60145","None","Secondary_Length_Type","carapace_length"
"60145","None","Default_Length_Conversion","use_measured_length_type"
"62000","None","Default_TS_Relationship","euphausiids_15_65mm_38khz"
"62000","None","Specific_TS_Relationship","euphausiids_15_65mm_38khz"
"62000","None","Primary_Length_Type","total_length"
"62000","None","Secondary_Length_Type","carapace_length"
"62000","None","Default_Length_Conversion","use_measured_length_type"
"62010","None","Default_TS_Relationship","euphausiids_15_65mm_38khz"
"62010","None","Specific_TS_Relationship","euphausiids_15_65mm_38khz"
"62010","None","Primary_Length_Type","total_length"
"62010","None","Secondary_Length_Type","carapace_length"
"62010","None","Default_Length_Conversion","use_measured_length_type"
"62020","None","Default_TS_Relationship","euphausiids_15_65mm_38khz"
"62020","None","Specific_TS_Relationship","euphausiids_15_65mm_38khz"
"62020","None","Primary_Length_Type","total_length"
"62020","None","Secondary_Length_Type","carapace_length"
"62020","None","Default_Length_Conversion","use_measured_length_type"
"62022","None","Default_TS_Relationship","euphausiids_15_65mm_38khz"
"62022","None","Specific_TS_Relationship","euphausiids_15_65mm_38khz"
"62022","None","Primary_Length_Type","total_length"
"62022","None","Secondary_Length_Type","carapace_length"
"62022","None","Default_Length_Conversion","use_measured_length_type"
"63000","None","Default_TS_Relationship","euphausiids_15_65mm_38khz"
"63000","None","Specific_TS_Relationship","euphausiids_15_65mm_38khz"
"63000","None","Primary_Length_Type","total_length"
"63000","None","Secondary_Length_Type","carapace_length"
"63000","None","Default_Length_Conversion","use_measured_length_type"
"63101","None","Default_TS_Relationship","euphausiids_15_65mm_38khz"
"63101","None","Specific_TS_Relationship","euphausiids_15_65mm_38khz"
"63101","None","Primary_Length_Type","total_length"
"63101","None","Secondary_Length_Type","carapace_length"
"63101","None","Default_Length_Conversion","use_measured_length_type"
"63500","None","Default_TS_Relationship","euphausiids_15_65mm_38khz"
"63500","None","Specific_TS_Relationship","euphausiids_15_65mm_38khz"
"63500","None","Primary_Length_Type","total_length"
"63500","None","Secondary_Length_Type","carapace_length"
"63500","None","Default_Length_Conversion","use_measured_length_type"
"63501","None","Default_TS_Relationship","euphausiids_15_65mm_38khz"
"63501","None","Specific_TS_Relationship","euphausiids_15_65mm_38khz"
"63501","None","Primary_Length_Type","total_length"
"63501","None","Secondary_Length_Type","carapace_length"
"63501","None","Default_Length_Conversion","use_measured_length_type"
"63510","None","Default_TS_Relationship","euphausiids_15_65mm_38khz"
"63510","None","Specific_TS_Relationship","euphausiids_15_65mm_38khz"
"63510","None","Primary_Length_Type","total_length"
"63510","None","Secondary_Length_Type","carapace_length"
"63510","None","Default_Length_Conversion","use_measured_length_type"
"64000","None","Default_TS_Relationship","euphausiids_15_65mm_38khz"
"64000","None","Specific_TS_Relationship","euphausiids_15_65mm_38khz"
"64000","None","Primary_Length_Type","total_length"
"64000","None","Secondary_Length_Type","carapace_length"
"64000","None","Default_Length_Conversion","use_measured_length_type"
"64010","None","Default_TS_Relationship","euphausiids_15_65mm_38khz"
"64010","None","Specific_TS_Relationship","euphausiids_15_65mm_38khz"
"64010","None","Primary_Length_Type","total_length"
"64010","None","Secondary_Length_Type","carapace_length"
"64010","None","Default_Length_Conversion","use_measured_length_type"
"64011","None","Default_TS_Relationship","euphausiids_15_65mm_38khz"
"64011","None","Specific_TS_Relationship","euphausiids_15_65mm_38khz"
"64011","None","Primary_Length_Type","total_length"
"64011","None","Secondary_Length_Type","carapace_length"
"64011","None","Default_Length_Conversion","use_measured_length_type"
"64012","None","Default_TS_Relationship","euphausiids_15_65mm_38khz"
"64012","None","Specific_TS_Relationship","euphausiids_15_65mm_38khz"
"64012","None","Primary_Length_Type","total_length"
"64012","None","Secondary_Length_Type","carapace_length"
"64012","None","Default_Length_Conversion","use_measured_length_type"
"64100","None","Default_TS_Relationship","euphausiids_15_65mm_38khz"
"64100","None","Specific_TS_Relationship","euphausiids_15_65mm_38khz"
"64100","None","Primary_Length_Type","total_length"
"64100","None","Secondary_Length_Type","carapace_length"
"64100","None","Default_Length_Conversion","use_measured_length_type"
"64500","None","Default_TS_Relationship","euphausiids_15_65mm_38khz"
"64500","None","Specific_TS_Relationship","euphausiids_15_65mm_38khz"
"64500","None","Primary_Length_Type","total_length"
"64500","None","Secondary_Length_Type","carapace_length"
"64500","None","Default_Length_Conversion","use_measured_length_type"
"65000","None","Default_TS_Relationship","non_scaling"
"65000","None","Specific_TS_Relationship","non_scaling"
"65000","None","Primary_Length_Type","total_length"
"65000","None","Secondary_Length_Type","total_length"
"65000","None","Default_Length_Conversion","use_measured_length_type"
"65100","None","Default_TS_Relationship","non_scaling"
"65100","None","Specific_TS_Relationship","non_scaling"
"65100","None","Primary_Length_Type","total_length"
"65100","None","Secondary_Length_Type","total_length"
"65100","None","Default_Length_Conversion","use_measured_length_type"
"65101","None","Default_TS_Relationship","non_scaling"
"65101","None","Specific_TS_Relationship","non_scaling"
"65101","None","Primary_Length_Type","total_length"
"65101","None","Secondary_Length_Type","total_length"
"65101","None","Default_Length_Conversion","use_measured_length_type"
"65201","None","Default_TS_Relationship","non_scaling"
"65201","None","Specific_TS_Relationship","non_scaling"
"65201","None","Primary_Length_Type","total_length"
"65201","None","Secondary_Length_Type","total_length"
"65201","None","Default_Length_Conversion","use_measured_length_type"
"65202","None","Default_TS_Relationship","non_scaling"
"65202","None","Specific_TS_Relationship","non_scaling"
"65202","None","Primary_Length_Type","total_length"
"65202","None","Secondary_Length_Type","total_length"
"65202","None","Default_Length_Conversion","use_measured_length_type"
"65203","None","Default_TS_Relationship","non_scaling"
"65203","None","Specific_TS_Relationship","non_scaling"
"65203","None","Primary_Length_Type","total_length"
"65203","None","Secondary_Length_Type","total_length"
"65203","None","Default_Length_Conversion","use_measured_length_type"
"65204","None","Default_TS_Relationship","non_scaling"
"65204","None","Specific_TS_Relationship","non_scaling"
"65204","None","Secondary_Length_Type","total_length"
"65204","None","Primary_Length_Type","total_length"
"65204","None","Default_Length_Conversion","use_measured_length_type"
"65205","None","Default_TS_Relationship","non_scaling"
"65205","None","Specific_TS_Relationship","non_scaling"
"65205","None","Primary_Length_Type","total_length"
"65205","None","Secondary_Length_Type","total_length"
"65205","None","Default_Length_Conversion","use_measured_length_type"
"65206","None","Default_TS_Relationship","non_scaling"
"65206","None","Specific_TS_Relationship","non_scaling"
"65206","None","Primary_Length_Type","total_length"
"65206","None","Secondary_Length_Type","total_length"
"65206","None","Default_Length_Conversion","use_measured_length_type"
"65209","None","Default_TS_Relationship","non_scaling"
"65209","None","Specific_TS_Relationship","non_scaling"
"65209","None","Primary_Length_Type","total_length"
"65209","None","Secondary_Length_Type","total_length"
"65209","None","Default_Length_Conversion","use_measured_length_type"
"65210","None","Default_TS_Relationship","non_scaling"
"65210","None","Specific_TS_Relationship","non_scaling"
"65210","None","Primary_Length_Type","total_length"
"65210","None","Secondary_Length_Type","total_length"
"65210","None","Default_Length_Conversion","use_measured_length_type"
"66000","None","Default_TS_Relationship","euphausiids_15_65mm_38khz"
"66000","None","Specific_TS_Relationship","euphausiids_15_65mm_38khz"
"66000","None","Primary_Length_Type","total_length"
"66000","None","Secondary_Length_Type","carapace_length"
"66000","None","Default_Length_Conversion","use_measured_length_type"
"66003","None","Default_TS_Relationship","euphausiids_15_65mm_38khz"
"66003","None","Specific_TS_Relationship","euphausiids_15_65mm_38khz"
"66003","None","Primary_Length_Type","total_length"
"66003","None","Secondary_Length_Type","carapace_length"
"66003","None","Default_Length_Conversion","use_measured_length_type"
"66004","None","Default_TS_Relationship","euphausiids_15_65mm_38khz"
"66004","None","Specific_TS_Relationship","euphausiids_15_65mm_38khz"
"66004","None","Primary_Length_Type","total_length"
"66004","None","Secondary_Length_Type","carapace_length"
"66004","None","Default_Length_Conversion","use_measured_length_type"
"66009","None","Default_TS_Relationship","euphausiids_15_65mm_38khz"
"66009","None","Specific_TS_Relationship","euphausiids_15_65mm_38khz"
"66009","None","Primary_Length_Type","total_length"
"66009","None","Secondary_Length_Type","carapace_length"
"66009","None","Default_Length_Conversion","use_measured_length_type"
"66010","None","Default_TS_Relationship","euphausiids_15_65mm_38khz"
"66010","None","Specific_TS_Relationship","euphausiids_15_65mm_38khz"
"66010","None","Primary_Length_Type","total_length"
"66010","None","Secondary_Length_Type","carapace_length"
"66010","None","Default_Length_Conversion","use_measured_length_type"
"66019","None","Default_TS_Relationship","euphausiids_15_65mm_38khz"
"66019","None","Specific_TS_Relationship","euphausiids_15_65mm_38khz"
"66019","None","Primary_Length_Type","total_length"
"66019","None","Secondary_Length_Type","carapace_length"
"66019","None","Default_Length_Conversion","use_measured_length_type"
"66020","None","Default_TS_Relationship","euphausiids_15_65mm_38khz"
"66020","None","Specific_TS_Relationship","euphausiids_15_65mm_38khz"
"66020","None","Primary_Length_Type","total_length"
"66020","None","Secondary_Length_Type","carapace_length"
"66020","None","Default_Length_Conversion","use_measured_length_type"
"66025","None","Default_TS_Relationship","euphausiids_15_65mm_38khz"
"66025","None","Specific_TS_Relationship","euphausiids_15_65mm_38khz"
"66025","None","Primary_Length_Type","total_length"
"66025","None","Secondary_Length_Type","carapace_length"
"66025","None","Default_Length_Conversion","use_measured_length_type"
"66030","None","Default_TS_Relationship","euphausiids_15_65mm_38khz"
"66030","None","Specific_TS_Relationship","euphausiids_15_65mm_38khz"
"66030","None","Primary_Length_Type","total_length"
"66030","None","Secondary_Length_Type","carapace_length"
"66030","None","Default_Length_Conversion","use_measured_length_type"
"66031","None","Default_TS_Relationship","euphausiids_15_65mm_38khz"
"66031","None","Specific_TS_Relationship","euphausiids_15_65mm_38khz"
"66031","None","Primary_Length_Type","total_length"
"66031","None","Secondary_Length_Type","carapace_length"
"66031","None","Default_Length_Conversion","use_measured_length_type"
"66033","None","Default_TS_Relationship","euphausiids_15_65mm_38khz"
"66033","None","Specific_TS_Relationship","euphausiids_15_65mm_38khz"
"66033","None","Primary_Length_Type","total_length"
"66033","None","Secondary_Length_Type","carapace_length"
"66033","None","Default_Length_Conversion","use_measured_length_type"
"66040","None","Default_TS_Relationship","euphausiids_15_65mm_38khz"
"66040","None","Specific_TS_Relationship","euphausiids_15_65mm_38khz"
"66040","None","Primary_Length_Type","total_length"
"66040","None","Secondary_Length_Type","carapace_length"
"66040","None","Default_Length_Conversion","use_measured_length_type"
"66045","None","Default_TS_Relationship","euphausiids_15_65mm_38khz"
"66045","None","Specific_TS_Relationship","euphausiids_15_65mm_38khz"
"66045","None","Primary_Length_Type","total_length"
"66045","None","Secondary_Length_Type","carapace_length"
"66045","None","Default_Length_Conversion","use_measured_length_type"
"66050","None","Default_TS_Relationship","euphausiids_15_65mm_38khz"
"66050","None","Specific_TS_Relationship","euphausiids_15_65mm_38khz"
"66050","None","Primary_Length_Type","total_length"
"66050","None","Secondary_Length_Type","carapace_length"
"66050","None","Default_Length_Conversion","use_measured_length_type"
"66055","None","Default_TS_Relationship","euphausiids_15_65mm_38khz"
"66055","None","Specific_TS_Relationship","euphausiids_15_65mm_38khz"
"66055","None","Primary_Length_Type","total_length"
"66055","None","Secondary_Length_Type","carapace_length"
"66055","None","Default_Length_Conversion","use_measured_length_type"
"66060","None","Default_TS_Relationship","euphausiids_15_65mm_38khz"
"66060","None","Specific_TS_Relationship","euphausiids_15_65mm_38khz"
"66060","None","Primary_Length_Type","total_length"
"66060","None","Secondary_Length_Type","carapace_length"
"66060","None","Default_Length_Conversion","use_measured_length_type"
"66120","None","Default_TS_Relationship","euphausiids_15_65mm_38khz"
"66120","None","Specific_TS_Relationship","euphausiids_15_65mm_38khz"
"66120","None","Primary_Length_Type","total_length"
"66120","None","Secondary_Length_Type","carapace_length"
"66120","None","Default_Length_Conversion","use_measured_length_type"
"66130","None","Default_TS_Relationship","euphausiids_15_65mm_38khz"
"66130","None","Specific_TS_Relationship","euphausiids_15_65mm_38khz"
"66130","None","Primary_Length_Type","total_length"
"66130","None","Secondary_Length_Type","carapace_length"
"66130","None","Default_Length_Conversion","use_measured_length_type"
"66140","None","Default_TS_Relationship","euphausiids_15_65mm_38khz"
"66140","None","Specific_TS_Relationship","euphausiids_15_65mm_38khz"
"66140","None","Primary_Length_Type","total_length"
"66140","None","Secondary_Length_Type","carapace_length"
"66140","None","Default_Length_Conversion","use_measured_length_type"
"66150","None","Default_TS_Relationship","euphausiids_15_65mm_38khz"
"66150","None","Specific_TS_Relationship","euphausiids_15_65mm_38khz"
"66150","None","Primary_Length_Type","total_length"
"66150","None","Secondary_Length_Type","carapace_length"
"66150","None","Default_Length_Conversion","use_measured_length_type"
"66160","None","Default_TS_Relationship","euphausiids_15_65mm_38khz"
"66160","None","Specific_TS_Relationship","euphausiids_15_65mm_38khz"
"66160","None","Primary_Length_Type","total_length"
"66160","None","Secondary_Length_Type","carapace_length"
"66160","None","Default_Length_Conversion","use_measured_length_type"
"66161","None","Default_TS_Relationship","euphausiids_15_65mm_38khz"
"66161","None","Specific_TS_Relationship","euphausiids_15_65mm_38khz"
"66161","None","Primary_Length_Type","total_length"
"66161","None","Secondary_Length_Type","carapace_length"
"66161","None","Default_Length_Conversion","use_measured_length_type"
"66163","None","Default_TS_Relationship","euphausiids_15_65mm_38khz"
"66163","None","Specific_TS_Relationship","euphausiids_15_65mm_38khz"
"66163","None","Primary_Length_Type","total_length"
"66163","None","Default_Length_Conversion","use_measured_length_type"
"66165","None","Default_TS_Relationship","euphausiids_15_65mm_38khz"
"66163","None","Secondary_Length_Type","carapace_length"
"66165","None","Specific_TS_Relationship","euphausiids_15_65mm_38khz"
"66165","None","Primary_Length_Type","total_length"
"66165","None","Secondary_Length_Type","carapace_length"
"66165","None","Default_Length_Conversion","use_measured_length_type"
"66170","None","Default_TS_Relationship","euphausiids_15_65mm_38khz"
"66170","None","Specific_TS_Relationship","euphausiids_15_65mm_38khz"
"66170","None","Primary_Length_Type","total_length"
"66170","None","Secondary_Length_Type","carapace_length"
"66170","None","Default_Length_Conversion","use_measured_length_type"
"66171","None","Default_TS_Relationship","euphausiids_15_65mm_38khz"
"66171","None","Specific_TS_Relationship","euphausiids_15_65mm_38khz"
"66171","None","Primary_Length_Type","total_length"
"66171","None","Secondary_Length_Type","carapace_length"
"66171","None","Default_Length_Conversion","use_measured_length_type"
"66174","None","Default_TS_Relationship","euphausiids_15_65mm_38khz"
"66174","None","Specific_TS_Relationship","euphausiids_15_65mm_38khz"
"66174","None","Primary_Length_Type","total_length"
"66174","None","Secondary_Length_Type","carapace_length"
"66174","None","Default_Length_Conversion","use_measured_length_type"
"66175","None","Default_TS_Relationship","euphausiids_15_65mm_38khz"
"66175","None","Specific_TS_Relationship","euphausiids_15_65mm_38khz"
"66175","None","Primary_Length_Type","total_length"
"66175","None","Secondary_Length_Type","carapace_length"
"66175","None","Default_Length_Conversion","use_measured_length_type"
"66179","None","Default_TS_Relationship","euphausiids_15_65mm_38khz"
"66179","None","Specific_TS_Relationship","euphausiids_15_65mm_38khz"
"66179","None","Primary_Length_Type","total_length"
"66179","None","Secondary_Length_Type","carapace_length"
"66179","None","Default_Length_Conversion","use_measured_length_type"
"66180","None","Default_TS_Relationship","euphausiids_15_65mm_38khz"
"66180","None","Specific_TS_Relationship","euphausiids_15_65mm_38khz"
"66180","None","Primary_Length_Type","total_length"
"66180","None","Secondary_Length_Type","carapace_length"
"66180","None","Default_Length_Conversion","use_measured_length_type"
"66190","None","Default_TS_Relationship","euphausiids_15_65mm_38khz"
"66190","None","Specific_TS_Relationship","euphausiids_15_65mm_38khz"
"66190","None","Primary_Length_Type","total_length"
"66190","None","Secondary_Length_Type","carapace_length"
"66190","None","Default_Length_Conversion","use_measured_length_type"
"66192","None","Default_TS_Relationship","euphausiids_15_65mm_38khz"
"66192","None","Specific_TS_Relationship","euphausiids_15_65mm_38khz"
"66192","None","Primary_Length_Type","total_length"
"66192","None","Secondary_Length_Type","carapace_length"
"66192","None","Default_Length_Conversion","use_measured_length_type"
"66193","None","Default_TS_Relationship","euphausiids_15_65mm_38khz"
"66193","None","Specific_TS_Relationship","euphausiids_15_65mm_38khz"
"66193","None","Primary_Length_Type","total_length"
"66193","None","Secondary_Length_Type","carapace_length"
"66193","None","Default_Length_Conversion","use_measured_length_type"
"66200","None","Default_TS_Relationship","euphausiids_15_65mm_38khz"
"66200","None","Specific_TS_Relationship","euphausiids_15_65mm_38khz"
"66200","None","Primary_Length_Type","total_length"
"66200","None","Secondary_Length_Type","carapace_length"
"66200","None","Default_Length_Conversion","use_measured_length_type"
"66201","None","Default_TS_Relationship","euphausiids_15_65mm_38khz"
"66201","None","Specific_TS_Relationship","euphausiids_15_65mm_38khz"
"66201","None","Primary_Length_Type","total_length"
"66201","None","Secondary_Length_Type","carapace_length"
"66201","None","Default_Length_Conversion","use_measured_length_type"
"66203","None","Default_TS_Relationship","euphausiids_15_65mm_38khz"
"66203","None","Specific_TS_Relationship","euphausiids_15_65mm_38khz"
"66203","None","Primary_Length_Type","total_length"
"66203","None","Secondary_Length_Type","carapace_length"
"66203","None","Default_Length_Conversion","use_measured_length_type"
"66204","None","Default_TS_Relationship","euphausiids_15_65mm_38khz"
"66204","None","Specific_TS_Relationship","euphausiids_15_65mm_38khz"
"66204","None","Primary_Length_Type","total_length"
"66204","None","Secondary_Length_Type","carapace_length"
"66204","None","Default_Length_Conversion","use_measured_length_type"
"66301","None","Default_TS_Relationship","euphausiids_15_65mm_38khz"
"66301","None","Specific_TS_Relationship","euphausiids_15_65mm_38khz"
"66301","None","Primary_Length_Type","total_length"
"66301","None","Secondary_Length_Type","carapace_length"
"66301","None","Default_Length_Conversion","use_measured_length_type"
"66500","None","Default_TS_Relationship","euphausiids_15_65mm_38khz"
"66500","None","Specific_TS_Relationship","euphausiids_15_65mm_38khz"
"66500","None","Primary_Length_Type","total_length"
"66500","None","Secondary_Length_Type","carapace_length"
"66500","None","Default_Length_Conversion","use_measured_length_type"
"66502","None","Default_TS_Relationship","euphausiids_15_65mm_38khz"
"66502","None","Specific_TS_Relationship","euphausiids_15_65mm_38khz"
"66502","None","Primary_Length_Type","total_length"
"66502","None","Secondary_Length_Type","carapace_length"
"66502","None","Default_Length_Conversion","use_measured_length_type"
"66510","None","Default_TS_Relationship","euphausiids_15_65mm_38khz"
"66510","None","Specific_TS_Relationship","euphausiids_15_65mm_38khz"
"66510","None","Primary_Length_Type","total_length"
"66510","None","Secondary_Length_Type","carapace_length"
"66510","None","Default_Length_Conversion","use_measured_length_type"
"66512","None","Default_TS_Relationship","euphausiids_15_65mm_38khz"
"66512","None","Specific_TS_Relationship","euphausiids_15_65mm_38khz"
"66512","None","Primary_Length_Type","total_length"
"66512","None","Secondary_Length_Type","carapace_length"
"66512","None","Default_Length_Conversion","use_measured_length_type"
"66515","None","Default_TS_Relationship","euphausiids_15_65mm_38khz"
"66515","None","Specific_TS_Relationship","euphausiids_15_65mm_38khz"
"66515","None","Primary_Length_Type","total_length"
"66515","None","Secondary_Length_Type","carapace_length"
"66515","None","Default_Length_Conversion","use_measured_length_type"
"66520","None","Default_TS_Relationship","euphausiids_15_65mm_38khz"
"66520","None","Specific_TS_Relationship","euphausiids_15_65mm_38khz"
"66520","None","Primary_Length_Type","total_length"
"66520","None","Secondary_Length_Type","carapace_length"
"66520","None","Default_Length_Conversion","use_measured_length_type"
"66530","None","Default_TS_Relationship","euphausiids_15_65mm_38khz"
"66530","None","Specific_TS_Relationship","euphausiids_15_65mm_38khz"
"66530","None","Primary_Length_Type","total_length"
"66530","None","Secondary_Length_Type","carapace_length"
"66530","None","Default_Length_Conversion","use_measured_length_type"
"66536","None","Default_TS_Relationship","euphausiids_15_65mm_38khz"
"66536","None","Specific_TS_Relationship","euphausiids_15_65mm_38khz"
"66536","None","Primary_Length_Type","total_length"
"66536","None","Secondary_Length_Type","carapace_length"
"66536","None","Default_Length_Conversion","use_measured_length_type"
"66546","None","Default_TS_Relationship","euphausiids_15_65mm_38khz"
"66546","None","Specific_TS_Relationship","euphausiids_15_65mm_38khz"
"66546","None","Primary_Length_Type","total_length"
"66546","None","Secondary_Length_Type","carapace_length"
"66546","None","Default_Length_Conversion","use_measured_length_type"
"66548","None","Default_TS_Relationship","euphausiids_15_65mm_38khz"
"66548","None","Specific_TS_Relationship","euphausiids_15_65mm_38khz"
"66548","None","Primary_Length_Type","total_length"
"66548","None","Secondary_Length_Type","carapace_length"
"66548","None","Default_Length_Conversion","use_measured_length_type"
"66570","None","Default_TS_Relationship","euphausiids_15_65mm_38khz"
"66570","None","Specific_TS_Relationship","euphausiids_15_65mm_38khz"
"66570","None","Primary_Length_Type","total_length"
"66570","None","Secondary_Length_Type","carapace_length"
"66570","None","Default_Length_Conversion","use_measured_length_type"
"66575","None","Default_TS_Relationship","euphausiids_15_65mm_38khz"
"66575","None","Specific_TS_Relationship","euphausiids_15_65mm_38khz"
"66575","None","Primary_Length_Type","total_length"
"66575","None","Secondary_Length_Type","carapace_length"
"66580","None","Default_TS_Relationship","euphausiids_15_65mm_38khz"
"66575","None","Default_Length_Conversion","use_measured_length_type"
"66580","None","Specific_TS_Relationship","euphausiids_15_65mm_38khz"
"66580","None","Primary_Length_Type","total_length"
"66580","None","Secondary_Length_Type","carapace_length"
"66580","None","Default_Length_Conversion","use_measured_length_type"
"66600","None","Default_TS_Relationship","euphausiids_15_65mm_38khz"
"66600","None","Specific_TS_Relationship","euphausiids_15_65mm_38khz"
"66600","None","Primary_Length_Type","total_length"
"66600","None","Secondary_Length_Type","carapace_length"
"66600","None","Default_Length_Conversion","use_measured_length_type"
"66601","None","Default_TS_Relationship","euphausiids_15_65mm_38khz"
"66601","None","Specific_TS_Relationship","euphausiids_15_65mm_38khz"
"66601","None","Primary_Length_Type","total_length"
"66601","None","Secondary_Length_Type","carapace_length"
"66601","None","Default_Length_Conversion","use_measured_length_type"
"66602","None","Default_TS_Relationship","euphausiids_15_65mm_38khz"
"66602","None","Specific_TS_Relationship","euphausiids_15_65mm_38khz"
"66602","None","Primary_Length_Type","total_length"
"66602","None","Secondary_Length_Type","carapace_length"
"66602","None","Default_Length_Conversion","use_measured_length_type"
"66603","None","Default_TS_Relationship","euphausiids_15_65mm_38khz"
"66603","None","Specific_TS_Relationship","euphausiids_15_65mm_38khz"
"66603","None","Primary_Length_Type","total_length"
"66603","None","Secondary_Length_Type","carapace_length"
"66603","None","Default_Length_Conversion","use_measured_length_type"
"66605","None","Default_TS_Relationship","euphausiids_15_65mm_38khz"
"66605","None","Specific_TS_Relationship","euphausiids_15_65mm_38khz"
"66605","None","Primary_Length_Type","total_length"
"66605","None","Secondary_Length_Type","carapace_length"
"66605","None","Default_Length_Conversion","use_measured_length_type"
"66611","None","Default_TS_Relationship","euphausiids_15_65mm_38khz"
"66611","None","Specific_TS_Relationship","euphausiids_15_65mm_38khz"
"66611","None","Primary_Length_Type","total_length"
"66611","None","Secondary_Length_Type","carapace_length"
"66611","None","Default_Length_Conversion","use_measured_length_type"
"66612","None","Default_TS_Relationship","euphausiids_15_65mm_38khz"
"66612","None","Specific_TS_Relationship","euphausiids_15_65mm_38khz"
"66612","None","Primary_Length_Type","total_length"
"66612","None","Secondary_Length_Type","carapace_length"
"66612","None","Default_Length_Conversion","use_measured_length_type"
"66613","None","Default_TS_Relationship","euphausiids_15_65mm_38khz"
"66613","None","Specific_TS_Relationship","euphausiids_15_65mm_38khz"
"66613","None","Primary_Length_Type","total_length"
"66613","None","Secondary_Length_Type","carapace_length"
"66613","None","Default_Length_Conversion","use_measured_length_type"
"66614","None","Default_TS_Relationship","euphausiids_15_65mm_38khz"
"66614","None","Specific_TS_Relationship","euphausiids_15_65mm_38khz"
"66614","None","Primary_Length_Type","total_length"
"66614","None","Secondary_Length_Type","carapace_length"
"66614","None","Default_Length_Conversion","use_measured_length_type"
"66615","None","Default_TS_Relationship","euphausiids_15_65mm_38khz"
"66615","None","Specific_TS_Relationship","euphausiids_15_65mm_38khz"
"66615","None","Primary_Length_Type","total_length"
"66615","None","Secondary_Length_Type","carapace_length"
"66615","None","Default_Length_Conversion","use_measured_length_type"
"66617","None","Default_TS_Relationship","euphausiids_15_65mm_38khz"
"66617","None","Specific_TS_Relationship","euphausiids_15_65mm_38khz"
"66617","None","Primary_Length_Type","total_length"
"66617","None","Secondary_Length_Type","carapace_length"
"66617","None","Default_Length_Conversion","use_measured_length_type"
"66750","None","Default_TS_Relationship","euphausiids_15_65mm_38khz"
"66750","None","Specific_TS_Relationship","euphausiids_15_65mm_38khz"
"66750","None","Primary_Length_Type","total_length"
"66750","None","Secondary_Length_Type","carapace_length"
"66750","None","Default_Length_Conversion","use_measured_length_type"
"66770","None","Default_TS_Relationship","euphausiids_15_65mm_38khz"
"66770","None","Specific_TS_Relationship","euphausiids_15_65mm_38khz"
"66770","None","Primary_Length_Type","total_length"
"66770","None","Secondary_Length_Type","carapace_length"
"66770","None","Default_Length_Conversion","use_measured_length_type"
"66772","None","Default_TS_Relationship","euphausiids_15_65mm_38khz"
"66772","None","Specific_TS_Relationship","euphausiids_15_65mm_38khz"
"66772","None","Primary_Length_Type","total_length"
"66772","None","Secondary_Length_Type","carapace_length"
"66772","None","Default_Length_Conversion","use_measured_length_type"
"66814","None","Default_TS_Relationship","euphausiids_15_65mm_38khz"
"66814","None","Specific_TS_Relationship","euphausiids_15_65mm_38khz"
"66814","None","Primary_Length_Type","total_length"
"66814","None","Secondary_Length_Type","carapace_length"
"66814","None","Default_Length_Conversion","use_measured_length_type"
"66815","None","Default_TS_Relationship","euphausiids_15_65mm_38khz"
"66815","None","Specific_TS_Relationship","euphausiids_15_65mm_38khz"
"66815","None","Primary_Length_Type","total_length"
"66815","None","Secondary_Length_Type","carapace_length"
"66815","None","Default_Length_Conversion","use_measured_length_type"
"66839","None","Default_TS_Relationship","euphausiids_15_65mm_38khz"
"66839","None","Specific_TS_Relationship","euphausiids_15_65mm_38khz"
"66839","None","Primary_Length_Type","total_length"
"66839","None","Secondary_Length_Type","carapace_length"
"66839","None","Default_Length_Conversion","use_measured_length_type"
"66840","None","Default_TS_Relationship","euphausiids_15_65mm_38khz"
"66840","None","Specific_TS_Relationship","euphausiids_15_65mm_38khz"
"66840","None","Primary_Length_Type","total_length"
"66840","None","Secondary_Length_Type","carapace_length"
"66840","None","Default_Length_Conversion","use_measured_length_type"
"66860","None","Default_TS_Relationship","euphausiids_15_65mm_38khz"
"66860","None","Specific_TS_Relationship","euphausiids_15_65mm_38khz"
"66860","None","Primary_Length_Type","total_length"
"66860","None","Secondary_Length_Type","carapace_length"
"66860","None","Default_Length_Conversion","use_measured_length_type"
"66865","None","Default_TS_Relationship","euphausiids_15_65mm_38khz"
"66865","None","Specific_TS_Relationship","euphausiids_15_65mm_38khz"
"66865","None","Primary_Length_Type","total_length"
"66865","None","Secondary_Length_Type","carapace_length"
"66865","None","Default_Length_Conversion","use_measured_length_type"
"66875","None","Default_TS_Relationship","euphausiids_15_65mm_38khz"
"66875","None","Specific_TS_Relationship","euphausiids_15_65mm_38khz"
"66875","None","Primary_Length_Type","total_length"
"66875","None","Secondary_Length_Type","carapace_length"
"66875","None","Default_Length_Conversion","use_measured_length_type"
"68000","None","Default_TS_Relationship","non_scaling"
"68000","None","Specific_TS_Relationship","non_scaling"
"68000","None","Primary_Length_Type","total_length"
"68000","None","Secondary_Length_Type","total_length"
"68000","None","Default_Length_Conversion","use_measured_length_type"
"68010","None","Default_TS_Relationship","non_scaling"
"68010","None","Specific_TS_Relationship","non_scaling"
"68010","None","Primary_Length_Type","total_length"
"68010","None","Secondary_Length_Type","total_length"
"68010","None","Default_Length_Conversion","use_measured_length_type"
"68011","None","Default_TS_Relationship","non_scaling"
"68011","None","Specific_TS_Relationship","non_scaling"
"68011","None","Primary_Length_Type","total_length"
"68011","None","Secondary_Length_Type","total_length"
"68011","None","Default_Length_Conversion","use_measured_length_type"
"68020","None","Default_TS_Relationship","non_scaling"
"68020","None","Specific_TS_Relationship","non_scaling"
"68020","None","Primary_Length_Type","total_length"
"68020","None","Secondary_Length_Type","total_length"
"68020","None","Default_Length_Conversion","use_measured_length_type"
"68040","None","Default_TS_Relationship","non_scaling"
"68040","None","Specific_TS_Relationship","non_scaling"
"68040","None","Primary_Length_Type","total_length"
"68040","None","Secondary_Length_Type","total_length"
"68050","None","Specific_TS_Relationship","non_scaling"
"68040","None","Default_Length_Conversion","use_measured_length_type"
"68050","None","Default_TS_Relationship","non_scaling"
"68050","None","Primary_Length_Type","total_length"
"68050","None","Secondary_Length_Type","total_length"
"68050","None","Default_Length_Conversion","use_measured_length_type"
"68060","None","Default_TS_Relationship","non_scaling"
"68060","None","Specific_TS_Relationship","non_scaling"
"68060","None","Primary_Length_Type","total_length"
"68060","None","Secondary_Length_Type","total_length"
"68060","None","Default_Length_Conversion","use_measured_length_type"
"68065","None","Default_TS_Relationship","non_scaling"
"68065","None","Specific_TS_Relationship","non_scaling"
"68065","None","Primary_Length_Type","total_length"
"68065","None","Secondary_Length_Type","total_length"
"68065","None","Default_Length_Conversion","use_measured_length_type"
"68072","None","Default_TS_Relationship","non_scaling"
"68072","None","Specific_TS_Relationship","non_scaling"
"68072","None","Primary_Length_Type","total_length"
"68072","None","Secondary_Length_Type","total_length"
"68072","None","Default_Length_Conversion","use_measured_length_type"
"68100","None","Default_TS_Relationship","non_scaling"
"68100","None","Specific_TS_Relationship","non_scaling"
"68100","None","Primary_Length_Type","total_length"
"68100","None","Secondary_Length_Type","total_length"
"68100","None","Default_Length_Conversion","use_measured_length_type"
"68500","None","Default_TS_Relationship","non_scaling"
"68500","None","Specific_TS_Relationship","non_scaling"
"68500","None","Primary_Length_Type","total_length"
"68500","None","Secondary_Length_Type","total_length"
"68500","None","Default_Length_Conversion","use_measured_length_type"
"68502","None","Default_TS_Relationship","non_scaling"
"68502","None","Specific_TS_Relationship","non_scaling"
"68502","None","Primary_Length_Type","total_length"
"68502","None","Secondary_Length_Type","total_length"
"68502","None","Default_Length_Conversion","use_measured_length_type"
"68510","None","Default_TS_Relationship","non_scaling"
"68510","None","Specific_TS_Relationship","non_scaling"
"68510","None","Primary_Length_Type","total_length"
"68510","None","Secondary_Length_Type","total_length"
"68510","None","Default_Length_Conversion","use_measured_length_type"
"68515","None","Default_TS_Relationship","non_scaling"
"68515","None","Specific_TS_Relationship","non_scaling"
"68515","None","Primary_Length_Type","total_length"
"68515","None","Secondary_Length_Type","total_length"
"68515","None","Default_Length_Conversion","use_measured_length_type"
"68520","None","Default_TS_Relationship","non_scaling"
"68520","None","Specific_TS_Relationship","non_scaling"
"68520","None","Primary_Length_Type","total_length"
"68520","None","Secondary_Length_Type","total_length"
"68520","None","Default_Length_Conversion","use_measured_length_type"
"68541","None","Default_TS_Relationship","non_scaling"
"68541","None","Specific_TS_Relationship","non_scaling"
"68541","None","Primary_Length_Type","total_length"
"68541","None","Secondary_Length_Type","total_length"
"68541","None","Default_Length_Conversion","use_measured_length_type"
"68550","None","Default_TS_Relationship","non_scaling"
"68550","None","Specific_TS_Relationship","non_scaling"
"68550","None","Primary_Length_Type","total_length"
"68550","None","Secondary_Length_Type","total_length"
"68550","None","Default_Length_Conversion","use_measured_length_type"
"68560","None","Default_TS_Relationship","non_scaling"
"68560","None","Specific_TS_Relationship","non_scaling"
"68560","None","Primary_Length_Type","total_length"
"68560","None","Secondary_Length_Type","total_length"
"68560","None","Default_Length_Conversion","use_measured_length_type"
"68570","None","Default_TS_Relationship","non_scaling"
"68570","None","Specific_TS_Relationship","non_scaling"
"68570","None","Primary_Length_Type","total_length"
"68570","None","Secondary_Length_Type","total_length"
"68570","None","Default_Length_Conversion","use_measured_length_type"
"68577","None","Default_TS_Relationship","non_scaling"
"68577","None","Specific_TS_Relationship","non_scaling"
"68577","None","Primary_Length_Type","total_length"
"68577","None","Secondary_Length_Type","total_length"
"68577","None","Default_Length_Conversion","use_measured_length_type"
"68578","None","Default_TS_Relationship","non_scaling"
"68578","None","Specific_TS_Relationship","non_scaling"
"68578","None","Primary_Length_Type","total_length"
"68578","None","Secondary_Length_Type","total_length"
"68578","None","Default_Length_Conversion","use_measured_length_type"
"68580","None","Default_TS_Relationship","non_scaling"
"68580","None","Specific_TS_Relationship","non_scaling"
"68580","None","Primary_Length_Type","total_length"
"68580","None","Secondary_Length_Type","total_length"
"68580","None","Default_Length_Conversion","use_measured_length_type"
"68590","None","Default_TS_Relationship","non_scaling"
"68590","None","Specific_TS_Relationship","non_scaling"
"68590","None","Primary_Length_Type","total_length"
"68590","None","Secondary_Length_Type","total_length"
"68590","None","Default_Length_Conversion","use_measured_length_type"
"68781","None","Default_TS_Relationship","non_scaling"
"68781","None","Specific_TS_Relationship","non_scaling"
"68781","None","Primary_Length_Type","total_length"
"68781","None","Secondary_Length_Type","total_length"
"68781","None","Default_Length_Conversion","use_measured_length_type"
"69000","None","Default_TS_Relationship","non_scaling"
"69000","None","Specific_TS_Relationship","non_scaling"
"69000","None","Primary_Length_Type","total_length"
"69000","None","Secondary_Length_Type","total_length"
"69000","None","Default_Length_Conversion","use_measured_length_type"
"69010","None","Default_TS_Relationship","non_scaling"
"69010","None","Specific_TS_Relationship","non_scaling"
"69010","None","Primary_Length_Type","total_length"
"69010","None","Secondary_Length_Type","total_length"
"69010","None","Default_Length_Conversion","use_measured_length_type"
"69011","None","Default_TS_Relationship","non_scaling"
"69011","None","Specific_TS_Relationship","non_scaling"
"69011","None","Primary_Length_Type","total_length"
"69011","None","Secondary_Length_Type","total_length"
"69011","None","Default_Length_Conversion","use_measured_length_type"
"69013","None","Default_TS_Relationship","non_scaling"
"69013","None","Specific_TS_Relationship","non_scaling"
"69013","None","Primary_Length_Type","total_length"
"69013","None","Secondary_Length_Type","total_length"
"69013","None","Default_Length_Conversion","use_measured_length_type"
"69035","None","Default_TS_Relationship","non_scaling"
"69035","None","Specific_TS_Relationship","non_scaling"
"69035","None","Primary_Length_Type","total_length"
"69035","None","Secondary_Length_Type","total_length"
"69035","None","Default_Length_Conversion","use_measured_length_type"
"69042","None","Default_TS_Relationship","non_scaling"
"69042","None","Specific_TS_Relationship","non_scaling"
"69042","None","Primary_Length_Type","total_length"
"69042","None","Secondary_Length_Type","total_length"
"69042","None","Default_Length_Conversion","use_measured_length_type"
"69060","None","Default_TS_Relationship","non_scaling"
"69060","None","Specific_TS_Relationship","non_scaling"
"69060","None","Primary_Length_Type","total_length"
"69060","None","Secondary_Length_Type","total_length"
"69060","None","Default_Length_Conversion","use_measured_length_type"
"69061","None","Default_TS_Relationship","non_scaling"
"69061","None","Specific_TS_Relationship","non_scaling"
"69061","None","Primary_Length_Type","total_length"
"69061","None","Secondary_Length_Type","total_length"
"69061","None","Default_Length_Conversion","use_measured_length_type"
"69070","None","Default_TS_Relationship","non_scaling"
"69070","None","Specific_TS_Relationship","non_scaling"
"69070","None","Primary_Length_Type","total_length"
"69070","None","Secondary_Length_Type","total_length"
"69070","None","Default_Length_Conversion","use_measured_length_type"
"69080","None","Default_TS_Relationship","non_scaling"
"69080","None","Specific_TS_Relationship","non_scaling"
"69080","None","Primary_Length_Type","total_length"
"69080","None","Secondary_Length_Type","total_length"
"69080","None","Default_Length_Conversion","use_measured_length_type"
"69082","None","Default_TS_Relationship","non_scaling"
"69082","None","Specific_TS_Relationship","non_scaling"
"69082","None","Primary_Length_Type","total_length"
"69082","None","Secondary_Length_Type","total_length"
"69082","None","Default_Length_Conversion","use_measured_length_type"
"69085","None","Default_TS_Relationship","non_scaling"
"69085","None","Specific_TS_Relationship","non_scaling"
"69085","None","Primary_Length_Type","total_length"
"69085","None","Secondary_Length_Type","total_length"
"69085","None","Default_Length_Conversion","use_measured_length_type"
"69086","None","Default_TS_Relationship","non_scaling"
"69086","None","Specific_TS_Relationship","non_scaling"
"69086","None","Primary_Length_Type","total_length"
"69086","None","Secondary_Length_Type","total_length"
"69086","None","Default_Length_Conversion","use_measured_length_type"
"69090","None","Default_TS_Relationship","non_scaling"
"69090","None","Specific_TS_Relationship","non_scaling"
"69090","None","Primary_Length_Type","total_length"
"69090","None","Secondary_Length_Type","total_length"
"69090","None","Default_Length_Conversion","use_measured_length_type"
"69095","None","Default_TS_Relationship","non_scaling"
"69095","None","Specific_TS_Relationship","non_scaling"
"69095","None","Primary_Length_Type","total_length"
"69095","None","Secondary_Length_Type","total_length"
"69095","None","Default_Length_Conversion","use_measured_length_type"
"69100","None","Default_TS_Relationship","non_scaling"
"69100","None","Specific_TS_Relationship","non_scaling"
"69100","None","Primary_Length_Type","total_length"
"69100","None","Secondary_Length_Type","total_length"
"69100","None","Default_Length_Conversion","use_measured_length_type"
"69110","None","Default_TS_Relationship","non_scaling"
"69110","None","Specific_TS_Relationship","non_scaling"
"69110","None","Primary_Length_Type","total_length"
"69110","None","Secondary_Length_Type","total_length"
"69110","None","Default_Length_Conversion","use_measured_length_type"
"69120","None","Default_TS_Relationship","non_scaling"
"69120","None","Specific_TS_Relationship","non_scaling"
"69120","None","Primary_Length_Type","total_length"
"69120","None","Secondary_Length_Type","total_length"
"69120","None","Default_Length_Conversion","use_measured_length_type"
"69121","None","Default_TS_Relationship","non_scaling"
"69121","None","Specific_TS_Relationship","non_scaling"
"69121","None","Primary_Length_Type","total_length"
"69121","None","Secondary_Length_Type","total_length"
"69121","None","Default_Length_Conversion","use_measured_length_type"
"69122","None","Default_TS_Relationship","non_scaling"
"69122","None","Specific_TS_Relationship","non_scaling"
"69122","None","Primary_Length_Type","total_length"
"69122","None","Secondary_Length_Type","total_length"
"69122","None","Default_Length_Conversion","use_measured_length_type"
"69123","None","Default_TS_Relationship","non_scaling"
"69123","None","Specific_TS_Relationship","non_scaling"
"69123","None","Primary_Length_Type","total_length"
"69123","None","Secondary_Length_Type","total_length"
"69123","None","Default_Length_Conversion","use_measured_length_type"
"69200","None","Default_TS_Relationship","non_scaling"
"69200","None","Specific_TS_Relationship","non_scaling"
"69200","None","Primary_Length_Type","total_length"
"69200","None","Secondary_Length_Type","total_length"
"69200","None","Default_Length_Conversion","use_measured_length_type"
"69250","None","Default_TS_Relationship","non_scaling"
"69250","None","Specific_TS_Relationship","non_scaling"
"69250","None","Primary_Length_Type","total_length"
"69250","None","Secondary_Length_Type","total_length"
"69250","None","Default_Length_Conversion","use_measured_length_type"
"69260","None","Default_TS_Relationship","non_scaling"
"69260","None","Specific_TS_Relationship","non_scaling"
"69260","None","Primary_Length_Type","total_length"
"69260","None","Secondary_Length_Type","total_length"
"69260","None","Default_Length_Conversion","use_measured_length_type"
"69270","None","Default_TS_Relationship","non_scaling"
"69270","None","Specific_TS_Relationship","non_scaling"
"69270","None","Primary_Length_Type","total_length"
"69270","None","Secondary_Length_Type","total_length"
"69270","None","Default_Length_Conversion","use_measured_length_type"
"69280","None","Default_TS_Relationship","non_scaling"
"69280","None","Specific_TS_Relationship","non_scaling"
"69280","None","Primary_Length_Type","total_length"
"69280","None","Secondary_Length_Type","total_length"
"69280","None","Default_Length_Conversion","use_measured_length_type"
"69285","None","Default_TS_Relationship","non_scaling"
"69285","None","Specific_TS_Relationship","non_scaling"
"69285","None","Primary_Length_Type","total_length"
"69285","None","Secondary_Length_Type","total_length"
"69285","None","Default_Length_Conversion","use_measured_length_type"
"69290","None","Default_TS_Relationship","non_scaling"
"69290","None","Specific_TS_Relationship","non_scaling"
"69290","None","Primary_Length_Type","total_length"
"69290","None","Secondary_Length_Type","total_length"
"69290","None","Default_Length_Conversion","use_measured_length_type"
"69300","None","Default_TS_Relationship","non_scaling"
"69300","None","Specific_TS_Relationship","non_scaling"
"69300","None","Primary_Length_Type","total_length"
"69300","None","Secondary_Length_Type","total_length"
"69300","None","Default_Length_Conversion","use_measured_length_type"
"69310","None","Default_TS_Relationship","non_scaling"
"69310","None","Specific_TS_Relationship","non_scaling"
"69310","None","Primary_Length_Type","total_length"
"69310","None","Secondary_Length_Type","total_length"
"69310","None","Default_Length_Conversion","use_measured_length_type"
"69312","None","Default_TS_Relationship","non_scaling"
"69312","None","Specific_TS_Relationship","non_scaling"
"69312","None","Primary_Length_Type","total_length"
"69312","None","Secondary_Length_Type","total_length"
"69312","None","Default_Length_Conversion","use_measured_length_type"
"69314","None","Default_TS_Relationship","non_scaling"
"69314","None","Specific_TS_Relationship","non_scaling"
"69314","None","Primary_Length_Type","total_length"
"69314","None","Secondary_Length_Type","total_length"
"69314","None","Default_Length_Conversion","use_measured_length_type"
"69315","None","Default_TS_Relationship","non_scaling"
"69315","None","Specific_TS_Relationship","non_scaling"
"69315","None","Primary_Length_Type","total_length"
"69315","None","Secondary_Length_Type","total_length"
"69315","None","Default_Length_Conversion","use_measured_length_type"
"69316","None","Default_TS_Relationship","non_scaling"
"69316","None","Specific_TS_Relationship","non_scaling"
"69316","None","Primary_Length_Type","total_length"
"69316","None","Secondary_Length_Type","total_length"
"69316","None","Default_Length_Conversion","use_measured_length_type"
"69317","None","Default_TS_Relationship","non_scaling"
"69317","None","Specific_TS_Relationship","non_scaling"
"69317","None","Primary_Length_Type","total_length"
"69317","None","Secondary_Length_Type","total_length"
"69317","None","Default_Length_Conversion","use_measured_length_type"
"69318","None","Default_TS_Relationship","non_scaling"
"69318","None","Specific_TS_Relationship","non_scaling"
"69318","None","Primary_Length_Type","total_length"
"69318","None","Secondary_Length_Type","total_length"
"69318","None","Default_Length_Conversion","use_measured_length_type"
"69321","None","Default_TS_Relationship","non_scaling"
"69321","None","Specific_TS_Relationship","non_scaling"
"69321","None","Primary_Length_Type","total_length"
"69321","None","Secondary_Length_Type","total_length"
"69321","None","Default_Length_Conversion","use_measured_length_type"
"69322","None","Default_TS_Relationship","non_scaling"
"69322","None","Specific_TS_Relationship","non_scaling"
"69322","None","Primary_Length_Type","total_length"
"69322","None","Secondary_Length_Type","total_length"
"69322","None","Default_Length_Conversion","use_measured_length_type"
"69323","None","Default_TS_Relationship","non_scaling"
"69323","None","Specific_TS_Relationship","non_scaling"
"69323","None","Primary_Length_Type","total_length"
"69323","None","Secondary_Length_Type","total_length"
"69323","None","Default_Length_Conversion","use_measured_length_type"
"69324","None","Default_TS_Relationship","non_scaling"
"69324","None","Specific_TS_Relationship","non_scaling"
"69324","None","Primary_Length_Type","total_length"
"69324","None","Secondary_Length_Type","total_length"
"69324","None","Default_Length_Conversion","use_measured_length_type"
"69325","None","Default_TS_Relationship","non_scaling"
"69325","None","Specific_TS_Relationship","non_scaling"
"69325","None","Primary_Length_Type","total_length"
"69325","None","Secondary_Length_Type","total_length"
"69325","None","Default_Length_Conversion","use_measured_length_type"
"69326","None","Default_TS_Relationship","non_scaling"
"69326","None","Specific_TS_Relationship","non_scaling"
"69326","None","Primary_Length_Type","total_length"
"69326","None","Secondary_Length_Type","total_length"
"69326","None","Default_Length_Conversion","use_measured_length_type"
"69328","None","Default_TS_Relationship","non_scaling"
"69328","None","Specific_TS_Relationship","non_scaling"
"69328","None","Primary_Length_Type","total_length"
"69328","None","Secondary_Length_Type","total_length"
"69328","None","Default_Length_Conversion","use_measured_length_type"
"69329","None","Default_TS_Relationship","non_scaling"
"69329","None","Specific_TS_Relationship","non_scaling"
"69329","None","Primary_Length_Type","total_length"
"69329","None","Secondary_Length_Type","total_length"
"69329","None","Default_Length_Conversion","use_measured_length_type"
"69330","None","Default_TS_Relationship","non_scaling"
"69330","None","Specific_TS_Relationship","non_scaling"
"69330","None","Primary_Length_Type","total_length"
"69330","None","Secondary_Length_Type","total_length"
"69330","None","Default_Length_Conversion","use_measured_length_type"
"69331","None","Default_TS_Relationship","non_scaling"
"69331","None","Specific_TS_Relationship","non_scaling"
"69331","None","Primary_Length_Type","total_length"
"69331","None","Secondary_Length_Type","total_length"
"69331","None","Default_Length_Conversion","use_measured_length_type"
"69335","None","Default_TS_Relationship","non_scaling"
"69335","None","Specific_TS_Relationship","non_scaling"
"69335","None","Primary_Length_Type","total_length"
"69335","None","Secondary_Length_Type","total_length"
"69335","None","Default_Length_Conversion","use_measured_length_type"
"69336","None","Default_TS_Relationship","non_scaling"
"69336","None","Specific_TS_Relationship","non_scaling"
"69336","None","Primary_Length_Type","total_length"
"69336","None","Secondary_Length_Type","total_length"
"69336","None","Default_Length_Conversion","use_measured_length_type"
"69341","None","Default_TS_Relationship","non_scaling"
"69341","None","Specific_TS_Relationship","non_scaling"
"69341","None","Primary_Length_Type","total_length"
"69341","None","Secondary_Length_Type","total_length"
"69341","None","Default_Length_Conversion","use_measured_length_type"
"69400","None","Default_TS_Relationship","non_scaling"
"69400","None","Specific_TS_Relationship","non_scaling"
"69400","None","Primary_Length_Type","total_length"
"69400","None","Secondary_Length_Type","total_length"
"69400","None","Default_Length_Conversion","use_measured_length_type"
"69520","None","Default_TS_Relationship","non_scaling"
"69520","None","Specific_TS_Relationship","non_scaling"
"69520","None","Primary_Length_Type","total_length"
"69520","None","Secondary_Length_Type","total_length"
"69520","None","Default_Length_Conversion","use_measured_length_type"
"69530","None","Default_TS_Relationship","non_scaling"
"69530","None","Specific_TS_Relationship","non_scaling"
"69530","None","Primary_Length_Type","total_length"
"69530","None","Secondary_Length_Type","total_length"
"69530","None","Default_Length_Conversion","use_measured_length_type"
"69531","None","Default_TS_Relationship","non_scaling"
"69531","None","Specific_TS_Relationship","non_scaling"
"69531","None","Primary_Length_Type","total_length"
"69531","None","Secondary_Length_Type","total_length"
"69531","None","Default_Length_Conversion","use_measured_length_type"
"69540","None","Default_TS_Relationship","non_scaling"
"69540","None","Specific_TS_Relationship","non_scaling"
"69540","None","Primary_Length_Type","total_length"
"69540","None","Secondary_Length_Type","total_length"
"69540","None","Default_Length_Conversion","use_measured_length_type"
"69550","None","Default_TS_Relationship","non_scaling"
"69550","None","Specific_TS_Relationship","non_scaling"
"69550","None","Primary_Length_Type","total_length"
"69550","None","Secondary_Length_Type","total_length"
"69550","None","Default_Length_Conversion","use_measured_length_type"
"69552","None","Default_TS_Relationship","non_scaling"
"69552","None","Specific_TS_Relationship","non_scaling"
"69552","None","Primary_Length_Type","total_length"
"69552","None","Secondary_Length_Type","total_length"
"69552","None","Default_Length_Conversion","use_measured_length_type"
"69554","None","Default_TS_Relationship","non_scaling"
"69554","None","Specific_TS_Relationship","non_scaling"
"69554","None","Primary_Length_Type","total_length"
"69554","None","Secondary_Length_Type","total_length"
"69554","None","Default_Length_Conversion","use_measured_length_type"
"69556","None","Default_TS_Relationship","non_scaling"
"69556","None","Specific_TS_Relationship","non_scaling"
"69556","None","Primary_Length_Type","total_length"
"69556","None","Secondary_Length_Type","total_length"
"69556","None","Default_Length_Conversion","use_measured_length_type"
"69557","None","Default_TS_Relationship","non_scaling"
"69557","None","Specific_TS_Relationship","non_scaling"
"69557","None","Primary_Length_Type","total_length"
"69557","None","Secondary_Length_Type","total_length"
"69557","None","Default_Length_Conversion","use_measured_length_type"
"69560","None","Default_TS_Relationship","non_scaling"
"69560","None","Specific_TS_Relationship","non_scaling"
"69560","None","Primary_Length_Type","total_length"
"69560","None","Secondary_Length_Type","total_length"
"69560","None","Default_Length_Conversion","use_measured_length_type"
"69642","None","Default_TS_Relationship","non_scaling"
"69642","None","Specific_TS_Relationship","non_scaling"
"69642","None","Primary_Length_Type","total_length"
"69642","None","Secondary_Length_Type","total_length"
"69642","None","Default_Length_Conversion","use_measured_length_type"
"69650","None","Default_TS_Relationship","non_scaling"
"69650","None","Specific_TS_Relationship","non_scaling"
"69650","None","Primary_Length_Type","total_length"
"69650","None","Secondary_Length_Type","total_length"
"69650","None","Default_Length_Conversion","use_measured_length_type"
"69651","None","Default_TS_Relationship","non_scaling"
"69651","None","Specific_TS_Relationship","non_scaling"
"69651","None","Primary_Length_Type","total_length"
"69651","None","Default_Length_Conversion","use_measured_length_type"
"69651","None","Secondary_Length_Type","total_length"
"69652","None","Default_TS_Relationship","non_scaling"
"69652","None","Specific_TS_Relationship","non_scaling"
"69652","None","Primary_Length_Type","total_length"
"69652","None","Secondary_Length_Type","total_length"
"69652","None","Default_Length_Conversion","use_measured_length_type"
"69653","None","Default_TS_Relationship","non_scaling"
"69653","None","Specific_TS_Relationship","non_scaling"
"69653","None","Primary_Length_Type","total_length"
"69653","None","Secondary_Length_Type","total_length"
"69653","None","Default_Length_Conversion","use_measured_length_type"
"69655","None","Default_TS_Relationship","non_scaling"
"69655","None","Specific_TS_Relationship","non_scaling"
"69655","None","Primary_Length_Type","total_length"
"69655","None","Secondary_Length_Type","total_length"
"69655","None","Default_Length_Conversion","use_measured_length_type"
"69900","None","Default_TS_Relationship","non_scaling"
"69900","None","Specific_TS_Relationship","non_scaling"
"69900","None","Primary_Length_Type","total_length"
"69900","None","Secondary_Length_Type","total_length"
"69900","None","Default_Length_Conversion","use_measured_length_type"
"69910","None","Default_TS_Relationship","non_scaling"
"69910","None","Specific_TS_Relationship","non_scaling"
"69910","None","Primary_Length_Type","total_length"
"69910","None","Secondary_Length_Type","total_length"
"69910","None","Default_Length_Conversion","use_measured_length_type"
"69911","None","Default_TS_Relationship","non_scaling"
"69911","None","Specific_TS_Relationship","non_scaling"
"69911","None","Primary_Length_Type","total_length"
"69911","None","Secondary_Length_Type","total_length"
"69911","None","Default_Length_Conversion","use_measured_length_type"
"70000","None","Default_TS_Relationship","non_scaling"
"70000","None","Specific_TS_Relationship","non_scaling"
"70000","None","Primary_Length_Type","total_length"
"70000","None","Secondary_Length_Type","total_length"
"70000","None","Default_Length_Conversion","use_measured_length_type"
"70050","None","Default_TS_Relationship","non_scaling"
"70050","None","Specific_TS_Relationship","non_scaling"
"70050","None","Primary_Length_Type","total_length"
"70050","None","Secondary_Length_Type","total_length"
"70050","None","Default_Length_Conversion","use_measured_length_type"
"70060","None","Default_TS_Relationship","non_scaling"
"70060","None","Specific_TS_Relationship","non_scaling"
"70060","None","Primary_Length_Type","total_length"
"70060","None","Secondary_Length_Type","total_length"
"70060","None","Default_Length_Conversion","use_measured_length_type"
"70100","None","Default_TS_Relationship","non_scaling"
"70100","None","Specific_TS_Relationship","non_scaling"
"70100","None","Primary_Length_Type","total_length"
"70100","None","Secondary_Length_Type","total_length"
"70100","None","Default_Length_Conversion","use_measured_length_type"
"70108","None","Default_TS_Relationship","non_scaling"
"70108","None","Specific_TS_Relationship","non_scaling"
"70108","None","Primary_Length_Type","total_length"
"70108","None","Secondary_Length_Type","total_length"
"70108","None","Default_Length_Conversion","use_measured_length_type"
"70110","None","Default_TS_Relationship","non_scaling"
"70110","None","Specific_TS_Relationship","non_scaling"
"70110","None","Primary_Length_Type","total_length"
"70110","None","Secondary_Length_Type","total_length"
"70110","None","Default_Length_Conversion","use_measured_length_type"
"70111","None","Default_TS_Relationship","non_scaling"
"70111","None","Specific_TS_Relationship","non_scaling"
"70111","None","Primary_Length_Type","total_length"
"70111","None","Secondary_Length_Type","total_length"
"70111","None","Default_Length_Conversion","use_measured_length_type"
"70112","None","Default_TS_Relationship","non_scaling"
"70112","None","Specific_TS_Relationship","non_scaling"
"70112","None","Primary_Length_Type","total_length"
"70112","None","Secondary_Length_Type","total_length"
"70112","None","Default_Length_Conversion","use_measured_length_type"
"70113","None","Default_TS_Relationship","non_scaling"
"70113","None","Specific_TS_Relationship","non_scaling"
"70113","None","Primary_Length_Type","total_length"
"70113","None","Secondary_Length_Type","total_length"
"70113","None","Default_Length_Conversion","use_measured_length_type"
"70115","None","Default_TS_Relationship","non_scaling"
"70115","None","Specific_TS_Relationship","non_scaling"
"70115","None","Primary_Length_Type","total_length"
"70115","None","Secondary_Length_Type","total_length"
"70115","None","Default_Length_Conversion","use_measured_length_type"
"70119","None","Default_TS_Relationship","non_scaling"
"70119","None","Specific_TS_Relationship","non_scaling"
"70119","None","Primary_Length_Type","total_length"
"70119","None","Secondary_Length_Type","total_length"
"70119","None","Default_Length_Conversion","use_measured_length_type"
"70121","None","Default_TS_Relationship","non_scaling"
"70121","None","Specific_TS_Relationship","non_scaling"
"70121","None","Primary_Length_Type","total_length"
"70121","None","Secondary_Length_Type","total_length"
"70121","None","Default_Length_Conversion","use_measured_length_type"
"70122","None","Default_TS_Relationship","non_scaling"
"70122","None","Specific_TS_Relationship","non_scaling"
"70122","None","Primary_Length_Type","total_length"
"70122","None","Secondary_Length_Type","total_length"
"70122","None","Default_Length_Conversion","use_measured_length_type"
"70124","None","Default_TS_Relationship","non_scaling"
"70124","None","Specific_TS_Relationship","non_scaling"
"70124","None","Primary_Length_Type","total_length"
"70124","None","Secondary_Length_Type","total_length"
"70124","None","Default_Length_Conversion","use_measured_length_type"
"70125","None","Default_TS_Relationship","non_scaling"
"70125","None","Specific_TS_Relationship","non_scaling"
"70125","None","Primary_Length_Type","total_length"
"70125","None","Secondary_Length_Type","total_length"
"70125","None","Default_Length_Conversion","use_measured_length_type"
"70126","None","Default_TS_Relationship","non_scaling"
"70126","None","Specific_TS_Relationship","non_scaling"
"70126","None","Primary_Length_Type","total_length"
"70126","None","Secondary_Length_Type","total_length"
"70126","None","Default_Length_Conversion","use_measured_length_type"
"70127","None","Default_TS_Relationship","non_scaling"
"70127","None","Specific_TS_Relationship","non_scaling"
"70127","None","Primary_Length_Type","total_length"
"70127","None","Secondary_Length_Type","total_length"
"70127","None","Default_Length_Conversion","use_measured_length_type"
"70150","None","Default_TS_Relationship","non_scaling"
"70150","None","Specific_TS_Relationship","non_scaling"
"70150","None","Primary_Length_Type","total_length"
"70150","None","Secondary_Length_Type","total_length"
"70150","None","Default_Length_Conversion","use_measured_length_type"
"71001","None","Default_TS_Relationship","non_scaling"
"71001","None","Specific_TS_Relationship","non_scaling"
"71001","None","Primary_Length_Type","total_length"
"71001","None","Secondary_Length_Type","total_length"
"71001","None","Default_Length_Conversion","use_measured_length_type"
"71002","None","Default_TS_Relationship","non_scaling"
"71002","None","Specific_TS_Relationship","non_scaling"
"71002","None","Primary_Length_Type","total_length"
"71002","None","Secondary_Length_Type","total_length"
"71002","None","Default_Length_Conversion","use_measured_length_type"
"71003","None","Default_TS_Relationship","non_scaling"
"71003","None","Specific_TS_Relationship","non_scaling"
"71003","None","Primary_Length_Type","total_length"
"71003","None","Secondary_Length_Type","total_length"
"71004","None","Default_TS_Relationship","non_scaling"
"71003","None","Default_Length_Conversion","use_measured_length_type"
"71004","None","Specific_TS_Relationship","non_scaling"
"71004","None","Primary_Length_Type","total_length"
"71004","None","Secondary_Length_Type","total_length"
"71004","None","Default_Length_Conversion","use_measured_length_type"
"71005","None","Default_TS_Relationship","non_scaling"
"71005","None","Specific_TS_Relationship","non_scaling"
"71005","None","Primary_Length_Type","total_length"
"71005","None","Secondary_Length_Type","total_length"
"71005","None","Default_Length_Conversion","use_measured_length_type"
"71007","None","Default_TS_Relationship","non_scaling"
"71007","None","Specific_TS_Relationship","non_scaling"
"71007","None","Primary_Length_Type","total_length"
"71007","None","Secondary_Length_Type","total_length"
"71007","None","Default_Length_Conversion","use_measured_length_type"
"71010","None","Default_TS_Relationship","non_scaling"
"71010","None","Specific_TS_Relationship","non_scaling"
"71010","None","Primary_Length_Type","total_length"
"71010","None","Secondary_Length_Type","total_length"
"71010","None","Default_Length_Conversion","use_measured_length_type"
"71011","None","Default_TS_Relationship","non_scaling"
"71011","None","Specific_TS_Relationship","non_scaling"
"71011","None","Primary_Length_Type","total_length"
"71011","None","Secondary_Length_Type","total_length"
"71011","None","Default_Length_Conversion","use_measured_length_type"
"71012","None","Default_TS_Relationship","non_scaling"
"71012","None","Specific_TS_Relationship","non_scaling"
"71012","None","Primary_Length_Type","total_length"
"71012","None","Secondary_Length_Type","total_length"
"71012","None","Default_Length_Conversion","use_measured_length_type"
"71013","None","Default_TS_Relationship","non_scaling"
"71013","None","Specific_TS_Relationship","non_scaling"
"71013","None","Primary_Length_Type","total_length"
"71013","None","Secondary_Length_Type","total_length"
"71013","None","Default_Length_Conversion","use_measured_length_type"
"71014","None","Default_TS_Relationship","non_scaling"
"71014","None","Specific_TS_Relationship","non_scaling"
"71014","None","Primary_Length_Type","total_length"
"71014","None","Secondary_Length_Type","total_length"
"71014","None","Default_Length_Conversion","use_measured_length_type"
"71015","None","Default_TS_Relationship","non_scaling"
"71015","None","Specific_TS_Relationship","non_scaling"
"71015","None","Primary_Length_Type","total_length"
"71015","None","Secondary_Length_Type","total_length"
"71015","None","Default_Length_Conversion","use_measured_length_type"
"71016","None","Default_TS_Relationship","non_scaling"
"71016","None","Specific_TS_Relationship","non_scaling"
"71016","None","Primary_Length_Type","total_length"
"71016","None","Secondary_Length_Type","total_length"
"71016","None","Default_Length_Conversion","use_measured_length_type"
"71018","None","Default_TS_Relationship","non_scaling"
"71018","None","Specific_TS_Relationship","non_scaling"
"71018","None","Primary_Length_Type","total_length"
"71018","None","Secondary_Length_Type","total_length"
"71018","None","Default_Length_Conversion","use_measured_length_type"
"71020","None","Default_TS_Relationship","non_scaling"
"71020","None","Specific_TS_Relationship","non_scaling"
"71020","None","Primary_Length_Type","total_length"
"71020","None","Secondary_Length_Type","total_length"
"71020","None","Default_Length_Conversion","use_measured_length_type"
"71021","None","Default_TS_Relationship","non_scaling"
"71021","None","Specific_TS_Relationship","non_scaling"
"71021","None","Primary_Length_Type","total_length"
"71021","None","Secondary_Length_Type","total_length"
"71021","None","Default_Length_Conversion","use_measured_length_type"
"71022","None","Default_TS_Relationship","non_scaling"
"71022","None","Specific_TS_Relationship","non_scaling"
"71022","None","Primary_Length_Type","total_length"
"71022","None","Secondary_Length_Type","total_length"
"71022","None","Default_Length_Conversion","use_measured_length_type"
"71025","None","Default_TS_Relationship","non_scaling"
"71025","None","Specific_TS_Relationship","non_scaling"
"71025","None","Primary_Length_Type","total_length"
"71025","None","Secondary_Length_Type","total_length"
"71025","None","Default_Length_Conversion","use_measured_length_type"
"71027","None","Default_TS_Relationship","non_scaling"
"71027","None","Specific_TS_Relationship","non_scaling"
"71027","None","Primary_Length_Type","total_length"
"71027","None","Secondary_Length_Type","total_length"
"71027","None","Default_Length_Conversion","use_measured_length_type"
"71030","None","Default_TS_Relationship","non_scaling"
"71030","None","Specific_TS_Relationship","non_scaling"
"71030","None","Primary_Length_Type","total_length"
"71030","None","Secondary_Length_Type","total_length"
"71030","None","Default_Length_Conversion","use_measured_length_type"
"71050","None","Default_TS_Relationship","non_scaling"
"71050","None","Specific_TS_Relationship","non_scaling"
"71050","None","Primary_Length_Type","total_length"
"71050","None","Secondary_Length_Type","total_length"
"71050","None","Default_Length_Conversion","use_measured_length_type"
"71055","None","Default_TS_Relationship","non_scaling"
"71055","None","Specific_TS_Relationship","non_scaling"
"71055","None","Primary_Length_Type","total_length"
"71055","None","Secondary_Length_Type","total_length"
"71055","None","Default_Length_Conversion","use_measured_length_type"
"71080","None","Default_TS_Relationship","non_scaling"
"71080","None","Specific_TS_Relationship","non_scaling"
"71080","None","Primary_Length_Type","total_length"
"71080","None","Secondary_Length_Type","total_length"
"71080","None","Default_Length_Conversion","use_measured_length_type"
"71152","None","Default_TS_Relationship","non_scaling"
"71152","None","Specific_TS_Relationship","non_scaling"
"71152","None","Primary_Length_Type","total_length"
"71152","None","Secondary_Length_Type","total_length"
"71152","None","Default_Length_Conversion","use_measured_length_type"
"71202","None","Default_TS_Relationship","non_scaling"
"71202","None","Specific_TS_Relationship","non_scaling"
"71202","None","Primary_Length_Type","total_length"
"71202","None","Secondary_Length_Type","total_length"
"71202","None","Default_Length_Conversion","use_measured_length_type"
"71230","None","Default_TS_Relationship","non_scaling"
"71230","None","Specific_TS_Relationship","non_scaling"
"71230","None","Primary_Length_Type","total_length"
"71230","None","Secondary_Length_Type","total_length"
"71230","None","Default_Length_Conversion","use_measured_length_type"
"71250","None","Default_TS_Relationship","non_scaling"
"71250","None","Specific_TS_Relationship","non_scaling"
"71250","None","Primary_Length_Type","total_length"
"71250","None","Secondary_Length_Type","total_length"
"71250","None","Default_Length_Conversion","use_measured_length_type"
"71260","None","Default_TS_Relationship","non_scaling"
"71260","None","Specific_TS_Relationship","non_scaling"
"71260","None","Primary_Length_Type","total_length"
"71260","None","Secondary_Length_Type","total_length"
"71260","None","Default_Length_Conversion","use_measured_length_type"
"71291","None","Default_TS_Relationship","non_scaling"
"71291","None","Specific_TS_Relationship","non_scaling"
"71291","None","Primary_Length_Type","total_length"
"71291","None","Secondary_Length_Type","total_length"
"71291","None","Default_Length_Conversion","use_measured_length_type"
"71349","None","Default_TS_Relationship","non_scaling"
"71349","None","Specific_TS_Relationship","non_scaling"
"71349","None","Primary_Length_Type","total_length"
"71349","None","Secondary_Length_Type","total_length"
"71350","None","Specific_TS_Relationship","non_scaling"
"71349","None","Default_Length_Conversion","use_measured_length_type"
"71350","None","Default_TS_Relationship","non_scaling"
"71350","None","Primary_Length_Type","total_length"
"71350","None","Secondary_Length_Type","total_length"
"71350","None","Default_Length_Conversion","use_measured_length_type"
"71351","None","Default_TS_Relationship","non_scaling"
"71351","None","Specific_TS_Relationship","non_scaling"
"71351","None","Primary_Length_Type","total_length"
"71351","None","Secondary_Length_Type","total_length"
"71351","None","Default_Length_Conversion","use_measured_length_type"
"71400","None","Default_TS_Relationship","non_scaling"
"71400","None","Specific_TS_Relationship","non_scaling"
"71400","None","Primary_Length_Type","total_length"
"71400","None","Secondary_Length_Type","total_length"
"71400","None","Default_Length_Conversion","use_measured_length_type"
"71405","None","Default_TS_Relationship","non_scaling"
"71405","None","Specific_TS_Relationship","non_scaling"
"71405","None","Primary_Length_Type","total_length"
"71405","None","Secondary_Length_Type","total_length"
"71405","None","Default_Length_Conversion","use_measured_length_type"
"71500","None","Default_TS_Relationship","non_scaling"
"71500","None","Specific_TS_Relationship","non_scaling"
"71500","None","Primary_Length_Type","total_length"
"71500","None","Secondary_Length_Type","total_length"
"71500","None","Default_Length_Conversion","use_measured_length_type"
"71501","None","Default_TS_Relationship","non_scaling"
"71501","None","Specific_TS_Relationship","non_scaling"
"71501","None","Primary_Length_Type","total_length"
"71501","None","Secondary_Length_Type","total_length"
"71501","None","Default_Length_Conversion","use_measured_length_type"
"71504","None","Default_TS_Relationship","non_scaling"
"71504","None","Specific_TS_Relationship","non_scaling"
"71504","None","Primary_Length_Type","total_length"
"71504","None","Secondary_Length_Type","total_length"
"71504","None","Default_Length_Conversion","use_measured_length_type"
"71510","None","Default_TS_Relationship","non_scaling"
"71510","None","Specific_TS_Relationship","non_scaling"
"71510","None","Primary_Length_Type","total_length"
"71510","None","Secondary_Length_Type","total_length"
"71510","None","Default_Length_Conversion","use_measured_length_type"
"71511","None","Default_TS_Relationship","non_scaling"
"71511","None","Specific_TS_Relationship","non_scaling"
"71511","None","Primary_Length_Type","total_length"
"71511","None","Secondary_Length_Type","total_length"
"71511","None","Default_Length_Conversion","use_measured_length_type"
"71515","None","Default_TS_Relationship","non_scaling"
"71515","None","Specific_TS_Relationship","non_scaling"
"71515","None","Primary_Length_Type","total_length"
"71515","None","Secondary_Length_Type","total_length"
"71515","None","Default_Length_Conversion","use_measured_length_type"
"71516","None","Default_TS_Relationship","non_scaling"
"71516","None","Specific_TS_Relationship","non_scaling"
"71516","None","Primary_Length_Type","total_length"
"71516","None","Secondary_Length_Type","total_length"
"71516","None","Default_Length_Conversion","use_measured_length_type"
"71517","None","Default_TS_Relationship","non_scaling"
"71517","None","Specific_TS_Relationship","non_scaling"
"71517","None","Primary_Length_Type","total_length"
"71517","None","Secondary_Length_Type","total_length"
"71517","None","Default_Length_Conversion","use_measured_length_type"
"71525","None","Default_TS_Relationship","non_scaling"
"71525","None","Specific_TS_Relationship","non_scaling"
"71525","None","Primary_Length_Type","total_length"
"71525","None","Secondary_Length_Type","total_length"
"71525","None","Default_Length_Conversion","use_measured_length_type"
"71526","None","Default_TS_Relationship","non_scaling"
"71526","None","Specific_TS_Relationship","non_scaling"
"71526","None","Primary_Length_Type","total_length"
"71526","None","Secondary_Length_Type","total_length"
"71526","None","Default_Length_Conversion","use_measured_length_type"
"71530","None","Default_TS_Relationship","non_scaling"
"71530","None","Specific_TS_Relationship","non_scaling"
"71530","None","Primary_Length_Type","total_length"
"71530","None","Secondary_Length_Type","total_length"
"71530","None","Default_Length_Conversion","use_measured_length_type"
"71535","None","Default_TS_Relationship","non_scaling"
"71535","None","Specific_TS_Relationship","non_scaling"
"71535","None","Primary_Length_Type","total_length"
"71535","None","Secondary_Length_Type","total_length"
"71535","None","Default_Length_Conversion","use_measured_length_type"
"71537","None","Default_TS_Relationship","non_scaling"
"71537","None","Specific_TS_Relationship","non_scaling"
"71537","None","Primary_Length_Type","total_length"
"71537","None","Secondary_Length_Type","total_length"
"71537","None","Default_Length_Conversion","use_measured_length_type"
"71540","None","Default_TS_Relationship","non_scaling"
"71540","None","Specific_TS_Relationship","non_scaling"
"71540","None","Primary_Length_Type","total_length"
"71540","None","Secondary_Length_Type","total_length"
"71540","None","Default_Length_Conversion","use_measured_length_type"
"71541","None","Default_TS_Relationship","non_scaling"
"71541","None","Specific_TS_Relationship","non_scaling"
"71541","None","Primary_Length_Type","total_length"
"71541","None","Secondary_Length_Type","total_length"
"71541","None","Default_Length_Conversion","use_measured_length_type"
"71542","None","Default_TS_Relationship","non_scaling"
"71542","None","Specific_TS_Relationship","non_scaling"
"71542","None","Primary_Length_Type","total_length"
"71542","None","Secondary_Length_Type","total_length"
"71542","None","Default_Length_Conversion","use_measured_length_type"
"71570","None","Default_TS_Relationship","non_scaling"
"71570","None","Specific_TS_Relationship","non_scaling"
"71570","None","Primary_Length_Type","total_length"
"71570","None","Secondary_Length_Type","total_length"
"71570","None","Default_Length_Conversion","use_measured_length_type"
"71575","None","Default_TS_Relationship","non_scaling"
"71575","None","Specific_TS_Relationship","non_scaling"
"71575","None","Primary_Length_Type","total_length"
"71575","None","Secondary_Length_Type","total_length"
"71575","None","Default_Length_Conversion","use_measured_length_type"
"71580","None","Default_TS_Relationship","non_scaling"
"71580","None","Specific_TS_Relationship","non_scaling"
"71580","None","Primary_Length_Type","total_length"
"71580","None","Secondary_Length_Type","total_length"
"71580","None","Default_Length_Conversion","use_measured_length_type"
"71584","None","Default_TS_Relationship","non_scaling"
"71584","None","Specific_TS_Relationship","non_scaling"
"71584","None","Primary_Length_Type","total_length"
"71584","None","Secondary_Length_Type","total_length"
"71584","None","Default_Length_Conversion","use_measured_length_type"
"71585","None","Default_TS_Relationship","non_scaling"
"71585","None","Specific_TS_Relationship","non_scaling"
"71585","None","Primary_Length_Type","total_length"
"71585","None","Secondary_Length_Type","total_length"
"71585","None","Default_Length_Conversion","use_measured_length_type"
"71586","None","Default_TS_Relationship","non_scaling"
"71586","None","Specific_TS_Relationship","non_scaling"
"71586","None","Primary_Length_Type","total_length"
"71586","None","Secondary_Length_Type","total_length"
"71586","None","Default_Length_Conversion","use_measured_length_type"
"71590","None","Default_TS_Relationship","non_scaling"
"71590","None","Specific_TS_Relationship","non_scaling"
"71590","None","Primary_Length_Type","total_length"
"71590","None","Secondary_Length_Type","total_length"
"71631","None","Specific_TS_Relationship","non_scaling"
"71590","None","Default_Length_Conversion","use_measured_length_type"
"71631","None","Default_TS_Relationship","non_scaling"
"71631","None","Primary_Length_Type","total_length"
"71631","None","Secondary_Length_Type","total_length"
"71631","None","Default_Length_Conversion","use_measured_length_type"
"71634","None","Default_TS_Relationship","non_scaling"
"71634","None","Specific_TS_Relationship","non_scaling"
"71634","None","Primary_Length_Type","total_length"
"71634","None","Secondary_Length_Type","total_length"
"71634","None","Default_Length_Conversion","use_measured_length_type"
"71635","None","Default_TS_Relationship","non_scaling"
"71635","None","Specific_TS_Relationship","non_scaling"
"71635","None","Primary_Length_Type","total_length"
"71635","None","Secondary_Length_Type","total_length"
"71635","None","Default_Length_Conversion","use_measured_length_type"
"71640","None","Default_TS_Relationship","non_scaling"
"71640","None","Specific_TS_Relationship","non_scaling"
"71640","None","Primary_Length_Type","total_length"
"71640","None","Secondary_Length_Type","total_length"
"71640","None","Default_Length_Conversion","use_measured_length_type"
"71681","None","Default_TS_Relationship","non_scaling"
"71681","None","Specific_TS_Relationship","non_scaling"
"71681","None","Primary_Length_Type","total_length"
"71681","None","Secondary_Length_Type","total_length"
"71681","None","Default_Length_Conversion","use_measured_length_type"
"71700","None","Default_TS_Relationship","non_scaling"
"71700","None","Specific_TS_Relationship","non_scaling"
"71700","None","Primary_Length_Type","total_length"
"71700","None","Secondary_Length_Type","total_length"
"71700","None","Default_Length_Conversion","use_measured_length_type"
"71710","None","Default_TS_Relationship","non_scaling"
"71710","None","Specific_TS_Relationship","non_scaling"
"71710","None","Primary_Length_Type","total_length"
"71710","None","Secondary_Length_Type","total_length"
"71710","None","Default_Length_Conversion","use_measured_length_type"
"71714","None","Default_TS_Relationship","non_scaling"
"71714","None","Specific_TS_Relationship","non_scaling"
"71714","None","Primary_Length_Type","total_length"
"71714","None","Secondary_Length_Type","total_length"
"71714","None","Default_Length_Conversion","use_measured_length_type"
"71715","None","Default_TS_Relationship","non_scaling"
"71715","None","Specific_TS_Relationship","non_scaling"
"71715","None","Primary_Length_Type","total_length"
"71715","None","Secondary_Length_Type","total_length"
"71715","None","Default_Length_Conversion","use_measured_length_type"
"71716","None","Default_TS_Relationship","non_scaling"
"71716","None","Specific_TS_Relationship","non_scaling"
"71716","None","Primary_Length_Type","total_length"
"71716","None","Secondary_Length_Type","total_length"
"71716","None","Default_Length_Conversion","use_measured_length_type"
"71718","None","Default_TS_Relationship","non_scaling"
"71718","None","Specific_TS_Relationship","non_scaling"
"71718","None","Primary_Length_Type","total_length"
"71718","None","Secondary_Length_Type","total_length"
"71718","None","Default_Length_Conversion","use_measured_length_type"
"71719","None","Default_TS_Relationship","non_scaling"
"71719","None","Specific_TS_Relationship","non_scaling"
"71719","None","Primary_Length_Type","total_length"
"71719","None","Secondary_Length_Type","total_length"
"71719","None","Default_Length_Conversion","use_measured_length_type"
"71720","None","Default_TS_Relationship","non_scaling"
"71720","None","Specific_TS_Relationship","non_scaling"
"71720","None","Primary_Length_Type","total_length"
"71720","None","Secondary_Length_Type","total_length"
"71720","None","Default_Length_Conversion","use_measured_length_type"
"71721","None","Default_TS_Relationship","non_scaling"
"71721","None","Specific_TS_Relationship","non_scaling"
"71721","None","Primary_Length_Type","total_length"
"71721","None","Secondary_Length_Type","total_length"
"71721","None","Default_Length_Conversion","use_measured_length_type"
"71722","None","Default_TS_Relationship","non_scaling"
"71722","None","Specific_TS_Relationship","non_scaling"
"71722","None","Primary_Length_Type","total_length"
"71722","None","Secondary_Length_Type","total_length"
"71722","None","Default_Length_Conversion","use_measured_length_type"
"71723","None","Default_TS_Relationship","non_scaling"
"71723","None","Specific_TS_Relationship","non_scaling"
"71723","None","Primary_Length_Type","total_length"
"71723","None","Secondary_Length_Type","total_length"
"71723","None","Default_Length_Conversion","use_measured_length_type"
"71724","None","Default_TS_Relationship","non_scaling"
"71724","None","Specific_TS_Relationship","non_scaling"
"71724","None","Primary_Length_Type","total_length"
"71724","None","Secondary_Length_Type","total_length"
"71724","None","Default_Length_Conversion","use_measured_length_type"
"71725","None","Default_TS_Relationship","non_scaling"
"71725","None","Specific_TS_Relationship","non_scaling"
"71725","None","Primary_Length_Type","total_length"
"71725","None","Secondary_Length_Type","total_length"
"71725","None","Default_Length_Conversion","use_measured_length_type"
"71726","None","Default_TS_Relationship","non_scaling"
"71726","None","Specific_TS_Relationship","non_scaling"
"71726","None","Primary_Length_Type","total_length"
"71726","None","Secondary_Length_Type","total_length"
"71726","None","Default_Length_Conversion","use_measured_length_type"
"71727","None","Default_TS_Relationship","non_scaling"
"71727","None","Specific_TS_Relationship","non_scaling"
"71727","None","Primary_Length_Type","total_length"
"71727","None","Secondary_Length_Type","total_length"
"71727","None","Default_Length_Conversion","use_measured_length_type"
"71728","None","Default_TS_Relationship","non_scaling"
"71728","None","Specific_TS_Relationship","non_scaling"
"71728","None","Primary_Length_Type","total_length"
"71728","None","Secondary_Length_Type","total_length"
"71728","None","Default_Length_Conversion","use_measured_length_type"
"71730","None","Default_TS_Relationship","non_scaling"
"71730","None","Specific_TS_Relationship","non_scaling"
"71730","None","Primary_Length_Type","total_length"
"71730","None","Secondary_Length_Type","total_length"
"71730","None","Default_Length_Conversion","use_measured_length_type"
"71731","None","Default_TS_Relationship","non_scaling"
"71731","None","Specific_TS_Relationship","non_scaling"
"71731","None","Primary_Length_Type","total_length"
"71731","None","Secondary_Length_Type","total_length"
"71731","None","Default_Length_Conversion","use_measured_length_type"
"71732","None","Default_TS_Relationship","non_scaling"
"71732","None","Specific_TS_Relationship","non_scaling"
"71732","None","Primary_Length_Type","total_length"
"71732","None","Secondary_Length_Type","total_length"
"71732","None","Default_Length_Conversion","use_measured_length_type"
"71733","None","Default_TS_Relationship","non_scaling"
"71733","None","Specific_TS_Relationship","non_scaling"
"71733","None","Primary_Length_Type","total_length"
"71733","None","Secondary_Length_Type","total_length"
"71733","None","Default_Length_Conversion","use_measured_length_type"
"71734","None","Default_TS_Relationship","non_scaling"
"71734","None","Specific_TS_Relationship","non_scaling"
"71734","None","Primary_Length_Type","total_length"
"71734","None","Secondary_Length_Type","total_length"
"71734","None","Default_Length_Conversion","use_measured_length_type"
"71739","None","Default_TS_Relationship","non_scaling"
"71739","None","Specific_TS_Relationship","non_scaling"
"71739","None","Primary_Length_Type","total_length"
"71739","None","Secondary_Length_Type","total_length"
"80731","None","Specific_TS_Relationship","non_scaling"
"80730","None","Default_Length_Conversion","use_measured_length_type"
"80731","None","Default_TS_Relationship","non_scaling"
"80731","None","Primary_Length_Type","total_length"
"80731","None","Secondary_Length_Type","total_length"
"80731","None","Default_Length_Conversion","use_measured_length_type"
"80732","None","Default_TS_Relationship","non_scaling"
"80732","None","Specific_TS_Relationship","non_scaling"
"80732","None","Primary_Length_Type","total_length"
"80732","None","Secondary_Length_Type","total_length"
"80732","None","Default_Length_Conversion","use_measured_length_type"
"80800","None","Default_TS_Relationship","non_scaling"
"80800","None","Specific_TS_Relationship","non_scaling"
"80800","None","Primary_Length_Type","total_length"
"80800","None","Secondary_Length_Type","total_length"
"80800","None","Default_Length_Conversion","use_measured_length_type"
"80810","None","Default_TS_Relationship","non_scaling"
"80810","None","Specific_TS_Relationship","non_scaling"
"80810","None","Primary_Length_Type","total_length"
"80810","None","Secondary_Length_Type","total_length"
"80810","None","Default_Length_Conversion","use_measured_length_type"
"80910","None","Default_TS_Relationship","non_scaling"
"80910","None","Specific_TS_Relationship","non_scaling"
"80910","None","Primary_Length_Type","total_length"
"80910","None","Secondary_Length_Type","total_length"
"80910","None","Default_Length_Conversion","use_measured_length_type"
"80915","None","Default_TS_Relationship","non_scaling"
"80915","None","Specific_TS_Relationship","non_scaling"
"80915","None","Primary_Length_Type","total_length"
"80915","None","Secondary_Length_Type","total_length"
"80915","None","Default_Length_Conversion","use_measured_length_type"
"81060","None","Default_TS_Relationship","non_scaling"
"81060","None","Specific_TS_Relationship","non_scaling"
"81060","None","Primary_Length_Type","total_length"
"81060","None","Secondary_Length_Type","total_length"
"81060","None","Default_Length_Conversion","use_measured_length_type"
"81061","None","Default_TS_Relationship","non_scaling"
"81061","None","Specific_TS_Relationship","non_scaling"
"81061","None","Primary_Length_Type","total_length"
"81061","None","Secondary_Length_Type","total_length"
"81061","None","Default_Length_Conversion","use_measured_length_type"
"81062","None","Default_TS_Relationship","non_scaling"
"81062","None","Specific_TS_Relationship","non_scaling"
"81062","None","Primary_Length_Type","total_length"
"81062","None","Secondary_Length_Type","total_length"
"81062","None","Default_Length_Conversion","use_measured_length_type"
"81063","None","Default_TS_Relationship","non_scaling"
"81063","None","Specific_TS_Relationship","non_scaling"
"81063","None","Primary_Length_Type","total_length"
"81063","None","Secondary_Length_Type","total_length"
"81063","None","Default_Length_Conversion","use_measured_length_type"
"81064","None","Default_TS_Relationship","non_scaling"
"81064","None","Specific_TS_Relationship","non_scaling"
"81064","None","Primary_Length_Type","total_length"
"81064","None","Secondary_Length_Type","total_length"
"81064","None","Default_Length_Conversion","use_measured_length_type"
"81065","None","Default_TS_Relationship","non_scaling"
"81065","None","Specific_TS_Relationship","non_scaling"
"81065","None","Primary_Length_Type","total_length"
"81065","None","Secondary_Length_Type","total_length"
"81065","None","Default_Length_Conversion","use_measured_length_type"
"81066","None","Default_TS_Relationship","non_scaling"
"81066","None","Specific_TS_Relationship","non_scaling"
"81066","None","Primary_Length_Type","total_length"
"81066","None","Secondary_Length_Type","total_length"
"81066","None","Default_Length_Conversion","use_measured_length_type"
"81067","None","Default_TS_Relationship","non_scaling"
"81067","None","Specific_TS_Relationship","non_scaling"
"81067","None","Primary_Length_Type","total_length"
"81067","None","Secondary_Length_Type","total_length"
"81067","None","Default_Length_Conversion","use_measured_length_type"
"81080","None","Default_TS_Relationship","non_scaling"
"81080","None","Specific_TS_Relationship","non_scaling"
"81080","None","Primary_Length_Type","total_length"
"81080","None","Secondary_Length_Type","total_length"
"81080","None","Default_Length_Conversion","use_measured_length_type"
"81090","None","Default_TS_Relationship","non_scaling"
"81090","None","Specific_TS_Relationship","non_scaling"
"81090","None","Primary_Length_Type","total_length"
"81090","None","Secondary_Length_Type","total_length"
"81090","None","Default_Length_Conversion","use_measured_length_type"
"81092","None","Default_TS_Relationship","non_scaling"
"81092","None","Specific_TS_Relationship","non_scaling"
"81092","None","Primary_Length_Type","total_length"
"81092","None","Secondary_Length_Type","total_length"
"81092","None","Default_Length_Conversion","use_measured_length_type"
"81095","None","Default_TS_Relationship","non_scaling"
"81095","None","Specific_TS_Relationship","non_scaling"
"81095","None","Primary_Length_Type","total_length"
"81095","None","Secondary_Length_Type","total_length"
"81095","None","Default_Length_Conversion","use_measured_length_type"
"81100","None","Default_TS_Relationship","non_scaling"
"81100","None","Specific_TS_Relationship","non_scaling"
"81100","None","Primary_Length_Type","total_length"
"81100","None","Secondary_Length_Type","total_length"
"81100","None","Default_Length_Conversion","use_measured_length_type"
"81120","None","Default_TS_Relationship","non_scaling"
"81120","None","Specific_TS_Relationship","non_scaling"
"81120","None","Primary_Length_Type","total_length"
"81120","None","Secondary_Length_Type","total_length"
"81120","None","Default_Length_Conversion","use_measured_length_type"
"81125","None","Default_TS_Relationship","non_scaling"
"81125","None","Specific_TS_Relationship","non_scaling"
"81125","None","Primary_Length_Type","total_length"
"81125","None","Secondary_Length_Type","total_length"
"81125","None","Default_Length_Conversion","use_measured_length_type"
"81130","None","Default_TS_Relationship","non_scaling"
"81130","None","Specific_TS_Relationship","non_scaling"
"81130","None","Primary_Length_Type","total_length"
"81130","None","Secondary_Length_Type","total_length"
"81130","None","Default_Length_Conversion","use_measured_length_type"
"81135","None","Default_TS_Relationship","non_scaling"
"81135","None","Specific_TS_Relationship","non_scaling"
"81135","None","Primary_Length_Type","total_length"
"81135","None","Secondary_Length_Type","total_length"
"81135","None","Default_Length_Conversion","use_measured_length_type"
"81295","None","Default_TS_Relationship","non_scaling"
"81295","None","Specific_TS_Relationship","non_scaling"
"81295","None","Primary_Length_Type","total_length"
"81295","None","Secondary_Length_Type","total_length"
"81295","None","Default_Length_Conversion","use_measured_length_type"
"81310","None","Default_TS_Relationship","non_scaling"
"81310","None","Specific_TS_Relationship","non_scaling"
"81310","None","Primary_Length_Type","total_length"
"81310","None","Secondary_Length_Type","total_length"
"81310","None","Default_Length_Conversion","use_measured_length_type"
"81311","None","Default_TS_Relationship","non_scaling"
"81311","None","Specific_TS_Relationship","non_scaling"
"81311","None","Primary_Length_Type","total_length"
"81311","None","Secondary_Length_Type","total_length"
"81311","None","Default_Length_Conversion","use_measured_length_type"
"81312","None","Default_TS_Relationship","non_scaling"
"81312","None","Specific_TS_Relationship","non_scaling"
"81312","None","Primary_Length_Type","total_length"
"81312","None","Secondary_Length_Type","total_length"
"81313","None","Specific_TS_Relationship","non_scaling"
"81312","None","Default_Length_Conversion","use_measured_length_type"
"81313","None","Default_TS_Relationship","non_scaling"
"81313","None","Primary_Length_Type","total_length"
"81313","None","Secondary_Length_Type","total_length"
"81313","None","Default_Length_Conversion","use_measured_length_type"
"81314","None","Default_TS_Relationship","non_scaling"
"81314","None","Specific_TS_Relationship","non_scaling"
"81314","None","Primary_Length_Type","total_length"
"81314","None","Secondary_Length_Type","total_length"
"81314","None","Default_Length_Conversion","use_measured_length_type"
"81315","None","Default_TS_Relationship","non_scaling"
"81315","None","Specific_TS_Relationship","non_scaling"
"81315","None","Primary_Length_Type","total_length"
"81315","None","Secondary_Length_Type","total_length"
"81315","None","Default_Length_Conversion","use_measured_length_type"
"81316","None","Default_TS_Relationship","non_scaling"
"81316","None","Specific_TS_Relationship","non_scaling"
"81316","None","Primary_Length_Type","total_length"
"81316","None","Secondary_Length_Type","total_length"
"81316","None","Default_Length_Conversion","use_measured_length_type"
"81320","None","Default_TS_Relationship","non_scaling"
"81320","None","Specific_TS_Relationship","non_scaling"
"81320","None","Primary_Length_Type","total_length"
"81320","None","Secondary_Length_Type","total_length"
"81320","None","Default_Length_Conversion","use_measured_length_type"
"81321","None","Default_TS_Relationship","non_scaling"
"81321","None","Specific_TS_Relationship","non_scaling"
"81321","None","Primary_Length_Type","total_length"
"81321","None","Secondary_Length_Type","total_length"
"81321","None","Default_Length_Conversion","use_measured_length_type"
"81340","None","Default_TS_Relationship","non_scaling"
"81340","None","Specific_TS_Relationship","non_scaling"
"81340","None","Primary_Length_Type","total_length"
"81340","None","Secondary_Length_Type","total_length"
"81340","None","Default_Length_Conversion","use_measured_length_type"
"81345","None","Default_TS_Relationship","non_scaling"
"81345","None","Specific_TS_Relationship","non_scaling"
"81345","None","Primary_Length_Type","total_length"
"81345","None","Secondary_Length_Type","total_length"
"81345","None","Default_Length_Conversion","use_measured_length_type"
"81350","None","Default_TS_Relationship","non_scaling"
"81350","None","Specific_TS_Relationship","non_scaling"
"81350","None","Primary_Length_Type","total_length"
"81350","None","Secondary_Length_Type","total_length"
"81350","None","Default_Length_Conversion","use_measured_length_type"
"81355","None","Default_TS_Relationship","non_scaling"
"81355","None","Specific_TS_Relationship","non_scaling"
"81355","None","Primary_Length_Type","total_length"
"81355","None","Secondary_Length_Type","total_length"
"81355","None","Default_Length_Conversion","use_measured_length_type"
"81356","None","Default_TS_Relationship","non_scaling"
"81356","None","Specific_TS_Relationship","non_scaling"
"81356","None","Primary_Length_Type","total_length"
"81356","None","Secondary_Length_Type","total_length"
"81356","None","Default_Length_Conversion","use_measured_length_type"
"81360","None","Default_TS_Relationship","non_scaling"
"81360","None","Specific_TS_Relationship","non_scaling"
"81360","None","Primary_Length_Type","total_length"
"81360","None","Secondary_Length_Type","total_length"
"81360","None","Default_Length_Conversion","use_measured_length_type"
"81361","None","Default_TS_Relationship","non_scaling"
"81361","None","Specific_TS_Relationship","non_scaling"
"81361","None","Primary_Length_Type","total_length"
"81361","None","Secondary_Length_Type","total_length"
"81361","None","Default_Length_Conversion","use_measured_length_type"
"81370","None","Default_TS_Relationship","non_scaling"
"81370","None","Specific_TS_Relationship","non_scaling"
"81370","None","Primary_Length_Type","total_length"
"81370","None","Secondary_Length_Type","total_length"
"81370","None","Default_Length_Conversion","use_measured_length_type"
"81741","None","Default_TS_Relationship","non_scaling"
"81741","None","Specific_TS_Relationship","non_scaling"
"81741","None","Primary_Length_Type","total_length"
"81741","None","Secondary_Length_Type","total_length"
"81741","None","Default_Length_Conversion","use_measured_length_type"
"81742","None","Default_TS_Relationship","non_scaling"
"81742","None","Specific_TS_Relationship","non_scaling"
"81742","None","Primary_Length_Type","total_length"
"81742","None","Secondary_Length_Type","total_length"
"81742","None","Default_Length_Conversion","use_measured_length_type"
"81743","None","Default_TS_Relationship","non_scaling"
"81743","None","Specific_TS_Relationship","non_scaling"
"81743","None","Primary_Length_Type","total_length"
"81743","None","Secondary_Length_Type","total_length"
"81743","None","Default_Length_Conversion","use_measured_length_type"
"81779","None","Default_TS_Relationship","non_scaling"
"81779","None","Specific_TS_Relationship","non_scaling"
"81779","None","Primary_Length_Type","total_length"
"81779","None","Secondary_Length_Type","total_length"
"81779","None","Default_Length_Conversion","use_measured_length_type"
"81780","None","Default_TS_Relationship","non_scaling"
"81780","None","Specific_TS_Relationship","non_scaling"
"81780","None","Primary_Length_Type","total_length"
"81780","None","Secondary_Length_Type","total_length"
"81780","None","Default_Length_Conversion","use_measured_length_type"
"81820","None","Default_TS_Relationship","non_scaling"
"81820","None","Specific_TS_Relationship","non_scaling"
"81820","None","Primary_Length_Type","total_length"
"81820","None","Secondary_Length_Type","total_length"
"81820","None","Default_Length_Conversion","use_measured_length_type"
"81830","None","Default_TS_Relationship","non_scaling"
"81830","None","Specific_TS_Relationship","non_scaling"
"81830","None","Primary_Length_Type","total_length"
"81830","None","Secondary_Length_Type","total_length"
"81830","None","Default_Length_Conversion","use_measured_length_type"
"81831","None","Default_TS_Relationship","non_scaling"
"81831","None","Specific_TS_Relationship","non_scaling"
"81831","None","Primary_Length_Type","total_length"
"81831","None","Secondary_Length_Type","total_length"
"81831","None","Default_Length_Conversion","use_measured_length_type"
"81835","None","Default_TS_Relationship","non_scaling"
"81835","None","Specific_TS_Relationship","non_scaling"
"81835","None","Primary_Length_Type","total_length"
"81835","None","Secondary_Length_Type","total_length"
"81835","None","Default_Length_Conversion","use_measured_length_type"
"81840","None","Default_TS_Relationship","non_scaling"
"81840","None","Specific_TS_Relationship","non_scaling"
"81840","None","Primary_Length_Type","total_length"
"81840","None","Secondary_Length_Type","total_length"
"81840","None","Default_Length_Conversion","use_measured_length_type"
"81850","None","Default_TS_Relationship","non_scaling"
"81850","None","Specific_TS_Relationship","non_scaling"
"81850","None","Primary_Length_Type","total_length"
"81850","None","Secondary_Length_Type","total_length"
"81850","None","Default_Length_Conversion","use_measured_length_type"
"81860","None","Default_TS_Relationship","non_scaling"
"81860","None","Specific_TS_Relationship","non_scaling"
"81860","None","Primary_Length_Type","total_length"
"81860","None","Secondary_Length_Type","total_length"
"81860","None","Default_Length_Conversion","use_measured_length_type"
"81870","None","Default_TS_Relationship","non_scaling"
"81870","None","Specific_TS_Relationship","non_scaling"
"81870","None","Primary_Length_Type","total_length"
"81870","None","Secondary_Length_Type","total_length"
"71892","None","Default_Length_Conversion","use_measured_length_type"
"71893","None","Specific_TS_Relationship","non_scaling"
"71893","None","Default_TS_Relationship","non_scaling"
"71893","None","Primary_Length_Type","total_length"
"71893","None","Secondary_Length_Type","total_length"
"71893","None","Default_Length_Conversion","use_measured_length_type"
"71894","None","Default_TS_Relationship","non_scaling"
"71894","None","Specific_TS_Relationship","non_scaling"
"71894","None","Primary_Length_Type","total_length"
"71894","None","Secondary_Length_Type","total_length"
"71894","None","Default_Length_Conversion","use_measured_length_type"
"71895","None","Default_TS_Relationship","non_scaling"
"71895","None","Specific_TS_Relationship","non_scaling"
"71895","None","Primary_Length_Type","total_length"
"71895","None","Secondary_Length_Type","total_length"
"71895","None","Default_Length_Conversion","use_measured_length_type"
"71896","None","Default_TS_Relationship","non_scaling"
"71896","None","Specific_TS_Relationship","non_scaling"
"71896","None","Primary_Length_Type","total_length"
"71896","None","Secondary_Length_Type","total_length"
"71896","None","Default_Length_Conversion","use_measured_length_type"
"71900","None","Default_TS_Relationship","non_scaling"
"71900","None","Specific_TS_Relationship","non_scaling"
"71900","None","Primary_Length_Type","total_length"
"71900","None","Secondary_Length_Type","total_length"
"71900","None","Default_Length_Conversion","use_measured_length_type"
"71901","None","Default_TS_Relationship","non_scaling"
"71901","None","Specific_TS_Relationship","non_scaling"
"71901","None","Primary_Length_Type","total_length"
"71901","None","Secondary_Length_Type","total_length"
"71901","None","Default_Length_Conversion","use_measured_length_type"
"71902","None","Default_TS_Relationship","non_scaling"
"71902","None","Specific_TS_Relationship","non_scaling"
"71902","None","Primary_Length_Type","total_length"
"71902","None","Secondary_Length_Type","total_length"
"71902","None","Default_Length_Conversion","use_measured_length_type"
"71904","None","Default_TS_Relationship","non_scaling"
"71904","None","Specific_TS_Relationship","non_scaling"
"71904","None","Primary_Length_Type","total_length"
"71904","None","Secondary_Length_Type","total_length"
"71904","None","Default_Length_Conversion","use_measured_length_type"
"71905","None","Default_TS_Relationship","non_scaling"
"71905","None","Specific_TS_Relationship","non_scaling"
"71905","None","Primary_Length_Type","total_length"
"71905","None","Secondary_Length_Type","total_length"
"71905","None","Default_Length_Conversion","use_measured_length_type"
"71906","None","Default_TS_Relationship","non_scaling"
"71906","None","Specific_TS_Relationship","non_scaling"
"71906","None","Primary_Length_Type","total_length"
"71906","None","Secondary_Length_Type","total_length"
"71906","None","Default_Length_Conversion","use_measured_length_type"
"71910","None","Default_TS_Relationship","non_scaling"
"71910","None","Specific_TS_Relationship","non_scaling"
"71910","None","Primary_Length_Type","total_length"
"71910","None","Secondary_Length_Type","total_length"
"71910","None","Default_Length_Conversion","use_measured_length_type"
"71911","None","Default_TS_Relationship","non_scaling"
"71911","None","Specific_TS_Relationship","non_scaling"
"71911","None","Primary_Length_Type","total_length"
"71911","None","Secondary_Length_Type","total_length"
"71911","None","Default_Length_Conversion","use_measured_length_type"
"71912","None","Default_TS_Relationship","non_scaling"
"71912","None","Specific_TS_Relationship","non_scaling"
"71912","None","Primary_Length_Type","total_length"
"71912","None","Secondary_Length_Type","total_length"
"71912","None","Default_Length_Conversion","use_measured_length_type"
"71960","None","Default_TS_Relationship","non_scaling"
"71960","None","Specific_TS_Relationship","non_scaling"
"71960","None","Primary_Length_Type","total_length"
"71960","None","Secondary_Length_Type","total_length"
"71960","None","Default_Length_Conversion","use_measured_length_type"
"72019","None","Default_TS_Relationship","non_scaling"
"72019","None","Specific_TS_Relationship","non_scaling"
"72019","None","Primary_Length_Type","total_length"
"72019","None","Secondary_Length_Type","total_length"
"72019","None","Default_Length_Conversion","use_measured_length_type"
"72020","None","Default_TS_Relationship","non_scaling"
"72020","None","Specific_TS_Relationship","non_scaling"
"72020","None","Primary_Length_Type","total_length"
"72020","None","Secondary_Length_Type","total_length"
"72020","None","Default_Length_Conversion","use_measured_length_type"
"72021","None","Default_TS_Relationship","non_scaling"
"72021","None","Specific_TS_Relationship","non_scaling"
"72021","None","Primary_Length_Type","total_length"
"72021","None","Secondary_Length_Type","total_length"
"72021","None","Default_Length_Conversion","use_measured_length_type"
"72022","None","Default_TS_Relationship","non_scaling"
"72022","None","Specific_TS_Relationship","non_scaling"
"72022","None","Primary_Length_Type","total_length"
"72022","None","Secondary_Length_Type","total_length"
"72022","None","Default_Length_Conversion","use_measured_length_type"
"72059","None","Default_TS_Relationship","non_scaling"
"72059","None","Specific_TS_Relationship","non_scaling"
"72059","None","Primary_Length_Type","total_length"
"72059","None","Secondary_Length_Type","total_length"
"72059","None","Default_Length_Conversion","use_measured_length_type"
"72060","None","Default_TS_Relationship","non_scaling"
"72060","None","Specific_TS_Relationship","non_scaling"
"72060","None","Primary_Length_Type","total_length"
"72060","None","Secondary_Length_Type","total_length"
"72060","None","Default_Length_Conversion","use_measured_length_type"
"72063","None","Default_TS_Relationship","non_scaling"
"72063","None","Specific_TS_Relationship","non_scaling"
"72063","None","Primary_Length_Type","total_length"
"72063","None","Secondary_Length_Type","total_length"
"72063","None","Default_Length_Conversion","use_measured_length_type"
"72065","None","Default_TS_Relationship","non_scaling"
"72065","None","Specific_TS_Relationship","non_scaling"
"72065","None","Primary_Length_Type","total_length"
"72065","None","Secondary_Length_Type","total_length"
"72065","None","Default_Length_Conversion","use_measured_length_type"
"72100","None","Default_TS_Relationship","non_scaling"
"72100","None","Specific_TS_Relationship","non_scaling"
"72100","None","Primary_Length_Type","total_length"
"72100","None","Secondary_Length_Type","total_length"
"72100","None","Default_Length_Conversion","use_measured_length_type"
"72103","None","Default_TS_Relationship","non_scaling"
"72103","None","Specific_TS_Relationship","non_scaling"
"72103","None","Primary_Length_Type","total_length"
"72103","None","Secondary_Length_Type","total_length"
"72103","None","Default_Length_Conversion","use_measured_length_type"
"72104","None","Default_TS_Relationship","non_scaling"
"72104","None","Specific_TS_Relationship","non_scaling"
"72104","None","Primary_Length_Type","total_length"
"72104","None","Secondary_Length_Type","total_length"
"72104","None","Default_Length_Conversion","use_measured_length_type"
"72106","None","Default_TS_Relationship","non_scaling"
"72106","None","Specific_TS_Relationship","non_scaling"
"72106","None","Primary_Length_Type","total_length"
"72106","None","Secondary_Length_Type","total_length"
"72106","None","Default_Length_Conversion","use_measured_length_type"
"72181","None","Default_TS_Relationship","non_scaling"
"72181","None","Specific_TS_Relationship","non_scaling"
"72181","None","Primary_Length_Type","total_length"
"72181","None","Secondary_Length_Type","total_length"
"72181","None","Default_Length_Conversion","use_measured_length_type"
"72182","None","Default_TS_Relationship","non_scaling"
"72182","None","Specific_TS_Relationship","non_scaling"
"72182","None","Primary_Length_Type","total_length"
"72182","None","Secondary_Length_Type","total_length"
"72182","None","Default_Length_Conversion","use_measured_length_type"
"72183","None","Default_TS_Relationship","non_scaling"
"72183","None","Specific_TS_Relationship","non_scaling"
"72183","None","Primary_Length_Type","total_length"
"72183","None","Secondary_Length_Type","total_length"
"72183","None","Default_Length_Conversion","use_measured_length_type"
"72300","None","Default_TS_Relationship","non_scaling"
"72300","None","Specific_TS_Relationship","non_scaling"
"72300","None","Primary_Length_Type","total_length"
"72300","None","Secondary_Length_Type","total_length"
"72300","None","Default_Length_Conversion","use_measured_length_type"
"72302","None","Default_TS_Relationship","non_scaling"
"72302","None","Specific_TS_Relationship","non_scaling"
"72302","None","Primary_Length_Type","total_length"
"72302","None","Secondary_Length_Type","total_length"
"72302","None","Default_Length_Conversion","use_measured_length_type"
"72303","None","Default_TS_Relationship","non_scaling"
"72303","None","Specific_TS_Relationship","non_scaling"
"72303","None","Primary_Length_Type","total_length"
"72303","None","Secondary_Length_Type","total_length"
"72303","None","Default_Length_Conversion","use_measured_length_type"
"72304","None","Default_TS_Relationship","non_scaling"
"72304","None","Specific_TS_Relationship","non_scaling"
"72304","None","Primary_Length_Type","total_length"
"72304","None","Secondary_Length_Type","total_length"
"72304","None","Default_Length_Conversion","use_measured_length_type"
"72305","None","Default_TS_Relationship","non_scaling"
"72305","None","Specific_TS_Relationship","non_scaling"
"72305","None","Primary_Length_Type","total_length"
"72305","None","Secondary_Length_Type","total_length"
"72305","None","Default_Length_Conversion","use_measured_length_type"
"72370","None","Default_TS_Relationship","non_scaling"
"72370","None","Specific_TS_Relationship","non_scaling"
"72370","None","Primary_Length_Type","total_length"
"72370","None","Secondary_Length_Type","total_length"
"72370","None","Default_Length_Conversion","use_measured_length_type"
"72380","None","Default_TS_Relationship","non_scaling"
"72380","None","Specific_TS_Relationship","non_scaling"
"72380","None","Primary_Length_Type","total_length"
"72380","None","Secondary_Length_Type","total_length"
"72380","None","Default_Length_Conversion","use_measured_length_type"
"72395","None","Default_TS_Relationship","non_scaling"
"72395","None","Specific_TS_Relationship","non_scaling"
"72395","None","Primary_Length_Type","total_length"
"72395","None","Secondary_Length_Type","total_length"
"72395","None","Default_Length_Conversion","use_measured_length_type"
"72403","None","Default_TS_Relationship","non_scaling"
"72403","None","Specific_TS_Relationship","non_scaling"
"72403","None","Primary_Length_Type","total_length"
"72403","None","Secondary_Length_Type","total_length"
"72403","None","Default_Length_Conversion","use_measured_length_type"
"72406","None","Default_TS_Relationship","non_scaling"
"72406","None","Specific_TS_Relationship","non_scaling"
"72406","None","Primary_Length_Type","total_length"
"72406","None","Secondary_Length_Type","total_length"
"72406","None","Default_Length_Conversion","use_measured_length_type"
"72407","None","Default_TS_Relationship","non_scaling"
"72407","None","Specific_TS_Relationship","non_scaling"
"72407","None","Primary_Length_Type","total_length"
"72407","None","Secondary_Length_Type","total_length"
"72407","None","Default_Length_Conversion","use_measured_length_type"
"72420","None","Default_TS_Relationship","non_scaling"
"72420","None","Specific_TS_Relationship","non_scaling"
"72420","None","Primary_Length_Type","total_length"
"72420","None","Secondary_Length_Type","total_length"
"72420","None","Default_Length_Conversion","use_measured_length_type"
"72421","None","Default_TS_Relationship","non_scaling"
"72421","None","Specific_TS_Relationship","non_scaling"
"72421","None","Primary_Length_Type","total_length"
"72421","None","Secondary_Length_Type","total_length"
"72421","None","Default_Length_Conversion","use_measured_length_type"
"72423","None","Default_TS_Relationship","non_scaling"
"72423","None","Specific_TS_Relationship","non_scaling"
"72423","None","Primary_Length_Type","total_length"
"72423","None","Secondary_Length_Type","total_length"
"72423","None","Default_Length_Conversion","use_measured_length_type"
"72500","None","Default_TS_Relationship","non_scaling"
"72500","None","Specific_TS_Relationship","non_scaling"
"72500","None","Primary_Length_Type","total_length"
"72500","None","Secondary_Length_Type","total_length"
"72500","None","Default_Length_Conversion","use_measured_length_type"
"72501","None","Default_TS_Relationship","non_scaling"
"72501","None","Specific_TS_Relationship","non_scaling"
"72501","None","Primary_Length_Type","total_length"
"72501","None","Secondary_Length_Type","total_length"
"72501","None","Default_Length_Conversion","use_measured_length_type"
"72510","None","Default_TS_Relationship","non_scaling"
"72510","None","Specific_TS_Relationship","non_scaling"
"72510","None","Primary_Length_Type","total_length"
"72510","None","Secondary_Length_Type","total_length"
"72510","None","Default_Length_Conversion","use_measured_length_type"
"72511","None","Default_TS_Relationship","non_scaling"
"72511","None","Specific_TS_Relationship","non_scaling"
"72511","None","Primary_Length_Type","total_length"
"72511","None","Secondary_Length_Type","total_length"
"72511","None","Default_Length_Conversion","use_measured_length_type"
"72512","None","Default_TS_Relationship","non_scaling"
"72512","None","Specific_TS_Relationship","non_scaling"
"72512","None","Primary_Length_Type","total_length"
"72512","None","Secondary_Length_Type","total_length"
"72512","None","Default_Length_Conversion","use_measured_length_type"
"72515","None","Default_TS_Relationship","non_scaling"
"72515","None","Specific_TS_Relationship","non_scaling"
"72515","None","Primary_Length_Type","total_length"
"72515","None","Secondary_Length_Type","total_length"
"72515","None","Default_Length_Conversion","use_measured_length_type"
"72520","None","Default_TS_Relationship","non_scaling"
"72520","None","Specific_TS_Relationship","non_scaling"
"72520","None","Primary_Length_Type","total_length"
"72520","None","Secondary_Length_Type","total_length"
"72520","None","Default_Length_Conversion","use_measured_length_type"
"72525","None","Default_TS_Relationship","non_scaling"
"72525","None","Specific_TS_Relationship","non_scaling"
"72525","None","Primary_Length_Type","total_length"
"72525","None","Secondary_Length_Type","total_length"
"72525","None","Default_Length_Conversion","use_measured_length_type"
"72527","None","Default_TS_Relationship","non_scaling"
"72527","None","Specific_TS_Relationship","non_scaling"
"72527","None","Primary_Length_Type","total_length"
"72527","None","Secondary_Length_Type","total_length"
"72527","None","Default_Length_Conversion","use_measured_length_type"
"72531","None","Default_TS_Relationship","non_scaling"
"72531","None","Specific_TS_Relationship","non_scaling"
"72531","None","Primary_Length_Type","total_length"
"72531","None","Secondary_Length_Type","total_length"
"72531","None","Default_Length_Conversion","use_measured_length_type"
"72532","None","Default_TS_Relationship","non_scaling"
"72532","None","Specific_TS_Relationship","non_scaling"
"72532","None","Primary_Length_Type","total_length"
"72532","None","Secondary_Length_Type","total_length"
"72532","None","Default_Length_Conversion","use_measured_length_type"
"72533","None","Default_TS_Relationship","non_scaling"
"72533","None","Specific_TS_Relationship","non_scaling"
"72533","None","Primary_Length_Type","total_length"
"72533","None","Secondary_Length_Type","total_length"
"72533","None","Default_Length_Conversion","use_measured_length_type"
"72534","None","Default_TS_Relationship","non_scaling"
"72534","None","Specific_TS_Relationship","non_scaling"
"72534","None","Primary_Length_Type","total_length"
"72534","None","Secondary_Length_Type","total_length"
"72534","None","Default_Length_Conversion","use_measured_length_type"
"72535","None","Default_TS_Relationship","non_scaling"
"72535","None","Specific_TS_Relationship","non_scaling"
"72535","None","Primary_Length_Type","total_length"
"72535","None","Secondary_Length_Type","total_length"
"72535","None","Default_Length_Conversion","use_measured_length_type"
"72539","None","Default_TS_Relationship","non_scaling"
"72539","None","Specific_TS_Relationship","non_scaling"
"72539","None","Primary_Length_Type","total_length"
"72539","None","Secondary_Length_Type","total_length"
"72539","None","Default_Length_Conversion","use_measured_length_type"
"72540","None","Default_TS_Relationship","non_scaling"
"72540","None","Specific_TS_Relationship","non_scaling"
"72540","None","Primary_Length_Type","total_length"
"72540","None","Secondary_Length_Type","total_length"
"72540","None","Default_Length_Conversion","use_measured_length_type"
"72541","None","Default_TS_Relationship","non_scaling"
"72541","None","Specific_TS_Relationship","non_scaling"
"72541","None","Primary_Length_Type","total_length"
"72541","None","Secondary_Length_Type","total_length"
"72541","None","Default_Length_Conversion","use_measured_length_type"
"72543","None","Default_TS_Relationship","non_scaling"
"72543","None","Specific_TS_Relationship","non_scaling"
"72543","None","Primary_Length_Type","total_length"
"72543","None","Secondary_Length_Type","total_length"
"72543","None","Default_Length_Conversion","use_measured_length_type"
"72544","None","Default_TS_Relationship","non_scaling"
"72544","None","Specific_TS_Relationship","non_scaling"
"72544","None","Primary_Length_Type","total_length"
"72544","None","Secondary_Length_Type","total_length"
"72544","None","Default_Length_Conversion","use_measured_length_type"
"72736","None","Default_TS_Relationship","non_scaling"
"72736","None","Specific_TS_Relationship","non_scaling"
"72736","None","Primary_Length_Type","total_length"
"72736","None","Secondary_Length_Type","total_length"
"72736","None","Default_Length_Conversion","use_measured_length_type"
"72738","None","Default_TS_Relationship","non_scaling"
"72738","None","Specific_TS_Relationship","non_scaling"
"72738","None","Primary_Length_Type","total_length"
"72738","None","Secondary_Length_Type","total_length"
"72738","None","Default_Length_Conversion","use_measured_length_type"
"72739","None","Default_TS_Relationship","non_scaling"
"72739","None","Specific_TS_Relationship","non_scaling"
"72739","None","Primary_Length_Type","total_length"
"72739","None","Secondary_Length_Type","total_length"
"72739","None","Default_Length_Conversion","use_measured_length_type"
"72740","None","Default_TS_Relationship","non_scaling"
"72740","None","Specific_TS_Relationship","non_scaling"
"72740","None","Primary_Length_Type","total_length"
"72740","None","Secondary_Length_Type","total_length"
"72740","None","Default_Length_Conversion","use_measured_length_type"
"72741","None","Default_TS_Relationship","non_scaling"
"72741","None","Specific_TS_Relationship","non_scaling"
"72741","None","Primary_Length_Type","total_length"
"72741","None","Secondary_Length_Type","total_length"
"72741","None","Default_Length_Conversion","use_measured_length_type"
"72742","None","Default_TS_Relationship","non_scaling"
"72742","None","Specific_TS_Relationship","non_scaling"
"72742","None","Primary_Length_Type","total_length"
"72742","None","Secondary_Length_Type","total_length"
"72742","None","Default_Length_Conversion","use_measured_length_type"
"72743","None","Default_TS_Relationship","non_scaling"
"72743","None","Specific_TS_Relationship","non_scaling"
"72743","None","Primary_Length_Type","total_length"
"72743","None","Secondary_Length_Type","total_length"
"72743","None","Default_Length_Conversion","use_measured_length_type"
"72744","None","Default_TS_Relationship","non_scaling"
"72744","None","Specific_TS_Relationship","non_scaling"
"72744","None","Primary_Length_Type","total_length"
"72744","None","Secondary_Length_Type","total_length"
"72744","None","Default_Length_Conversion","use_measured_length_type"
"72745","None","Default_TS_Relationship","non_scaling"
"72745","None","Specific_TS_Relationship","non_scaling"
"72745","None","Primary_Length_Type","total_length"
"72745","None","Secondary_Length_Type","total_length"
"72745","None","Default_Length_Conversion","use_measured_length_type"
"72746","None","Default_TS_Relationship","non_scaling"
"72746","None","Specific_TS_Relationship","non_scaling"
"72746","None","Primary_Length_Type","total_length"
"72746","None","Secondary_Length_Type","total_length"
"72746","None","Default_Length_Conversion","use_measured_length_type"
"72747","None","Default_TS_Relationship","non_scaling"
"72747","None","Specific_TS_Relationship","non_scaling"
"72747","None","Primary_Length_Type","total_length"
"72747","None","Secondary_Length_Type","total_length"
"72747","None","Default_Length_Conversion","use_measured_length_type"
"72748","None","Default_TS_Relationship","non_scaling"
"72748","None","Specific_TS_Relationship","non_scaling"
"72748","None","Primary_Length_Type","total_length"
"72748","None","Secondary_Length_Type","total_length"
"72748","None","Default_Length_Conversion","use_measured_length_type"
"72749","None","Default_TS_Relationship","non_scaling"
"72749","None","Specific_TS_Relationship","non_scaling"
"72749","None","Primary_Length_Type","total_length"
"72749","None","Secondary_Length_Type","total_length"
"72749","None","Default_Length_Conversion","use_measured_length_type"
"72750","None","Default_TS_Relationship","non_scaling"
"72750","None","Specific_TS_Relationship","non_scaling"
"72750","None","Primary_Length_Type","total_length"
"72750","None","Secondary_Length_Type","total_length"
"72750","None","Default_Length_Conversion","use_measured_length_type"
"72751","None","Default_TS_Relationship","non_scaling"
"72751","None","Specific_TS_Relationship","non_scaling"
"72751","None","Primary_Length_Type","total_length"
"72751","None","Secondary_Length_Type","total_length"
"72751","None","Default_Length_Conversion","use_measured_length_type"
"72752","None","Default_TS_Relationship","non_scaling"
"72752","None","Specific_TS_Relationship","non_scaling"
"72752","None","Primary_Length_Type","total_length"
"72752","None","Secondary_Length_Type","total_length"
"72752","None","Default_Length_Conversion","use_measured_length_type"
"72753","None","Default_TS_Relationship","non_scaling"
"72753","None","Specific_TS_Relationship","non_scaling"
"72753","None","Primary_Length_Type","total_length"
"72753","None","Secondary_Length_Type","total_length"
"72753","None","Default_Length_Conversion","use_measured_length_type"
"72754","None","Default_TS_Relationship","non_scaling"
"72754","None","Specific_TS_Relationship","non_scaling"
"72754","None","Primary_Length_Type","total_length"
"72754","None","Secondary_Length_Type","total_length"
"72754","None","Default_Length_Conversion","use_measured_length_type"
"72755","None","Default_TS_Relationship","non_scaling"
"72755","None","Specific_TS_Relationship","non_scaling"
"72755","None","Primary_Length_Type","total_length"
"72755","None","Secondary_Length_Type","total_length"
"72755","None","Default_Length_Conversion","use_measured_length_type"
"72756","None","Default_TS_Relationship","non_scaling"
"72756","None","Specific_TS_Relationship","non_scaling"
"72756","None","Primary_Length_Type","total_length"
"72756","None","Secondary_Length_Type","total_length"
"72756","None","Default_Length_Conversion","use_measured_length_type"
"72757","None","Default_TS_Relationship","non_scaling"
"72757","None","Specific_TS_Relationship","non_scaling"
"72757","None","Primary_Length_Type","total_length"
"72757","None","Secondary_Length_Type","total_length"
"72757","None","Default_Length_Conversion","use_measured_length_type"
"72758","None","Default_TS_Relationship","non_scaling"
"72758","None","Specific_TS_Relationship","non_scaling"
"72758","None","Primary_Length_Type","total_length"
"72758","None","Secondary_Length_Type","total_length"
"72758","None","Default_Length_Conversion","use_measured_length_type"
"72759","None","Default_TS_Relationship","non_scaling"
"72759","None","Specific_TS_Relationship","non_scaling"
"72759","None","Primary_Length_Type","total_length"
"72759","None","Secondary_Length_Type","total_length"
"72759","None","Default_Length_Conversion","use_measured_length_type"
"72760","None","Default_TS_Relationship","non_scaling"
"72760","None","Specific_TS_Relationship","non_scaling"
"72760","None","Primary_Length_Type","total_length"
"72760","None","Secondary_Length_Type","total_length"
"72760","None","Default_Length_Conversion","use_measured_length_type"
"72761","None","Default_TS_Relationship","non_scaling"
"72761","None","Specific_TS_Relationship","non_scaling"
"72761","None","Primary_Length_Type","total_length"
"72761","None","Secondary_Length_Type","total_length"
"72761","None","Default_Length_Conversion","use_measured_length_type"
"72762","None","Default_TS_Relationship","non_scaling"
"72762","None","Specific_TS_Relationship","non_scaling"
"72762","None","Primary_Length_Type","total_length"
"72762","None","Secondary_Length_Type","total_length"
"72762","None","Default_Length_Conversion","use_measured_length_type"
"72763","None","Default_TS_Relationship","non_scaling"
"72763","None","Specific_TS_Relationship","non_scaling"
"72763","None","Primary_Length_Type","total_length"
"72763","None","Secondary_Length_Type","total_length"
"72763","None","Default_Length_Conversion","use_measured_length_type"
"72764","None","Default_TS_Relationship","non_scaling"
"72764","None","Specific_TS_Relationship","non_scaling"
"72764","None","Primary_Length_Type","total_length"
"72764","None","Secondary_Length_Type","total_length"
"72764","None","Default_Length_Conversion","use_measured_length_type"
"72765","None","Default_TS_Relationship","non_scaling"
"72765","None","Specific_TS_Relationship","non_scaling"
"72765","None","Primary_Length_Type","total_length"
"72765","None","Secondary_Length_Type","total_length"
"72765","None","Default_Length_Conversion","use_measured_length_type"
"72767","None","Default_TS_Relationship","non_scaling"
"72767","None","Specific_TS_Relationship","non_scaling"
"72767","None","Primary_Length_Type","total_length"
"72767","None","Secondary_Length_Type","total_length"
"72767","None","Default_Length_Conversion","use_measured_length_type"
"72789","None","Default_TS_Relationship","non_scaling"
"72789","None","Specific_TS_Relationship","non_scaling"
"72789","None","Primary_Length_Type","total_length"
"72789","None","Secondary_Length_Type","total_length"
"72789","None","Default_Length_Conversion","use_measured_length_type"
"72790","None","Default_TS_Relationship","non_scaling"
"72790","None","Specific_TS_Relationship","non_scaling"
"72790","None","Primary_Length_Type","total_length"
"72790","None","Secondary_Length_Type","total_length"
"72790","None","Default_Length_Conversion","use_measured_length_type"
"72791","None","Default_TS_Relationship","non_scaling"
"72791","None","Specific_TS_Relationship","non_scaling"
"72791","None","Primary_Length_Type","total_length"
"72791","None","Secondary_Length_Type","total_length"
"72791","None","Default_Length_Conversion","use_measured_length_type"
"72795","None","Default_TS_Relationship","non_scaling"
"72795","None","Specific_TS_Relationship","non_scaling"
"72795","None","Primary_Length_Type","total_length"
"72795","None","Secondary_Length_Type","total_length"
"72795","None","Default_Length_Conversion","use_measured_length_type"
"72800","None","Default_TS_Relationship","non_scaling"
"72800","None","Specific_TS_Relationship","non_scaling"
"72800","None","Primary_Length_Type","total_length"
"72800","None","Secondary_Length_Type","total_length"
"72800","None","Default_Length_Conversion","use_measured_length_type"
"72801","None","Default_TS_Relationship","non_scaling"
"72801","None","Specific_TS_Relationship","non_scaling"
"72801","None","Primary_Length_Type","total_length"
"72801","None","Secondary_Length_Type","total_length"
"72801","None","Default_Length_Conversion","use_measured_length_type"
"72802","None","Default_TS_Relationship","non_scaling"
"72802","None","Specific_TS_Relationship","non_scaling"
"72802","None","Primary_Length_Type","total_length"
"72802","None","Secondary_Length_Type","total_length"
"72802","None","Default_Length_Conversion","use_measured_length_type"
"72803","None","Default_TS_Relationship","non_scaling"
"72803","None","Specific_TS_Relationship","non_scaling"
"72803","None","Primary_Length_Type","total_length"
"72803","None","Secondary_Length_Type","total_length"
"72803","None","Default_Length_Conversion","use_measured_length_type"
"72804","None","Default_TS_Relationship","non_scaling"
"72804","None","Specific_TS_Relationship","non_scaling"
"72804","None","Primary_Length_Type","total_length"
"72804","None","Secondary_Length_Type","total_length"
"72804","None","Default_Length_Conversion","use_measured_length_type"
"72805","None","Default_TS_Relationship","non_scaling"
"72805","None","Specific_TS_Relationship","non_scaling"
"72805","None","Primary_Length_Type","total_length"
"72805","None","Secondary_Length_Type","total_length"
"72805","None","Default_Length_Conversion","use_measured_length_type"
"72806","None","Default_TS_Relationship","non_scaling"
"72806","None","Specific_TS_Relationship","non_scaling"
"72806","None","Primary_Length_Type","total_length"
"72806","None","Secondary_Length_Type","total_length"
"72806","None","Default_Length_Conversion","use_measured_length_type"
"73183","None","Default_TS_Relationship","non_scaling"
"73183","None","Specific_TS_Relationship","non_scaling"
"73183","None","Primary_Length_Type","total_length"
"73183","None","Secondary_Length_Type","total_length"
"73183","None","Default_Length_Conversion","use_measured_length_type"
"73185","None","Default_TS_Relationship","non_scaling"
"73185","None","Specific_TS_Relationship","non_scaling"
"73185","None","Primary_Length_Type","total_length"
"73185","None","Secondary_Length_Type","total_length"
"73185","None","Default_Length_Conversion","use_measured_length_type"
"73186","None","Default_TS_Relationship","non_scaling"
"73186","None","Specific_TS_Relationship","non_scaling"
"73186","None","Primary_Length_Type","total_length"
"73186","None","Secondary_Length_Type","total_length"
"73186","None","Default_Length_Conversion","use_measured_length_type"
"73187","None","Default_TS_Relationship","non_scaling"
"73187","None","Specific_TS_Relationship","non_scaling"
"73187","None","Primary_Length_Type","total_length"
"73187","None","Secondary_Length_Type","total_length"
"73187","None","Default_Length_Conversion","use_measured_length_type"
"73351","None","Default_TS_Relationship","non_scaling"
"73351","None","Specific_TS_Relationship","non_scaling"
"73351","None","Primary_Length_Type","total_length"
"73351","None","Secondary_Length_Type","total_length"
"73351","None","Default_Length_Conversion","use_measured_length_type"
"74000","None","Default_TS_Relationship","non_scaling"
"74000","None","Specific_TS_Relationship","non_scaling"
"74000","None","Primary_Length_Type","total_length"
"74000","None","Secondary_Length_Type","total_length"
"74000","None","Default_Length_Conversion","use_measured_length_type"
"74001","None","Default_TS_Relationship","non_scaling"
"74001","None","Specific_TS_Relationship","non_scaling"
"74001","None","Primary_Length_Type","total_length"
"74001","None","Secondary_Length_Type","total_length"
"74001","None","Default_Length_Conversion","use_measured_length_type"
"74050","None","Default_TS_Relationship","non_scaling"
"74050","None","Specific_TS_Relationship","non_scaling"
"74050","None","Primary_Length_Type","total_length"
"74050","None","Secondary_Length_Type","total_length"
"74050","None","Default_Length_Conversion","use_measured_length_type"
"74060","None","Default_TS_Relationship","non_scaling"
"74060","None","Specific_TS_Relationship","non_scaling"
"74060","None","Primary_Length_Type","total_length"
"74060","None","Secondary_Length_Type","total_length"
"74060","None","Default_Length_Conversion","use_measured_length_type"
"74065","None","Default_TS_Relationship","non_scaling"
"74065","None","Specific_TS_Relationship","non_scaling"
"74065","None","Primary_Length_Type","total_length"
"74065","None","Secondary_Length_Type","total_length"
"74065","None","Default_Length_Conversion","use_measured_length_type"
"74070","None","Default_TS_Relationship","non_scaling"
"74070","None","Specific_TS_Relationship","non_scaling"
"74070","None","Primary_Length_Type","total_length"
"74070","None","Secondary_Length_Type","total_length"
"74070","None","Default_Length_Conversion","use_measured_length_type"
"74080","None","Default_TS_Relationship","non_scaling"
"74080","None","Specific_TS_Relationship","non_scaling"
"74080","None","Primary_Length_Type","total_length"
"74080","None","Secondary_Length_Type","total_length"
"74080","None","Default_Length_Conversion","use_measured_length_type"
"74100","None","Default_TS_Relationship","non_scaling"
"74100","None","Specific_TS_Relationship","non_scaling"
"74100","None","Primary_Length_Type","total_length"
"74100","None","Secondary_Length_Type","total_length"
"74100","None","Default_Length_Conversion","use_measured_length_type"
"74103","None","Default_TS_Relationship","non_scaling"
"74103","None","Specific_TS_Relationship","non_scaling"
"74103","None","Primary_Length_Type","total_length"
"74103","None","Secondary_Length_Type","total_length"
"74103","None","Default_Length_Conversion","use_measured_length_type"
"74104","None","Default_TS_Relationship","non_scaling"
"74104","None","Specific_TS_Relationship","non_scaling"
"74104","None","Primary_Length_Type","total_length"
"74104","None","Secondary_Length_Type","total_length"
"74104","None","Default_Length_Conversion","use_measured_length_type"
"74105","None","Default_TS_Relationship","non_scaling"
"74105","None","Specific_TS_Relationship","non_scaling"
"74105","None","Primary_Length_Type","total_length"
"74105","None","Secondary_Length_Type","total_length"
"74105","None","Default_Length_Conversion","use_measured_length_type"
"74106","None","Default_TS_Relationship","non_scaling"
"74106","None","Specific_TS_Relationship","non_scaling"
"74106","None","Primary_Length_Type","total_length"
"74106","None","Secondary_Length_Type","total_length"
"74106","None","Default_Length_Conversion","use_measured_length_type"
"74107","None","Default_TS_Relationship","non_scaling"
"74107","None","Specific_TS_Relationship","non_scaling"
"74107","None","Primary_Length_Type","total_length"
"74107","None","Secondary_Length_Type","total_length"
"74107","None","Default_Length_Conversion","use_measured_length_type"
"74109","None","Default_TS_Relationship","non_scaling"
"74109","None","Specific_TS_Relationship","non_scaling"
"74109","None","Primary_Length_Type","total_length"
"74109","None","Secondary_Length_Type","total_length"
"74109","None","Default_Length_Conversion","use_measured_length_type"
"74112","None","Default_TS_Relationship","non_scaling"
"74112","None","Specific_TS_Relationship","non_scaling"
"74112","None","Primary_Length_Type","total_length"
"74112","None","Secondary_Length_Type","total_length"
"74112","None","Default_Length_Conversion","use_measured_length_type"
"74120","None","Default_TS_Relationship","non_scaling"
"74120","None","Specific_TS_Relationship","non_scaling"
"74120","None","Primary_Length_Type","total_length"
"74120","None","Secondary_Length_Type","total_length"
"74120","None","Default_Length_Conversion","use_measured_length_type"
"74130","None","Default_TS_Relationship","non_scaling"
"74130","None","Specific_TS_Relationship","non_scaling"
"74130","None","Primary_Length_Type","total_length"
"74130","None","Secondary_Length_Type","total_length"
"74130","None","Default_Length_Conversion","use_measured_length_type"
"74150","None","Default_TS_Relationship","non_scaling"
"74150","None","Specific_TS_Relationship","non_scaling"
"74150","None","Primary_Length_Type","total_length"
"74150","None","Secondary_Length_Type","total_length"
"74150","None","Default_Length_Conversion","use_measured_length_type"
"74171","None","Default_TS_Relationship","non_scaling"
"74171","None","Specific_TS_Relationship","non_scaling"
"74171","None","Primary_Length_Type","total_length"
"74171","None","Secondary_Length_Type","total_length"
"74171","None","Default_Length_Conversion","use_measured_length_type"
"74175","None","Default_TS_Relationship","non_scaling"
"74175","None","Specific_TS_Relationship","non_scaling"
"74175","None","Primary_Length_Type","total_length"
"74175","None","Secondary_Length_Type","total_length"
"74175","None","Default_Length_Conversion","use_measured_length_type"
"74176","None","Default_TS_Relationship","non_scaling"
"74176","None","Specific_TS_Relationship","non_scaling"
"74176","None","Primary_Length_Type","total_length"
"74176","None","Secondary_Length_Type","total_length"
"74176","None","Default_Length_Conversion","use_measured_length_type"
"74177","None","Default_TS_Relationship","non_scaling"
"74177","None","Specific_TS_Relationship","non_scaling"
"74177","None","Primary_Length_Type","total_length"
"74177","None","Secondary_Length_Type","total_length"
"74177","None","Default_Length_Conversion","use_measured_length_type"
"74301","None","Default_TS_Relationship","non_scaling"
"74301","None","Specific_TS_Relationship","non_scaling"
"74301","None","Primary_Length_Type","total_length"
"74301","None","Secondary_Length_Type","total_length"
"74301","None","Default_Length_Conversion","use_measured_length_type"
"74310","None","Default_TS_Relationship","non_scaling"
"74310","None","Specific_TS_Relationship","non_scaling"
"74310","None","Primary_Length_Type","total_length"
"74310","None","Secondary_Length_Type","total_length"
"74310","None","Default_Length_Conversion","use_measured_length_type"
"74311","None","Default_TS_Relationship","non_scaling"
"74311","None","Specific_TS_Relationship","non_scaling"
"74311","None","Primary_Length_Type","total_length"
"74311","None","Secondary_Length_Type","total_length"
"74311","None","Default_Length_Conversion","use_measured_length_type"
"74320","None","Default_TS_Relationship","non_scaling"
"74320","None","Specific_TS_Relationship","non_scaling"
"74320","None","Primary_Length_Type","total_length"
"74320","None","Secondary_Length_Type","total_length"
"74321","None","Default_TS_Relationship","non_scaling"
"74320","None","Default_Length_Conversion","use_measured_length_type"
"74321","None","Specific_TS_Relationship","non_scaling"
"74321","None","Primary_Length_Type","total_length"
"74321","None","Secondary_Length_Type","total_length"
"74321","None","Default_Length_Conversion","use_measured_length_type"
"74325","None","Default_TS_Relationship","non_scaling"
"74325","None","Specific_TS_Relationship","non_scaling"
"74325","None","Primary_Length_Type","total_length"
"74325","None","Secondary_Length_Type","total_length"
"74325","None","Default_Length_Conversion","use_measured_length_type"
"74326","None","Default_TS_Relationship","non_scaling"
"74326","None","Specific_TS_Relationship","non_scaling"
"74326","None","Primary_Length_Type","total_length"
"74326","None","Secondary_Length_Type","total_length"
"74326","None","Default_Length_Conversion","use_measured_length_type"
"74333","None","Default_TS_Relationship","non_scaling"
"74333","None","Specific_TS_Relationship","non_scaling"
"74333","None","Primary_Length_Type","total_length"
"74333","None","Secondary_Length_Type","total_length"
"74333","None","Default_Length_Conversion","use_measured_length_type"
"74342","None","Default_TS_Relationship","non_scaling"
"74342","None","Specific_TS_Relationship","non_scaling"
"74342","None","Primary_Length_Type","total_length"
"74342","None","Secondary_Length_Type","total_length"
"74342","None","Default_Length_Conversion","use_measured_length_type"
"74412","None","Default_TS_Relationship","non_scaling"
"74412","None","Specific_TS_Relationship","non_scaling"
"74412","None","Primary_Length_Type","total_length"
"74412","None","Secondary_Length_Type","total_length"
"74412","None","Default_Length_Conversion","use_measured_length_type"
"74414","None","Default_TS_Relationship","non_scaling"
"74414","None","Specific_TS_Relationship","non_scaling"
"74414","None","Primary_Length_Type","total_length"
"74414","None","Secondary_Length_Type","total_length"
"74414","None","Default_Length_Conversion","use_measured_length_type"
"74415","None","Default_TS_Relationship","non_scaling"
"74415","None","Specific_TS_Relationship","non_scaling"
"74415","None","Primary_Length_Type","total_length"
"74415","None","Secondary_Length_Type","total_length"
"74415","None","Default_Length_Conversion","use_measured_length_type"
"74416","None","Default_TS_Relationship","non_scaling"
"74416","None","Specific_TS_Relationship","non_scaling"
"74416","None","Primary_Length_Type","total_length"
"74416","None","Secondary_Length_Type","total_length"
"74416","None","Default_Length_Conversion","use_measured_length_type"
"74417","None","Default_TS_Relationship","non_scaling"
"74417","None","Specific_TS_Relationship","non_scaling"
"74417","None","Primary_Length_Type","total_length"
"74417","None","Secondary_Length_Type","total_length"
"74417","None","Default_Length_Conversion","use_measured_length_type"
"74419","None","Default_TS_Relationship","non_scaling"
"74419","None","Specific_TS_Relationship","non_scaling"
"74419","None","Primary_Length_Type","total_length"
"74419","None","Secondary_Length_Type","total_length"
"74419","None","Default_Length_Conversion","use_measured_length_type"
"74420","None","Default_TS_Relationship","non_scaling"
"74420","None","Specific_TS_Relationship","non_scaling"
"74420","None","Primary_Length_Type","total_length"
"74420","None","Secondary_Length_Type","total_length"
"74420","None","Default_Length_Conversion","use_measured_length_type"
"74421","None","Default_TS_Relationship","non_scaling"
"74421","None","Specific_TS_Relationship","non_scaling"
"74421","None","Primary_Length_Type","total_length"
"74421","None","Secondary_Length_Type","total_length"
"74421","None","Default_Length_Conversion","use_measured_length_type"
"74425","None","Default_TS_Relationship","non_scaling"
"74425","None","Specific_TS_Relationship","non_scaling"
"74425","None","Primary_Length_Type","total_length"
"74425","None","Secondary_Length_Type","total_length"
"74425","None","Default_Length_Conversion","use_measured_length_type"
"74435","None","Default_TS_Relationship","non_scaling"
"74435","None","Specific_TS_Relationship","non_scaling"
"74435","None","Primary_Length_Type","total_length"
"74435","None","Secondary_Length_Type","total_length"
"74435","None","Default_Length_Conversion","use_measured_length_type"
"74436","None","Default_TS_Relationship","non_scaling"
"74436","None","Specific_TS_Relationship","non_scaling"
"74436","None","Primary_Length_Type","total_length"
"74436","None","Secondary_Length_Type","total_length"
"74436","None","Default_Length_Conversion","use_measured_length_type"
"74439","None","Default_TS_Relationship","non_scaling"
"74439","None","Specific_TS_Relationship","non_scaling"
"74439","None","Primary_Length_Type","total_length"
"74439","None","Secondary_Length_Type","total_length"
"74439","None","Default_Length_Conversion","use_measured_length_type"
"74440","None","Default_TS_Relationship","non_scaling"
"74440","None","Specific_TS_Relationship","non_scaling"
"74440","None","Primary_Length_Type","total_length"
"74440","None","Secondary_Length_Type","total_length"
"74440","None","Default_Length_Conversion","use_measured_length_type"
"74481","None","Default_TS_Relationship","non_scaling"
"74481","None","Specific_TS_Relationship","non_scaling"
"74481","None","Primary_Length_Type","total_length"
"74481","None","Secondary_Length_Type","total_length"
"74481","None","Default_Length_Conversion","use_measured_length_type"
"74482","None","Default_TS_Relationship","non_scaling"
"74482","None","Specific_TS_Relationship","non_scaling"
"74482","None","Primary_Length_Type","total_length"
"74482","None","Secondary_Length_Type","total_length"
"74482","None","Default_Length_Conversion","use_measured_length_type"
"74490","None","Default_TS_Relationship","non_scaling"
"74490","None","Specific_TS_Relationship","non_scaling"
"74490","None","Primary_Length_Type","total_length"
"74490","None","Secondary_Length_Type","total_length"
"74490","None","Default_Length_Conversion","use_measured_length_type"
"74552","None","Default_TS_Relationship","non_scaling"
"74552","None","Specific_TS_Relationship","non_scaling"
"74552","None","Primary_Length_Type","total_length"
"74552","None","Secondary_Length_Type","total_length"
"74552","None","Default_Length_Conversion","use_measured_length_type"
"74560","None","Default_TS_Relationship","non_scaling"
"74560","None","Specific_TS_Relationship","non_scaling"
"74560","None","Primary_Length_Type","total_length"
"74560","None","Secondary_Length_Type","total_length"
"74560","None","Default_Length_Conversion","use_measured_length_type"
"74561","None","Default_TS_Relationship","non_scaling"
"74561","None","Specific_TS_Relationship","non_scaling"
"74561","None","Primary_Length_Type","total_length"
"74561","None","Secondary_Length_Type","total_length"
"74561","None","Default_Length_Conversion","use_measured_length_type"
"74562","None","Default_TS_Relationship","non_scaling"
"74562","None","Specific_TS_Relationship","non_scaling"
"74562","None","Primary_Length_Type","total_length"
"74562","None","Secondary_Length_Type","total_length"
"74562","None","Default_Length_Conversion","use_measured_length_type"
"74563","None","Default_TS_Relationship","non_scaling"
"74563","None","Specific_TS_Relationship","non_scaling"
"74563","None","Primary_Length_Type","total_length"
"74563","None","Secondary_Length_Type","total_length"
"74563","None","Default_Length_Conversion","use_measured_length_type"
"74564","None","Default_TS_Relationship","non_scaling"
"74564","None","Specific_TS_Relationship","non_scaling"
"74564","None","Primary_Length_Type","total_length"
"74564","None","Secondary_Length_Type","total_length"
"74639","None","Specific_TS_Relationship","non_scaling"
"74564","None","Default_Length_Conversion","use_measured_length_type"
"74639","None","Default_TS_Relationship","non_scaling"
"74639","None","Primary_Length_Type","total_length"
"74639","None","Secondary_Length_Type","total_length"
"74639","None","Default_Length_Conversion","use_measured_length_type"
"74640","None","Default_TS_Relationship","non_scaling"
"74640","None","Specific_TS_Relationship","non_scaling"
"74640","None","Primary_Length_Type","total_length"
"74640","None","Secondary_Length_Type","total_length"
"74640","None","Default_Length_Conversion","use_measured_length_type"
"74641","None","Default_TS_Relationship","non_scaling"
"74641","None","Specific_TS_Relationship","non_scaling"
"74641","None","Primary_Length_Type","total_length"
"74641","None","Secondary_Length_Type","total_length"
"74641","None","Default_Length_Conversion","use_measured_length_type"
"74642","None","Default_TS_Relationship","non_scaling"
"74642","None","Specific_TS_Relationship","non_scaling"
"74642","None","Primary_Length_Type","total_length"
"74642","None","Secondary_Length_Type","total_length"
"74642","None","Default_Length_Conversion","use_measured_length_type"
"74643","None","Default_TS_Relationship","non_scaling"
"74643","None","Specific_TS_Relationship","non_scaling"
"74643","None","Primary_Length_Type","total_length"
"74643","None","Secondary_Length_Type","total_length"
"74643","None","Default_Length_Conversion","use_measured_length_type"
"74644","None","Default_TS_Relationship","non_scaling"
"74644","None","Specific_TS_Relationship","non_scaling"
"74644","None","Primary_Length_Type","total_length"
"74644","None","Secondary_Length_Type","total_length"
"74644","None","Default_Length_Conversion","use_measured_length_type"
"74646","None","Default_TS_Relationship","non_scaling"
"74646","None","Specific_TS_Relationship","non_scaling"
"74646","None","Primary_Length_Type","total_length"
"74646","None","Secondary_Length_Type","total_length"
"74646","None","Default_Length_Conversion","use_measured_length_type"
"74647","None","Default_TS_Relationship","non_scaling"
"74647","None","Specific_TS_Relationship","non_scaling"
"74647","None","Primary_Length_Type","total_length"
"74647","None","Secondary_Length_Type","total_length"
"74647","None","Default_Length_Conversion","use_measured_length_type"
"74648","None","Default_TS_Relationship","non_scaling"
"74648","None","Specific_TS_Relationship","non_scaling"
"74648","None","Primary_Length_Type","total_length"
"74648","None","Secondary_Length_Type","total_length"
"74648","None","Default_Length_Conversion","use_measured_length_type"
"74650","None","Default_TS_Relationship","non_scaling"
"74650","None","Specific_TS_Relationship","non_scaling"
"74650","None","Primary_Length_Type","total_length"
"74650","None","Secondary_Length_Type","total_length"
"74650","None","Default_Length_Conversion","use_measured_length_type"
"74653","None","Default_TS_Relationship","non_scaling"
"74653","None","Specific_TS_Relationship","non_scaling"
"74653","None","Primary_Length_Type","total_length"
"74653","None","Secondary_Length_Type","total_length"
"74653","None","Default_Length_Conversion","use_measured_length_type"
"74654","None","Default_TS_Relationship","non_scaling"
"74654","None","Specific_TS_Relationship","non_scaling"
"74654","None","Primary_Length_Type","total_length"
"74654","None","Secondary_Length_Type","total_length"
"74654","None","Default_Length_Conversion","use_measured_length_type"
"74655","None","Default_TS_Relationship","non_scaling"
"74655","None","Specific_TS_Relationship","non_scaling"
"74655","None","Primary_Length_Type","total_length"
"74655","None","Secondary_Length_Type","total_length"
"74655","None","Default_Length_Conversion","use_measured_length_type"
"74656","None","Default_TS_Relationship","non_scaling"
"74656","None","Specific_TS_Relationship","non_scaling"
"74656","None","Primary_Length_Type","total_length"
"74656","None","Secondary_Length_Type","total_length"
"74656","None","Default_Length_Conversion","use_measured_length_type"
"74658","None","Default_TS_Relationship","non_scaling"
"74658","None","Specific_TS_Relationship","non_scaling"
"74658","None","Primary_Length_Type","total_length"
"74658","None","Secondary_Length_Type","total_length"
"74658","None","Default_Length_Conversion","use_measured_length_type"
"74712","None","Default_TS_Relationship","non_scaling"
"74712","None","Specific_TS_Relationship","non_scaling"
"74712","None","Primary_Length_Type","total_length"
"74712","None","Secondary_Length_Type","total_length"
"74712","None","Default_Length_Conversion","use_measured_length_type"
"74801","None","Default_TS_Relationship","non_scaling"
"74801","None","Specific_TS_Relationship","non_scaling"
"74801","None","Primary_Length_Type","total_length"
"74801","None","Secondary_Length_Type","total_length"
"74801","None","Default_Length_Conversion","use_measured_length_type"
"74802","None","Default_TS_Relationship","non_scaling"
"74802","None","Specific_TS_Relationship","non_scaling"
"74802","None","Primary_Length_Type","total_length"
"74802","None","Secondary_Length_Type","total_length"
"74802","None","Default_Length_Conversion","use_measured_length_type"
"74803","None","Default_TS_Relationship","non_scaling"
"74803","None","Specific_TS_Relationship","non_scaling"
"74803","None","Primary_Length_Type","total_length"
"74803","None","Secondary_Length_Type","total_length"
"74803","None","Default_Length_Conversion","use_measured_length_type"
"74980","None","Default_TS_Relationship","non_scaling"
"74980","None","Specific_TS_Relationship","non_scaling"
"74980","None","Primary_Length_Type","total_length"
"74980","None","Secondary_Length_Type","total_length"
"74980","None","Default_Length_Conversion","use_measured_length_type"
"74981","None","Default_TS_Relationship","non_scaling"
"74981","None","Specific_TS_Relationship","non_scaling"
"74981","None","Primary_Length_Type","total_length"
"74981","None","Secondary_Length_Type","total_length"
"74981","None","Default_Length_Conversion","use_measured_length_type"
"74982","None","Default_TS_Relationship","non_scaling"
"74982","None","Specific_TS_Relationship","non_scaling"
"74982","None","Primary_Length_Type","total_length"
"74982","None","Secondary_Length_Type","total_length"
"74982","None","Default_Length_Conversion","use_measured_length_type"
"74983","None","Default_TS_Relationship","non_scaling"
"74983","None","Specific_TS_Relationship","non_scaling"
"74983","None","Primary_Length_Type","total_length"
"74983","None","Secondary_Length_Type","total_length"
"74983","None","Default_Length_Conversion","use_measured_length_type"
"74985","None","Default_TS_Relationship","non_scaling"
"74985","None","Specific_TS_Relationship","non_scaling"
"74985","None","Primary_Length_Type","total_length"
"74985","None","Secondary_Length_Type","total_length"
"74985","None","Default_Length_Conversion","use_measured_length_type"
"74986","None","Default_TS_Relationship","non_scaling"
"74986","None","Specific_TS_Relationship","non_scaling"
"74986","None","Primary_Length_Type","total_length"
"74986","None","Secondary_Length_Type","total_length"
"74986","None","Default_Length_Conversion","use_measured_length_type"
"75016","None","Default_TS_Relationship","non_scaling"
"75016","None","Specific_TS_Relationship","non_scaling"
"75016","None","Primary_Length_Type","total_length"
"75016","None","Secondary_Length_Type","total_length"
"75016","None","Default_Length_Conversion","use_measured_length_type"
"75020","None","Default_TS_Relationship","non_scaling"
"75020","None","Specific_TS_Relationship","non_scaling"
"75020","None","Primary_Length_Type","total_length"
"75020","None","Secondary_Length_Type","total_length"
"75021","None","Specific_TS_Relationship","non_scaling"
"75020","None","Default_Length_Conversion","use_measured_length_type"
"75021","None","Default_TS_Relationship","non_scaling"
"75021","None","Primary_Length_Type","total_length"
"75021","None","Secondary_Length_Type","total_length"
"75021","None","Default_Length_Conversion","use_measured_length_type"
"75025","None","Default_TS_Relationship","non_scaling"
"75025","None","Specific_TS_Relationship","non_scaling"
"75025","None","Primary_Length_Type","total_length"
"75025","None","Secondary_Length_Type","total_length"
"75025","None","Default_Length_Conversion","use_measured_length_type"
"75030","None","Default_TS_Relationship","non_scaling"
"75030","None","Specific_TS_Relationship","non_scaling"
"75030","None","Primary_Length_Type","total_length"
"75030","None","Secondary_Length_Type","total_length"
"75030","None","Default_Length_Conversion","use_measured_length_type"
"75092","None","Default_TS_Relationship","non_scaling"
"75092","None","Specific_TS_Relationship","non_scaling"
"75092","None","Primary_Length_Type","total_length"
"75092","None","Secondary_Length_Type","total_length"
"75092","None","Default_Length_Conversion","use_measured_length_type"
"75102","None","Default_TS_Relationship","non_scaling"
"75102","None","Specific_TS_Relationship","non_scaling"
"75102","None","Primary_Length_Type","total_length"
"75102","None","Secondary_Length_Type","total_length"
"75102","None","Default_Length_Conversion","use_measured_length_type"
"75103","None","Default_TS_Relationship","non_scaling"
"75103","None","Specific_TS_Relationship","non_scaling"
"75103","None","Primary_Length_Type","total_length"
"75103","None","Secondary_Length_Type","total_length"
"75103","None","Default_Length_Conversion","use_measured_length_type"
"75110","None","Default_TS_Relationship","non_scaling"
"75110","None","Specific_TS_Relationship","non_scaling"
"75110","None","Primary_Length_Type","total_length"
"75110","None","Secondary_Length_Type","total_length"
"75110","None","Default_Length_Conversion","use_measured_length_type"
"75111","None","Default_TS_Relationship","non_scaling"
"75111","None","Specific_TS_Relationship","non_scaling"
"75111","None","Primary_Length_Type","total_length"
"75111","None","Secondary_Length_Type","total_length"
"75111","None","Default_Length_Conversion","use_measured_length_type"
"75201","None","Default_TS_Relationship","non_scaling"
"75201","None","Specific_TS_Relationship","non_scaling"
"75201","None","Primary_Length_Type","total_length"
"75201","None","Secondary_Length_Type","total_length"
"75201","None","Default_Length_Conversion","use_measured_length_type"
"75202","None","Default_TS_Relationship","non_scaling"
"75202","None","Specific_TS_Relationship","non_scaling"
"75202","None","Primary_Length_Type","total_length"
"75202","None","Secondary_Length_Type","total_length"
"75202","None","Default_Length_Conversion","use_measured_length_type"
"75203","None","Default_TS_Relationship","non_scaling"
"75203","None","Specific_TS_Relationship","non_scaling"
"75203","None","Primary_Length_Type","total_length"
"75203","None","Secondary_Length_Type","total_length"
"75203","None","Default_Length_Conversion","use_measured_length_type"
"75205","None","Default_TS_Relationship","non_scaling"
"75205","None","Specific_TS_Relationship","non_scaling"
"75205","None","Primary_Length_Type","total_length"
"75205","None","Secondary_Length_Type","total_length"
"75205","None","Default_Length_Conversion","use_measured_length_type"
"75220","None","Default_TS_Relationship","non_scaling"
"75220","None","Specific_TS_Relationship","non_scaling"
"75220","None","Primary_Length_Type","total_length"
"75220","None","Secondary_Length_Type","total_length"
"75220","None","Default_Length_Conversion","use_measured_length_type"
"75221","None","Default_TS_Relationship","non_scaling"
"75221","None","Specific_TS_Relationship","non_scaling"
"75221","None","Primary_Length_Type","total_length"
"75221","None","Secondary_Length_Type","total_length"
"75221","None","Default_Length_Conversion","use_measured_length_type"
"75240","None","Default_TS_Relationship","non_scaling"
"75240","None","Specific_TS_Relationship","non_scaling"
"75240","None","Primary_Length_Type","total_length"
"75240","None","Secondary_Length_Type","total_length"
"75240","None","Default_Length_Conversion","use_measured_length_type"
"75241","None","Default_TS_Relationship","non_scaling"
"75241","None","Specific_TS_Relationship","non_scaling"
"75241","None","Primary_Length_Type","total_length"
"75241","None","Secondary_Length_Type","total_length"
"75241","None","Default_Length_Conversion","use_measured_length_type"
"75242","None","Default_TS_Relationship","non_scaling"
"75242","None","Specific_TS_Relationship","non_scaling"
"75242","None","Primary_Length_Type","total_length"
"75242","None","Secondary_Length_Type","total_length"
"75242","None","Default_Length_Conversion","use_measured_length_type"
"75244","None","Default_TS_Relationship","non_scaling"
"75244","None","Specific_TS_Relationship","non_scaling"
"75244","None","Primary_Length_Type","total_length"
"75244","None","Secondary_Length_Type","total_length"
"75244","None","Default_Length_Conversion","use_measured_length_type"
"75247","None","Default_TS_Relationship","non_scaling"
"75247","None","Specific_TS_Relationship","non_scaling"
"75247","None","Primary_Length_Type","total_length"
"75247","None","Secondary_Length_Type","total_length"
"75247","None","Default_Length_Conversion","use_measured_length_type"
"75264","None","Default_TS_Relationship","non_scaling"
"75264","None","Specific_TS_Relationship","non_scaling"
"75264","None","Primary_Length_Type","total_length"
"75264","None","Secondary_Length_Type","total_length"
"75264","None","Default_Length_Conversion","use_measured_length_type"
"75266","None","Default_TS_Relationship","non_scaling"
"75266","None","Specific_TS_Relationship","non_scaling"
"75266","None","Primary_Length_Type","total_length"
"75266","None","Secondary_Length_Type","total_length"
"75266","None","Default_Length_Conversion","use_measured_length_type"
"75267","None","Default_TS_Relationship","non_scaling"
"75267","None","Specific_TS_Relationship","non_scaling"
"75267","None","Primary_Length_Type","total_length"
"75267","None","Secondary_Length_Type","total_length"
"75267","None","Default_Length_Conversion","use_measured_length_type"
"75284","None","Default_TS_Relationship","non_scaling"
"75284","None","Specific_TS_Relationship","non_scaling"
"75284","None","Primary_Length_Type","total_length"
"75284","None","Secondary_Length_Type","total_length"
"75284","None","Default_Length_Conversion","use_measured_length_type"
"75285","None","Default_TS_Relationship","non_scaling"
"75285","None","Specific_TS_Relationship","non_scaling"
"75285","None","Primary_Length_Type","total_length"
"75285","None","Secondary_Length_Type","total_length"
"75285","None","Default_Length_Conversion","use_measured_length_type"
"75286","None","Default_TS_Relationship","non_scaling"
"75286","None","Specific_TS_Relationship","non_scaling"
"75286","None","Primary_Length_Type","total_length"
"75286","None","Secondary_Length_Type","total_length"
"75286","None","Default_Length_Conversion","use_measured_length_type"
"75330","None","Default_TS_Relationship","non_scaling"
"75330","None","Specific_TS_Relationship","non_scaling"
"75330","None","Primary_Length_Type","total_length"
"75330","None","Secondary_Length_Type","total_length"
"75330","None","Default_Length_Conversion","use_measured_length_type"
"75332","None","Default_TS_Relationship","non_scaling"
"75332","None","Specific_TS_Relationship","non_scaling"
"75332","None","Primary_Length_Type","total_length"
"75332","None","Secondary_Length_Type","total_length"
"75332","None","Default_Length_Conversion","use_measured_length_type"
"75333","None","Default_TS_Relationship","non_scaling"
"75333","None","Specific_TS_Relationship","non_scaling"
"75333","None","Primary_Length_Type","total_length"
"75333","None","Secondary_Length_Type","total_length"
"75333","None","Default_Length_Conversion","use_measured_length_type"
"75335","None","Default_TS_Relationship","non_scaling"
"75335","None","Specific_TS_Relationship","non_scaling"
"75335","None","Primary_Length_Type","total_length"
"75335","None","Secondary_Length_Type","total_length"
"75335","None","Default_Length_Conversion","use_measured_length_type"
"75336","None","Default_TS_Relationship","non_scaling"
"75336","None","Specific_TS_Relationship","non_scaling"
"75336","None","Primary_Length_Type","total_length"
"75336","None","Secondary_Length_Type","total_length"
"75336","None","Default_Length_Conversion","use_measured_length_type"
"75372","None","Default_TS_Relationship","non_scaling"
"75372","None","Specific_TS_Relationship","non_scaling"
"75372","None","Primary_Length_Type","total_length"
"75372","None","Secondary_Length_Type","total_length"
"75372","None","Default_Length_Conversion","use_measured_length_type"
"75381","None","Default_TS_Relationship","non_scaling"
"75381","None","Specific_TS_Relationship","non_scaling"
"75381","None","Primary_Length_Type","total_length"
"75381","None","Secondary_Length_Type","total_length"
"75381","None","Default_Length_Conversion","use_measured_length_type"
"75382","None","Default_TS_Relationship","non_scaling"
"75382","None","Specific_TS_Relationship","non_scaling"
"75382","None","Primary_Length_Type","total_length"
"75382","None","Secondary_Length_Type","total_length"
"75382","None","Default_Length_Conversion","use_measured_length_type"
"75410","None","Default_TS_Relationship","non_scaling"
"75410","None","Specific_TS_Relationship","non_scaling"
"75410","None","Primary_Length_Type","total_length"
"75410","None","Secondary_Length_Type","total_length"
"75410","None","Default_Length_Conversion","use_measured_length_type"
"75551","None","Default_TS_Relationship","non_scaling"
"75551","None","Specific_TS_Relationship","non_scaling"
"75551","None","Primary_Length_Type","total_length"
"75551","None","Secondary_Length_Type","total_length"
"75551","None","Default_Length_Conversion","use_measured_length_type"
"75600","None","Default_TS_Relationship","non_scaling"
"75600","None","Specific_TS_Relationship","non_scaling"
"75600","None","Primary_Length_Type","total_length"
"75600","None","Secondary_Length_Type","total_length"
"75600","None","Default_Length_Conversion","use_measured_length_type"
"75601","None","Default_TS_Relationship","non_scaling"
"75601","None","Specific_TS_Relationship","non_scaling"
"75601","None","Primary_Length_Type","total_length"
"75601","None","Secondary_Length_Type","total_length"
"75601","None","Default_Length_Conversion","use_measured_length_type"
"75605","None","Default_TS_Relationship","non_scaling"
"75605","None","Specific_TS_Relationship","non_scaling"
"75605","None","Primary_Length_Type","total_length"
"75605","None","Secondary_Length_Type","total_length"
"75605","None","Default_Length_Conversion","use_measured_length_type"
"75606","None","Default_TS_Relationship","non_scaling"
"75606","None","Specific_TS_Relationship","non_scaling"
"75606","None","Primary_Length_Type","total_length"
"75606","None","Secondary_Length_Type","total_length"
"75606","None","Default_Length_Conversion","use_measured_length_type"
"75609","None","Default_TS_Relationship","non_scaling"
"75609","None","Specific_TS_Relationship","non_scaling"
"75609","None","Primary_Length_Type","total_length"
"75609","None","Secondary_Length_Type","total_length"
"75609","None","Default_Length_Conversion","use_measured_length_type"
"75610","None","Default_TS_Relationship","non_scaling"
"75610","None","Specific_TS_Relationship","non_scaling"
"75610","None","Primary_Length_Type","total_length"
"75610","None","Secondary_Length_Type","total_length"
"75610","None","Default_Length_Conversion","use_measured_length_type"
"77000","None","Default_TS_Relationship","non_scaling"
"77000","None","Specific_TS_Relationship","non_scaling"
"77000","None","Primary_Length_Type","total_length"
"77000","None","Secondary_Length_Type","total_length"
"77000","None","Default_Length_Conversion","use_measured_length_type"
"77011","None","Default_TS_Relationship","non_scaling"
"77011","None","Specific_TS_Relationship","non_scaling"
"77011","None","Primary_Length_Type","total_length"
"77011","None","Secondary_Length_Type","total_length"
"77011","None","Default_Length_Conversion","use_measured_length_type"
"77012","None","Default_TS_Relationship","non_scaling"
"77012","None","Specific_TS_Relationship","non_scaling"
"77012","None","Primary_Length_Type","total_length"
"77012","None","Secondary_Length_Type","total_length"
"77012","None","Default_Length_Conversion","use_measured_length_type"
"77102","None","Default_TS_Relationship","non_scaling"
"77102","None","Specific_TS_Relationship","non_scaling"
"77102","None","Primary_Length_Type","total_length"
"77102","None","Secondary_Length_Type","total_length"
"77102","None","Default_Length_Conversion","use_measured_length_type"
"78000","None","Default_TS_Relationship","non_scaling"
"78000","None","Specific_TS_Relationship","non_scaling"
"78000","None","Primary_Length_Type","total_length"
"78000","None","Secondary_Length_Type","total_length"
"78000","None","Default_Length_Conversion","use_measured_length_type"
"78001","None","Default_TS_Relationship","non_scaling"
"78001","None","Specific_TS_Relationship","non_scaling"
"78001","None","Primary_Length_Type","total_length"
"78001","None","Secondary_Length_Type","total_length"
"78001","None","Default_Length_Conversion","use_measured_length_type"
"78010","None","Default_TS_Relationship","non_scaling"
"78010","None","Specific_TS_Relationship","non_scaling"
"78010","None","Primary_Length_Type","total_length"
"78010","None","Secondary_Length_Type","mantle_length"
"78010","None","Default_Length_Conversion","use_measured_length_type"
"78011","None","Default_TS_Relationship","non_scaling"
"78011","None","Specific_TS_Relationship","non_scaling"
"78011","None","Primary_Length_Type","total_length"
"78011","None","Secondary_Length_Type","mantle_length"
"78011","None","Default_Length_Conversion","use_measured_length_type"
"78012","None","Default_TS_Relationship","non_scaling"
"78012","None","Specific_TS_Relationship","non_scaling"
"78012","None","Primary_Length_Type","total_length"
"78012","None","Secondary_Length_Type","mantle_length"
"78012","None","Default_Length_Conversion","use_measured_length_type"
"78013","None","Default_TS_Relationship","non_scaling"
"78013","None","Specific_TS_Relationship","non_scaling"
"78013","None","Primary_Length_Type","total_length"
"78013","None","Secondary_Length_Type","mantle_length"
"78013","None","Default_Length_Conversion","use_measured_length_type"
"78020","None","Default_TS_Relationship","non_scaling"
"78020","None","Specific_TS_Relationship","non_scaling"
"78020","None","Primary_Length_Type","total_length"
"78020","None","Secondary_Length_Type","mantle_length"
"78020","None","Default_Length_Conversion","use_measured_length_type"
"78021","None","Default_TS_Relationship","non_scaling"
"78021","None","Specific_TS_Relationship","non_scaling"
"78021","None","Primary_Length_Type","total_length"
"78021","None","Secondary_Length_Type","mantle_length"
"78021","None","Default_Length_Conversion","use_measured_length_type"
"78022","None","Default_TS_Relationship","non_scaling"
"78022","None","Specific_TS_Relationship","non_scaling"
"78022","None","Primary_Length_Type","total_length"
"78022","None","Secondary_Length_Type","mantle_length"
"78022","None","Default_Length_Conversion","use_measured_length_type"
"78030","None","Default_TS_Relationship","non_scaling"
"78030","None","Specific_TS_Relationship","non_scaling"
"78030","None","Primary_Length_Type","total_length"
"78030","None","Secondary_Length_Type","mantle_length"
"78030","None","Default_Length_Conversion","use_measured_length_type"
"78040","None","Default_TS_Relationship","non_scaling"
"78040","None","Specific_TS_Relationship","non_scaling"
"78040","None","Primary_Length_Type","total_length"
"78040","None","Secondary_Length_Type","total_length"
"78040","None","Default_Length_Conversion","use_measured_length_type"
"78210","None","Default_TS_Relationship","non_scaling"
"78210","None","Specific_TS_Relationship","non_scaling"
"78210","None","Primary_Length_Type","total_length"
"78210","None","Secondary_Length_Type","total_length"
"78210","None","Default_Length_Conversion","use_measured_length_type"
"78300","None","Default_TS_Relationship","non_scaling"
"78300","None","Specific_TS_Relationship","non_scaling"
"78300","None","Primary_Length_Type","total_length"
"78300","None","Secondary_Length_Type","total_length"
"78300","None","Default_Length_Conversion","use_measured_length_type"
"78352","None","Default_TS_Relationship","non_scaling"
"78352","None","Specific_TS_Relationship","non_scaling"
"78352","None","Primary_Length_Type","total_length"
"78352","None","Secondary_Length_Type","total_length"
"78352","None","Default_Length_Conversion","use_measured_length_type"
"78403","None","Default_TS_Relationship","non_scaling"
"78403","None","Specific_TS_Relationship","non_scaling"
"78403","None","Primary_Length_Type","total_length"
"78403","None","Secondary_Length_Type","mantle_length"
"78403","None","Default_Length_Conversion","use_measured_length_type"
"78404","None","Default_TS_Relationship","non_scaling"
"78404","None","Specific_TS_Relationship","non_scaling"
"78404","None","Primary_Length_Type","total_length"
"78404","None","Secondary_Length_Type","mantle_length"
"78404","None","Default_Length_Conversion","use_measured_length_type"
"78452","None","Default_TS_Relationship","non_scaling"
"78452","None","Specific_TS_Relationship","non_scaling"
"78452","None","Primary_Length_Type","total_length"
"78452","None","Secondary_Length_Type","mantle_length"
"78452","None","Default_Length_Conversion","use_measured_length_type"
"78502","None","Default_TS_Relationship","non_scaling"
"78502","None","Specific_TS_Relationship","non_scaling"
"78502","None","Primary_Length_Type","total_length"
"78502","None","Secondary_Length_Type","total_length"
"78502","None","Default_Length_Conversion","use_measured_length_type"
"79000","None","Default_TS_Relationship","squids"
"79000","None","Specific_TS_Relationship","squids"
"79000","None","Primary_Length_Type","mantle_length"
"79000","None","Secondary_Length_Type","total_length"
"79000","None","Default_Length_Conversion","use_measured_length_type"
"79001","None","Default_TS_Relationship","squids"
"79001","None","Specific_TS_Relationship","squids"
"79001","None","Primary_Length_Type","mantle_length"
"79001","None","Secondary_Length_Type","total_length"
"79001","None","Default_Length_Conversion","use_measured_length_type"
"79002","None","Default_TS_Relationship","squids"
"79002","None","Specific_TS_Relationship","squids"
"79002","None","Primary_Length_Type","mantle_length"
"79002","None","Secondary_Length_Type","total_length"
"79002","None","Default_Length_Conversion","use_measured_length_type"
"79020","None","Default_TS_Relationship","squids"
"79020","None","Specific_TS_Relationship","squids"
"79020","None","Primary_Length_Type","mantle_length"
"79020","None","Secondary_Length_Type","total_length"
"79020","None","Default_Length_Conversion","use_measured_length_type"
"79120","None","Default_TS_Relationship","squids"
"79120","None","Specific_TS_Relationship","squids"
"79120","None","Primary_Length_Type","mantle_length"
"79120","None","Secondary_Length_Type","total_length"
"79120","None","Default_Length_Conversion","use_measured_length_type"
"79200","None","Default_TS_Relationship","squids"
"79200","None","Specific_TS_Relationship","squids"
"79200","None","Primary_Length_Type","mantle_length"
"79200","None","Secondary_Length_Type","total_length"
"79200","None","Default_Length_Conversion","use_measured_length_type"
"79201","None","Default_TS_Relationship","squids"
"79201","None","Specific_TS_Relationship","squids"
"79201","None","Primary_Length_Type","mantle_length"
"79201","None","Secondary_Length_Type","total_length"
"79201","None","Default_Length_Conversion","use_measured_length_type"
"79202","None","Default_TS_Relationship","squids"
"79202","None","Specific_TS_Relationship","squids"
"79202","None","Primary_Length_Type","mantle_length"
"79202","None","Secondary_Length_Type","total_length"
"79202","None","Default_Length_Conversion","use_measured_length_type"
"79203","None","Default_TS_Relationship","squids"
"79203","None","Specific_TS_Relationship","squids"
"79203","None","Primary_Length_Type","mantle_length"
"79203","None","Secondary_Length_Type","total_length"
"79203","None","Default_Length_Conversion","use_measured_length_type"
"79204","None","Default_TS_Relationship","squids"
"79204","None","Specific_TS_Relationship","squids"
"79204","None","Primary_Length_Type","mantle_length"
"79204","None","Secondary_Length_Type","total_length"
"79204","None","Default_Length_Conversion","use_measured_length_type"
"79206","None","Default_TS_Relationship","squids"
"79206","None","Specific_TS_Relationship","squids"
"79206","None","Primary_Length_Type","mantle_length"
"79206","None","Secondary_Length_Type","total_length"
"79206","None","Default_Length_Conversion","use_measured_length_type"
"79210","None","Default_TS_Relationship","squids"
"79210","None","Specific_TS_Relationship","squids"
"79210","None","Primary_Length_Type","mantle_length"
"79210","None","Secondary_Length_Type","total_length"
"79210","None","Default_Length_Conversion","use_measured_length_type"
"79250","None","Default_TS_Relationship","squids"
"79250","None","Specific_TS_Relationship","squids"
"79250","None","Primary_Length_Type","mantle_length"
"79250","None","Secondary_Length_Type","total_length"
"79250","None","Default_Length_Conversion","use_measured_length_type"
"79252","None","Default_TS_Relationship","squids"
"79252","None","Specific_TS_Relationship","squids"
"79252","None","Primary_Length_Type","mantle_length"
"79252","None","Secondary_Length_Type","total_length"
"79252","None","Default_Length_Conversion","use_measured_length_type"
"79254","None","Default_TS_Relationship","squids"
"79254","None","Specific_TS_Relationship","squids"
"79254","None","Primary_Length_Type","mantle_length"
"79254","None","Secondary_Length_Type","total_length"
"79254","None","Default_Length_Conversion","use_measured_length_type"
"79259","None","Default_TS_Relationship","squids"
"79259","None","Specific_TS_Relationship","squids"
"79259","None","Primary_Length_Type","mantle_length"
"79259","None","Secondary_Length_Type","total_length"
"79259","None","Default_Length_Conversion","use_measured_length_type"
"79260","None","Default_TS_Relationship","squids"
"79260","None","Specific_TS_Relationship","squids"
"79260","None","Primary_Length_Type","mantle_length"
"79260","None","Secondary_Length_Type","total_length"
"79260","None","Default_Length_Conversion","use_measured_length_type"
"79302","None","Default_TS_Relationship","squids"
"79302","None","Specific_TS_Relationship","squids"
"79302","None","Primary_Length_Type","mantle_length"
"79302","None","Secondary_Length_Type","total_length"
"79302","None","Default_Length_Conversion","use_measured_length_type"
"79310","None","Default_TS_Relationship","squids"
"79310","None","Primary_Length_Type","mantle_length"
"79310","None","Specific_TS_Relationship","squids"
"79310","None","Secondary_Length_Type","total_length"
"79310","None","Default_Length_Conversion","use_measured_length_type"
"79311","None","Default_TS_Relationship","squids"
"79311","None","Specific_TS_Relationship","squids"
"79311","None","Primary_Length_Type","mantle_length"
"79311","None","Secondary_Length_Type","total_length"
"79311","None","Default_Length_Conversion","use_measured_length_type"
"79312","None","Default_TS_Relationship","squids"
"79312","None","Specific_TS_Relationship","squids"
"79312","None","Primary_Length_Type","mantle_length"
"79312","None","Secondary_Length_Type","total_length"
"79312","None","Default_Length_Conversion","use_measured_length_type"
"79340","None","Default_TS_Relationship","squids"
"79340","None","Specific_TS_Relationship","squids"
"79340","None","Primary_Length_Type","mantle_length"
"79340","None","Secondary_Length_Type","total_length"
"79340","None","Default_Length_Conversion","use_measured_length_type"
"79351","None","Default_TS_Relationship","squids"
"79351","None","Specific_TS_Relationship","squids"
"79351","None","Primary_Length_Type","mantle_length"
"79351","None","Secondary_Length_Type","total_length"
"79351","None","Default_Length_Conversion","use_measured_length_type"
"79352","None","Default_TS_Relationship","squids"
"79352","None","Specific_TS_Relationship","squids"
"79352","None","Primary_Length_Type","mantle_length"
"79352","None","Secondary_Length_Type","total_length"
"79352","None","Default_Length_Conversion","use_measured_length_type"
"79403","None","Default_TS_Relationship","squids"
"79403","None","Specific_TS_Relationship","squids"
"79403","None","Primary_Length_Type","mantle_length"
"79403","None","Secondary_Length_Type","total_length"
"79403","None","Default_Length_Conversion","use_measured_length_type"
"79404","None","Default_TS_Relationship","squids"
"79404","None","Specific_TS_Relationship","squids"
"79404","None","Primary_Length_Type","mantle_length"
"79404","None","Secondary_Length_Type","total_length"
"79404","None","Default_Length_Conversion","use_measured_length_type"
"79405","None","Default_TS_Relationship","squids"
"79405","None","Specific_TS_Relationship","squids"
"79405","None","Primary_Length_Type","mantle_length"
"79405","None","Secondary_Length_Type","total_length"
"79405","None","Default_Length_Conversion","use_measured_length_type"
"79406","None","Default_TS_Relationship","squids"
"79406","None","Specific_TS_Relationship","squids"
"79406","None","Primary_Length_Type","mantle_length"
"79406","None","Secondary_Length_Type","total_length"
"79406","None","Default_Length_Conversion","use_measured_length_type"
"79440","None","Default_TS_Relationship","squids"
"79440","None","Specific_TS_Relationship","squids"
"79440","None","Primary_Length_Type","mantle_length"
"79440","None","Secondary_Length_Type","total_length"
"79440","None","Default_Length_Conversion","use_measured_length_type"
"79442","None","Default_TS_Relationship","squids"
"79442","None","Specific_TS_Relationship","squids"
"79442","None","Primary_Length_Type","mantle_length"
"79442","None","Secondary_Length_Type","total_length"
"79442","None","Default_Length_Conversion","use_measured_length_type"
"79504","None","Default_TS_Relationship","squids"
"79504","None","Specific_TS_Relationship","squids"
"79504","None","Primary_Length_Type","mantle_length"
"79504","None","Secondary_Length_Type","total_length"
"79504","None","Default_Length_Conversion","use_measured_length_type"
"79509","None","Default_TS_Relationship","squids"
"79509","None","Specific_TS_Relationship","squids"
"79509","None","Primary_Length_Type","mantle_length"
"79509","None","Secondary_Length_Type","total_length"
"79509","None","Default_Length_Conversion","use_measured_length_type"
"79510","None","Default_TS_Relationship","squids"
"79510","None","Specific_TS_Relationship","squids"
"79510","None","Primary_Length_Type","mantle_length"
"79510","None","Secondary_Length_Type","total_length"
"79510","None","Default_Length_Conversion","use_measured_length_type"
"79512","None","Default_TS_Relationship","squids"
"79512","None","Specific_TS_Relationship","squids"
"79512","None","Primary_Length_Type","mantle_length"
"79512","None","Secondary_Length_Type","total_length"
"79512","None","Default_Length_Conversion","use_measured_length_type"
"80000","None","Default_TS_Relationship","non_scaling"
"80000","None","Specific_TS_Relationship","non_scaling"
"80000","None","Primary_Length_Type","total_length"
"80000","None","Secondary_Length_Type","total_length"
"80000","None","Default_Length_Conversion","use_measured_length_type"
"80005","None","Default_TS_Relationship","non_scaling"
"80005","None","Specific_TS_Relationship","non_scaling"
"80005","None","Primary_Length_Type","total_length"
"80005","None","Secondary_Length_Type","total_length"
"80005","None","Default_Length_Conversion","use_measured_length_type"
"80006","None","Default_TS_Relationship","non_scaling"
"80006","None","Specific_TS_Relationship","non_scaling"
"80006","None","Primary_Length_Type","total_length"
"80006","None","Secondary_Length_Type","total_length"
"80006","None","Default_Length_Conversion","use_measured_length_type"
"80010","None","Default_TS_Relationship","non_scaling"
"80010","None","Specific_TS_Relationship","non_scaling"
"80010","None","Primary_Length_Type","total_length"
"80010","None","Secondary_Length_Type","total_length"
"80010","None","Default_Length_Conversion","use_measured_length_type"
"80015","None","Default_TS_Relationship","non_scaling"
"80015","None","Specific_TS_Relationship","non_scaling"
"80015","None","Primary_Length_Type","total_length"
"80015","None","Secondary_Length_Type","total_length"
"80015","None","Default_Length_Conversion","use_measured_length_type"
"80018","None","Default_TS_Relationship","non_scaling"
"80018","None","Specific_TS_Relationship","non_scaling"
"80018","None","Primary_Length_Type","total_length"
"80018","None","Secondary_Length_Type","total_length"
"80018","None","Default_Length_Conversion","use_measured_length_type"
"80020","None","Default_TS_Relationship","non_scaling"
"80020","None","Specific_TS_Relationship","non_scaling"
"80020","None","Primary_Length_Type","total_length"
"80020","None","Secondary_Length_Type","total_length"
"80020","None","Default_Length_Conversion","use_measured_length_type"
"80030","None","Default_TS_Relationship","non_scaling"
"80030","None","Specific_TS_Relationship","non_scaling"
"80030","None","Primary_Length_Type","total_length"
"80030","None","Secondary_Length_Type","total_length"
"80030","None","Default_Length_Conversion","use_measured_length_type"
"80105","None","Default_TS_Relationship","non_scaling"
"80105","None","Specific_TS_Relationship","non_scaling"
"80105","None","Primary_Length_Type","total_length"
"80105","None","Secondary_Length_Type","total_length"
"80105","None","Default_Length_Conversion","use_measured_length_type"
"80106","None","Default_TS_Relationship","non_scaling"
"80106","None","Specific_TS_Relationship","non_scaling"
"80106","None","Primary_Length_Type","total_length"
"80106","None","Secondary_Length_Type","total_length"
"80106","None","Default_Length_Conversion","use_measured_length_type"
"80110","None","Default_TS_Relationship","non_scaling"
"80110","None","Specific_TS_Relationship","non_scaling"
"80110","None","Primary_Length_Type","total_length"
"80110","None","Secondary_Length_Type","total_length"
"80110","None","Default_Length_Conversion","use_measured_length_type"
"80111","None","Default_TS_Relationship","non_scaling"
"80111","None","Specific_TS_Relationship","non_scaling"
"80111","None","Primary_Length_Type","total_length"
"80111","None","Secondary_Length_Type","total_length"
"80111","None","Default_Length_Conversion","use_measured_length_type"
"80112","None","Default_TS_Relationship","non_scaling"
"80112","None","Specific_TS_Relationship","non_scaling"
"80112","None","Primary_Length_Type","total_length"
"80112","None","Secondary_Length_Type","total_length"
"80112","None","Default_Length_Conversion","use_measured_length_type"
"80115","None","Default_TS_Relationship","non_scaling"
"80115","None","Specific_TS_Relationship","non_scaling"
"80115","None","Primary_Length_Type","total_length"
"80115","None","Secondary_Length_Type","total_length"
"80115","None","Default_Length_Conversion","use_measured_length_type"
"80120","None","Default_TS_Relationship","non_scaling"
"80120","None","Specific_TS_Relationship","non_scaling"
"80120","None","Primary_Length_Type","total_length"
"80120","None","Secondary_Length_Type","total_length"
"80120","None","Default_Length_Conversion","use_measured_length_type"
"80160","None","Default_TS_Relationship","non_scaling"
"80160","None","Specific_TS_Relationship","non_scaling"
"80160","None","Primary_Length_Type","total_length"
"80160","None","Secondary_Length_Type","total_length"
"80160","None","Default_Length_Conversion","use_measured_length_type"
"80170","None","Default_TS_Relationship","non_scaling"
"80170","None","Specific_TS_Relationship","non_scaling"
"80170","None","Primary_Length_Type","total_length"
"80170","None","Secondary_Length_Type","total_length"
"80170","None","Default_Length_Conversion","use_measured_length_type"
"80171","None","Default_TS_Relationship","non_scaling"
"80171","None","Specific_TS_Relationship","non_scaling"
"80171","None","Primary_Length_Type","total_length"
"80171","None","Secondary_Length_Type","total_length"
"80171","None","Default_Length_Conversion","use_measured_length_type"
"80180","None","Default_TS_Relationship","non_scaling"
"80180","None","Specific_TS_Relationship","non_scaling"
"80180","None","Primary_Length_Type","total_length"
"80180","None","Secondary_Length_Type","total_length"
"80180","None","Default_Length_Conversion","use_measured_length_type"
"80182","None","Default_TS_Relationship","non_scaling"
"80182","None","Specific_TS_Relationship","non_scaling"
"80182","None","Primary_Length_Type","total_length"
"80182","None","Secondary_Length_Type","total_length"
"80182","None","Default_Length_Conversion","use_measured_length_type"
"80190","None","Default_TS_Relationship","non_scaling"
"80190","None","Specific_TS_Relationship","non_scaling"
"80190","None","Primary_Length_Type","total_length"
"80190","None","Secondary_Length_Type","total_length"
"80190","None","Default_Length_Conversion","use_measured_length_type"
"80200","None","Default_TS_Relationship","non_scaling"
"80200","None","Specific_TS_Relationship","non_scaling"
"80200","None","Primary_Length_Type","total_length"
"80200","None","Secondary_Length_Type","total_length"
"80200","None","Default_Length_Conversion","use_measured_length_type"
"80220","None","Default_TS_Relationship","non_scaling"
"80220","None","Specific_TS_Relationship","non_scaling"
"80220","None","Primary_Length_Type","total_length"
"80220","None","Secondary_Length_Type","total_length"
"80220","None","Default_Length_Conversion","use_measured_length_type"
"80230","None","Default_TS_Relationship","non_scaling"
"80230","None","Specific_TS_Relationship","non_scaling"
"80230","None","Primary_Length_Type","total_length"
"80230","None","Secondary_Length_Type","total_length"
"80230","None","Default_Length_Conversion","use_measured_length_type"
"80250","None","Default_TS_Relationship","non_scaling"
"80250","None","Specific_TS_Relationship","non_scaling"
"80250","None","Primary_Length_Type","total_length"
"80250","None","Secondary_Length_Type","total_length"
"80250","None","Default_Length_Conversion","use_measured_length_type"
"80310","None","Default_TS_Relationship","non_scaling"
"80310","None","Specific_TS_Relationship","non_scaling"
"80310","None","Primary_Length_Type","total_length"
"80310","None","Secondary_Length_Type","total_length"
"80310","None","Default_Length_Conversion","use_measured_length_type"
"80311","None","Default_TS_Relationship","non_scaling"
"80311","None","Specific_TS_Relationship","non_scaling"
"80311","None","Primary_Length_Type","total_length"
"80311","None","Secondary_Length_Type","total_length"
"80311","None","Default_Length_Conversion","use_measured_length_type"
"80312","None","Default_TS_Relationship","non_scaling"
"80312","None","Specific_TS_Relationship","non_scaling"
"80312","None","Primary_Length_Type","total_length"
"80312","None","Secondary_Length_Type","total_length"
"80312","None","Default_Length_Conversion","use_measured_length_type"
"80520","None","Default_TS_Relationship","non_scaling"
"80520","None","Specific_TS_Relationship","non_scaling"
"80520","None","Primary_Length_Type","total_length"
"80520","None","Secondary_Length_Type","total_length"
"80520","None","Default_Length_Conversion","use_measured_length_type"
"80525","None","Default_TS_Relationship","non_scaling"
"80525","None","Specific_TS_Relationship","non_scaling"
"80525","None","Primary_Length_Type","total_length"
"80525","None","Secondary_Length_Type","total_length"
"80525","None","Default_Length_Conversion","use_measured_length_type"
"80540","None","Default_TS_Relationship","non_scaling"
"80540","None","Specific_TS_Relationship","non_scaling"
"80540","None","Primary_Length_Type","total_length"
"80540","None","Secondary_Length_Type","total_length"
"80540","None","Default_Length_Conversion","use_measured_length_type"
"80541","None","Default_TS_Relationship","non_scaling"
"80541","None","Specific_TS_Relationship","non_scaling"
"80541","None","Primary_Length_Type","total_length"
"80541","None","Secondary_Length_Type","total_length"
"80541","None","Default_Length_Conversion","use_measured_length_type"
"80542","None","Default_TS_Relationship","non_scaling"
"80542","None","Specific_TS_Relationship","non_scaling"
"80542","None","Primary_Length_Type","total_length"
"80542","None","Secondary_Length_Type","total_length"
"80542","None","Default_Length_Conversion","use_measured_length_type"
"80543","None","Default_TS_Relationship","non_scaling"
"80543","None","Specific_TS_Relationship","non_scaling"
"80543","None","Primary_Length_Type","total_length"
"80543","None","Secondary_Length_Type","total_length"
"80543","None","Default_Length_Conversion","use_measured_length_type"
"80544","None","Default_TS_Relationship","non_scaling"
"80544","None","Specific_TS_Relationship","non_scaling"
"80544","None","Primary_Length_Type","total_length"
"80544","None","Secondary_Length_Type","total_length"
"80544","None","Default_Length_Conversion","use_measured_length_type"
"80546","None","Default_TS_Relationship","non_scaling"
"80546","None","Specific_TS_Relationship","non_scaling"
"80546","None","Primary_Length_Type","total_length"
"80546","None","Secondary_Length_Type","total_length"
"80546","None","Default_Length_Conversion","use_measured_length_type"
"80547","None","Default_TS_Relationship","non_scaling"
"80547","None","Specific_TS_Relationship","non_scaling"
"80547","None","Primary_Length_Type","total_length"
"80547","None","Secondary_Length_Type","total_length"
"80547","None","Default_Length_Conversion","use_measured_length_type"
"80548","None","Default_TS_Relationship","non_scaling"
"80548","None","Specific_TS_Relationship","non_scaling"
"80548","None","Primary_Length_Type","total_length"
"80548","None","Secondary_Length_Type","total_length"
"80548","None","Default_Length_Conversion","use_measured_length_type"
"80549","None","Default_TS_Relationship","non_scaling"
"80549","None","Specific_TS_Relationship","non_scaling"
"80549","None","Primary_Length_Type","total_length"
"80549","None","Secondary_Length_Type","total_length"
"80550","None","Default_TS_Relationship","non_scaling"
"80549","None","Default_Length_Conversion","use_measured_length_type"
"80550","None","Specific_TS_Relationship","non_scaling"
"80550","None","Primary_Length_Type","total_length"
"80550","None","Secondary_Length_Type","total_length"
"80550","None","Default_Length_Conversion","use_measured_length_type"
"80551","None","Default_TS_Relationship","non_scaling"
"80551","None","Specific_TS_Relationship","non_scaling"
"80551","None","Primary_Length_Type","total_length"
"80551","None","Secondary_Length_Type","total_length"
"80551","None","Default_Length_Conversion","use_measured_length_type"
"80590","None","Default_TS_Relationship","non_scaling"
"80590","None","Specific_TS_Relationship","non_scaling"
"80590","None","Primary_Length_Type","total_length"
"80590","None","Secondary_Length_Type","total_length"
"80590","None","Default_Length_Conversion","use_measured_length_type"
"80594","None","Default_TS_Relationship","non_scaling"
"80594","None","Specific_TS_Relationship","non_scaling"
"80594","None","Primary_Length_Type","total_length"
"80594","None","Secondary_Length_Type","total_length"
"80594","None","Default_Length_Conversion","use_measured_length_type"
"80595","None","Default_TS_Relationship","non_scaling"
"80595","None","Specific_TS_Relationship","non_scaling"
"80595","None","Primary_Length_Type","total_length"
"80595","None","Secondary_Length_Type","total_length"
"80595","None","Default_Length_Conversion","use_measured_length_type"
"80596","None","Default_TS_Relationship","non_scaling"
"80596","None","Specific_TS_Relationship","non_scaling"
"80596","None","Primary_Length_Type","total_length"
"80596","None","Secondary_Length_Type","total_length"
"80596","None","Default_Length_Conversion","use_measured_length_type"
"80601","None","Default_TS_Relationship","non_scaling"
"80601","None","Specific_TS_Relationship","non_scaling"
"80601","None","Primary_Length_Type","total_length"
"80601","None","Secondary_Length_Type","total_length"
"80601","None","Default_Length_Conversion","use_measured_length_type"
"80602","None","Default_TS_Relationship","non_scaling"
"80602","None","Specific_TS_Relationship","non_scaling"
"80602","None","Primary_Length_Type","total_length"
"80602","None","Secondary_Length_Type","total_length"
"80602","None","Default_Length_Conversion","use_measured_length_type"
"80610","None","Default_TS_Relationship","non_scaling"
"80610","None","Specific_TS_Relationship","non_scaling"
"80610","None","Primary_Length_Type","total_length"
"80610","None","Secondary_Length_Type","total_length"
"80610","None","Default_Length_Conversion","use_measured_length_type"
"80620","None","Default_TS_Relationship","non_scaling"
"80620","None","Specific_TS_Relationship","non_scaling"
"80620","None","Primary_Length_Type","total_length"
"80620","None","Secondary_Length_Type","total_length"
"80620","None","Default_Length_Conversion","use_measured_length_type"
"80624","None","Default_TS_Relationship","non_scaling"
"80624","None","Specific_TS_Relationship","non_scaling"
"80624","None","Primary_Length_Type","total_length"
"80624","None","Secondary_Length_Type","total_length"
"80624","None","Default_Length_Conversion","use_measured_length_type"
"80625","None","Default_TS_Relationship","non_scaling"
"80625","None","Specific_TS_Relationship","non_scaling"
"80625","None","Primary_Length_Type","total_length"
"80625","None","Secondary_Length_Type","total_length"
"80625","None","Default_Length_Conversion","use_measured_length_type"
"80630","None","Default_TS_Relationship","non_scaling"
"80630","None","Specific_TS_Relationship","non_scaling"
"80630","None","Primary_Length_Type","total_length"
"80630","None","Secondary_Length_Type","total_length"
"80630","None","Default_Length_Conversion","use_measured_length_type"
"80631","None","Default_TS_Relationship","non_scaling"
"80631","None","Specific_TS_Relationship","non_scaling"
"80631","None","Primary_Length_Type","total_length"
"80631","None","Secondary_Length_Type","total_length"
"80631","None","Default_Length_Conversion","use_measured_length_type"
"80632","None","Default_TS_Relationship","non_scaling"
"80632","None","Specific_TS_Relationship","non_scaling"
"80632","None","Primary_Length_Type","total_length"
"80632","None","Secondary_Length_Type","total_length"
"80632","None","Default_Length_Conversion","use_measured_length_type"
"80633","None","Default_TS_Relationship","non_scaling"
"80633","None","Specific_TS_Relationship","non_scaling"
"80633","None","Primary_Length_Type","total_length"
"80633","None","Secondary_Length_Type","total_length"
"80633","None","Default_Length_Conversion","use_measured_length_type"
"80640","None","Default_TS_Relationship","non_scaling"
"80640","None","Specific_TS_Relationship","non_scaling"
"80640","None","Primary_Length_Type","total_length"
"80640","None","Secondary_Length_Type","total_length"
"80640","None","Default_Length_Conversion","use_measured_length_type"
"80645","None","Default_TS_Relationship","non_scaling"
"80645","None","Specific_TS_Relationship","non_scaling"
"80645","None","Primary_Length_Type","total_length"
"80645","None","Secondary_Length_Type","total_length"
"80645","None","Default_Length_Conversion","use_measured_length_type"
"80650","None","Default_TS_Relationship","non_scaling"
"80650","None","Specific_TS_Relationship","non_scaling"
"80650","None","Primary_Length_Type","total_length"
"80650","None","Secondary_Length_Type","total_length"
"80650","None","Default_Length_Conversion","use_measured_length_type"
"80660","None","Default_TS_Relationship","non_scaling"
"80660","None","Specific_TS_Relationship","non_scaling"
"80660","None","Primary_Length_Type","total_length"
"80660","None","Secondary_Length_Type","total_length"
"80660","None","Default_Length_Conversion","use_measured_length_type"
"80670","None","Default_TS_Relationship","non_scaling"
"80670","None","Specific_TS_Relationship","non_scaling"
"80670","None","Primary_Length_Type","total_length"
"80670","None","Secondary_Length_Type","total_length"
"80670","None","Default_Length_Conversion","use_measured_length_type"
"80690","None","Default_TS_Relationship","non_scaling"
"80690","None","Specific_TS_Relationship","non_scaling"
"80690","None","Primary_Length_Type","total_length"
"80690","None","Secondary_Length_Type","total_length"
"80690","None","Default_Length_Conversion","use_measured_length_type"
"80691","None","Default_TS_Relationship","non_scaling"
"80691","None","Specific_TS_Relationship","non_scaling"
"80691","None","Primary_Length_Type","total_length"
"80691","None","Secondary_Length_Type","total_length"
"80691","None","Default_Length_Conversion","use_measured_length_type"
"80710","None","Default_TS_Relationship","non_scaling"
"80710","None","Specific_TS_Relationship","non_scaling"
"80710","None","Primary_Length_Type","total_length"
"80710","None","Secondary_Length_Type","total_length"
"80710","None","Default_Length_Conversion","use_measured_length_type"
"80728","None","Default_TS_Relationship","non_scaling"
"80728","None","Specific_TS_Relationship","non_scaling"
"80728","None","Primary_Length_Type","total_length"
"80728","None","Secondary_Length_Type","total_length"
"80728","None","Default_Length_Conversion","use_measured_length_type"
"80729","None","Default_TS_Relationship","non_scaling"
"80729","None","Specific_TS_Relationship","non_scaling"
"80729","None","Primary_Length_Type","total_length"
"80729","None","Secondary_Length_Type","total_length"
"80729","None","Default_Length_Conversion","use_measured_length_type"
"80730","None","Default_TS_Relationship","non_scaling"
"80730","None","Specific_TS_Relationship","non_scaling"
"80730","None","Primary_Length_Type","total_length"
"80730","None","Secondary_Length_Type","total_length"
"21220","None","Primary_Length_Type","total_length"
"21220","None","Secondary_Length_Type","fork_length"
"21220","None","Default_Length_Conversion","use_measured_length_type"
"21230","None","Default_TS_Relationship","generic_fish_no_swimbladder"
"21230","None","Specific_TS_Relationship","generic_fish_no_swimbladder"
"21230","None","Primary_Length_Type","preanal_fin_length"
"21230","None","Secondary_Length_Type","total_length"
"21230","None","Default_Length_Conversion","use_measured_length_type"
"21232","None","Default_TS_Relationship","generic_fish_no_swimbladder"
"21232","None","Specific_TS_Relationship","generic_fish_no_swimbladder"
"21232","None","Primary_Length_Type","total_length"
"21232","None","Secondary_Length_Type","fork_length"
"21232","None","Default_Length_Conversion","use_measured_length_type"
"21238","None","Default_TS_Relationship","generic_fish_no_swimbladder"
"21238","None","Specific_TS_Relationship","generic_fish_no_swimbladder"
"21238","None","Primary_Length_Type","total_length"
"21238","None","Secondary_Length_Type","fork_length"
"21238","None","Default_Length_Conversion","use_measured_length_type"
"21239","None","Default_TS_Relationship","generic_fish_no_swimbladder"
"21239","None","Specific_TS_Relationship","generic_fish_no_swimbladder"
"21239","None","Primary_Length_Type","total_length"
"21239","None","Secondary_Length_Type","fork_length"
"21239","None","Default_Length_Conversion","use_measured_length_type"
"21240","None","Default_TS_Relationship","generic_fish_no_swimbladder"
"21240","None","Specific_TS_Relationship","generic_fish_no_swimbladder"
"21240","None","Primary_Length_Type","total_length"
"21240","None","Secondary_Length_Type","fork_length"
"21240","None","Default_Length_Conversion","use_measured_length_type"
"21300","None","Default_TS_Relationship","generic_fish_no_swimbladder"
"21300","None","Specific_TS_Relationship","generic_fish_no_swimbladder"
"21300","None","Primary_Length_Type","total_length"
"21300","None","Secondary_Length_Type","fork_length"
"21300","None","Default_Length_Conversion","use_measured_length_type"
"21305","None","Default_TS_Relationship","generic_fish_no_swimbladder"
"21305","None","Specific_TS_Relationship","generic_fish_no_swimbladder"
"21305","None","Primary_Length_Type","total_length"
"21305","None","Secondary_Length_Type","fork_length"
"21305","None","Default_Length_Conversion","use_measured_length_type"
"21307","None","Default_TS_Relationship","generic_fish_no_swimbladder"
"21307","None","Specific_TS_Relationship","generic_fish_no_swimbladder"
"21307","None","Primary_Length_Type","total_length"
"21307","None","Secondary_Length_Type","fork_length"
"21307","None","Default_Length_Conversion","use_measured_length_type"
"21308","None","Default_TS_Relationship","generic_fish_no_swimbladder"
"21308","None","Specific_TS_Relationship","generic_fish_no_swimbladder"
"21308","None","Primary_Length_Type","total_length"
"21308","None","Secondary_Length_Type","fork_length"
"21308","None","Default_Length_Conversion","use_measured_length_type"
"21309","None","Default_TS_Relationship","generic_fish_no_swimbladder"
"21309","None","Specific_TS_Relationship","generic_fish_no_swimbladder"
"21309","None","Primary_Length_Type","total_length"
"21309","None","Secondary_Length_Type","fork_length"
"21309","None","Default_Length_Conversion","use_measured_length_type"
"21310","None","Default_TS_Relationship","generic_fish_no_swimbladder"
"21310","None","Specific_TS_Relationship","generic_fish_no_swimbladder"
"21310","None","Primary_Length_Type","total_length"
"21310","None","Secondary_Length_Type","fork_length"
"21310","None","Default_Length_Conversion","use_measured_length_type"
"21311","None","Default_TS_Relationship","generic_fish_no_swimbladder"
"21311","None","Specific_TS_Relationship","generic_fish_no_swimbladder"
"21311","None","Primary_Length_Type","total_length"
"21311","None","Secondary_Length_Type","fork_length"
"21311","None","Default_Length_Conversion","use_measured_length_type"
"21312","None","Default_TS_Relationship","generic_fish_no_swimbladder"
"21312","None","Specific_TS_Relationship","generic_fish_no_swimbladder"
"21312","None","Primary_Length_Type","total_length"
"21312","None","Secondary_Length_Type","fork_length"
"21312","None","Default_Length_Conversion","use_measured_length_type"
"21313","None","Default_TS_Relationship","generic_fish_no_swimbladder"
"21313","None","Specific_TS_Relationship","generic_fish_no_swimbladder"
"21313","None","Primary_Length_Type","total_length"
"21313","None","Secondary_Length_Type","fork_length"
"21313","None","Default_Length_Conversion","use_measured_length_type"
"21314","None","Default_TS_Relationship","generic_fish_no_swimbladder"
"21314","None","Specific_TS_Relationship","generic_fish_no_swimbladder"
"21314","None","Primary_Length_Type","total_length"
"21314","None","Secondary_Length_Type","fork_length"
"21314","None","Default_Length_Conversion","use_measured_length_type"
"21315","None","Default_TS_Relationship","generic_fish_no_swimbladder"
"21315","None","Specific_TS_Relationship","generic_fish_no_swimbladder"
"21315","None","Primary_Length_Type","total_length"
"21315","None","Secondary_Length_Type","fork_length"
"21315","None","Default_Length_Conversion","use_measured_length_type"
"21316","None","Default_TS_Relationship","generic_fish_no_swimbladder"
"21316","None","Specific_TS_Relationship","generic_fish_no_swimbladder"
"21316","None","Primary_Length_Type","total_length"
"21316","None","Secondary_Length_Type","fork_length"
"21316","None","Default_Length_Conversion","use_measured_length_type"
"21318","None","Default_TS_Relationship","generic_fish_no_swimbladder"
"21318","None","Specific_TS_Relationship","generic_fish_no_swimbladder"
"21318","None","Primary_Length_Type","total_length"
"21318","None","Secondary_Length_Type","fork_length"
"21318","None","Default_Length_Conversion","use_measured_length_type"
"21320","None","Default_TS_Relationship","generic_fish_no_swimbladder"
"21320","None","Specific_TS_Relationship","generic_fish_no_swimbladder"
"21320","None","Primary_Length_Type","total_length"
"21320","None","Secondary_Length_Type","fork_length"
"21320","None","Default_Length_Conversion","use_measured_length_type"
"21327","None","Default_TS_Relationship","generic_fish_no_swimbladder"
"21327","None","Specific_TS_Relationship","generic_fish_no_swimbladder"
"21327","None","Primary_Length_Type","total_length"
"21327","None","Secondary_Length_Type","fork_length"
"21327","None","Default_Length_Conversion","use_measured_length_type"
"21329","None","Default_TS_Relationship","generic_fish_no_swimbladder"
"21329","None","Specific_TS_Relationship","generic_fish_no_swimbladder"
"21329","None","Primary_Length_Type","total_length"
"21329","None","Secondary_Length_Type","fork_length"
"21329","None","Default_Length_Conversion","use_measured_length_type"
"21330","None","Default_TS_Relationship","generic_fish_no_swimbladder"
"21330","None","Specific_TS_Relationship","generic_fish_no_swimbladder"
"21330","None","Primary_Length_Type","total_length"
"21330","None","Secondary_Length_Type","fork_length"
"21330","None","Default_Length_Conversion","use_measured_length_type"
"21331","None","Default_TS_Relationship","generic_fish_no_swimbladder"
"21331","None","Specific_TS_Relationship","generic_fish_no_swimbladder"
"21331","None","Primary_Length_Type","total_length"
"21331","None","Secondary_Length_Type","fork_length"
"21331","None","Default_Length_Conversion","use_measured_length_type"
"21332","None","Default_TS_Relationship","generic_fish_no_swimbladder"
"21332","None","Specific_TS_Relationship","generic_fish_no_swimbladder"
"21332","None","Primary_Length_Type","total_length"
"21332","None","Secondary_Length_Type","fork_length"
"21332","None","Default_Length_Conversion","use_measured_length_type"
"21333","None","Default_TS_Relationship","generic_fish_no_swimbladder"
"21333","None","Specific_TS_Relationship","generic_fish_no_swimbladder"
"21333","None","Primary_Length_Type","total_length"
"21333","None","Secondary_Length_Type","fork_length"
"21333","None","Default_Length_Conversion","use_measured_length_type"
"21334","None","Default_TS_Relationship","generic_fish_no_swimbladder"
"21334","None","Specific_TS_Relationship","generic_fish_no_swimbladder"
"21334","None","Primary_Length_Type","total_length"
"21334","None","Secondary_Length_Type","fork_length"
"21334","None","Default_Length_Conversion","use_measured_length_type"
"21335","None","Default_TS_Relationship","generic_fish_no_swimbladder"
"21335","None","Specific_TS_Relationship","generic_fish_no_swimbladder"
"21335","None","Primary_Length_Type","total_length"
"21335","None","Default_Length_Conversion","use_measured_length_type"
"21336","None","Default_TS_Relationship","generic_fish_no_swimbladder"
"21335","None","Secondary_Length_Type","fork_length"
"21336","None","Specific_TS_Relationship","generic_fish_no_swimbladder"
"21336","None","Primary_Length_Type","total_length"
"21336","None","Secondary_Length_Type","fork_length"
"21336","None","Default_Length_Conversion","use_measured_length_type"
"21337","None","Default_TS_Relationship","generic_fish_no_swimbladder"
"21337","None","Specific_TS_Relationship","generic_fish_no_swimbladder"
"21337","None","Primary_Length_Type","total_length"
"21337","None","Secondary_Length_Type","fork_length"
"21337","None","Default_Length_Conversion","use_measured_length_type"
"21338","None","Default_TS_Relationship","generic_fish_no_swimbladder"
"21338","None","Specific_TS_Relationship","generic_fish_no_swimbladder"
"21338","None","Primary_Length_Type","total_length"
"21338","None","Secondary_Length_Type","fork_length"
"21338","None","Default_Length_Conversion","use_measured_length_type"
"21339","None","Default_TS_Relationship","generic_fish_no_swimbladder"
"21339","None","Specific_TS_Relationship","generic_fish_no_swimbladder"
"21339","None","Primary_Length_Type","total_length"
"21339","None","Secondary_Length_Type","fork_length"
"21339","None","Default_Length_Conversion","use_measured_length_type"
"21340","None","Default_TS_Relationship","generic_fish_no_swimbladder"
"21340","None","Specific_TS_Relationship","generic_fish_no_swimbladder"
"21340","None","Primary_Length_Type","total_length"
"21340","None","Secondary_Length_Type","fork_length"
"21340","None","Default_Length_Conversion","use_measured_length_type"
"21341","None","Default_TS_Relationship","generic_fish_no_swimbladder"
"21341","None","Specific_TS_Relationship","generic_fish_no_swimbladder"
"21341","None","Primary_Length_Type","total_length"
"21341","None","Secondary_Length_Type","fork_length"
"21341","None","Default_Length_Conversion","use_measured_length_type"
"21342","None","Default_TS_Relationship","generic_fish_no_swimbladder"
"21342","None","Specific_TS_Relationship","generic_fish_no_swimbladder"
"21342","None","Primary_Length_Type","total_length"
"21342","None","Secondary_Length_Type","fork_length"
"21342","None","Default_Length_Conversion","use_measured_length_type"
"21343","None","Default_TS_Relationship","generic_fish_no_swimbladder"
"21343","None","Specific_TS_Relationship","generic_fish_no_swimbladder"
"21343","None","Primary_Length_Type","total_length"
"21343","None","Secondary_Length_Type","fork_length"
"21343","None","Default_Length_Conversion","use_measured_length_type"
"21344","None","Default_TS_Relationship","generic_fish_no_swimbladder"
"21344","None","Specific_TS_Relationship","generic_fish_no_swimbladder"
"21344","None","Primary_Length_Type","total_length"
"21344","None","Secondary_Length_Type","fork_length"
"21344","None","Default_Length_Conversion","use_measured_length_type"
"21345","None","Default_TS_Relationship","generic_fish_no_swimbladder"
"21345","None","Specific_TS_Relationship","generic_fish_no_swimbladder"
"21345","None","Primary_Length_Type","total_length"
"21345","None","Secondary_Length_Type","fork_length"
"21345","None","Default_Length_Conversion","use_measured_length_type"
"21346","None","Default_TS_Relationship","generic_fish_no_swimbladder"
"21346","None","Specific_TS_Relationship","generic_fish_no_swimbladder"
"21346","None","Primary_Length_Type","total_length"
"21346","None","Secondary_Length_Type","fork_length"
"21346","None","Default_Length_Conversion","use_measured_length_type"
"21347","None","Default_TS_Relationship","generic_fish_no_swimbladder"
"21347","None","Specific_TS_Relationship","generic_fish_no_swimbladder"
"21347","None","Primary_Length_Type","total_length"
"21347","None","Secondary_Length_Type","fork_length"
"21347","None","Default_Length_Conversion","use_measured_length_type"
"21348","None","Default_TS_Relationship","generic_fish_no_swimbladder"
"21348","None","Specific_TS_Relationship","generic_fish_no_swimbladder"
"21348","None","Primary_Length_Type","total_length"
"21348","None","Secondary_Length_Type","fork_length"
"21348","None","Default_Length_Conversion","use_measured_length_type"
"21349","None","Default_TS_Relationship","generic_fish_no_swimbladder"
"21349","None","Specific_TS_Relationship","generic_fish_no_swimbladder"
"21349","None","Primary_Length_Type","total_length"
"21349","None","Secondary_Length_Type","fork_length"
"21349","None","Default_Length_Conversion","use_measured_length_type"
"21350","None","Default_TS_Relationship","generic_fish_no_swimbladder"
"21350","None","Specific_TS_Relationship","generic_fish_no_swimbladder"
"21350","None","Primary_Length_Type","total_length"
"21350","None","Secondary_Length_Type","fork_length"
"21350","None","Default_Length_Conversion","use_measured_length_type"
"21352","None","Default_TS_Relationship","generic_fish_no_swimbladder"
"21352","None","Specific_TS_Relationship","generic_fish_no_swimbladder"
"21352","None","Primary_Length_Type","total_length"
"21352","None","Secondary_Length_Type","fork_length"
"21352","None","Default_Length_Conversion","use_measured_length_type"
"21353","None","Default_TS_Relationship","generic_fish_no_swimbladder"
"21353","None","Specific_TS_Relationship","generic_fish_no_swimbladder"
"21353","None","Primary_Length_Type","total_length"
"21353","None","Secondary_Length_Type","fork_length"
"21353","None","Default_Length_Conversion","use_measured_length_type"
"21354","None","Default_TS_Relationship","generic_fish_no_swimbladder"
"21354","None","Specific_TS_Relationship","generic_fish_no_swimbladder"
"21354","None","Primary_Length_Type","total_length"
"21354","None","Secondary_Length_Type","fork_length"
"21354","None","Default_Length_Conversion","use_measured_length_type"
"21355","None","Default_TS_Relationship","generic_fish_no_swimbladder"
"21355","None","Specific_TS_Relationship","generic_fish_no_swimbladder"
"21355","None","Primary_Length_Type","total_length"
"21355","None","Secondary_Length_Type","fork_length"
"21355","None","Default_Length_Conversion","use_measured_length_type"
"21356","None","Default_TS_Relationship","generic_fish_no_swimbladder"
"21356","None","Specific_TS_Relationship","generic_fish_no_swimbladder"
"21356","None","Primary_Length_Type","total_length"
"21356","None","Secondary_Length_Type","fork_length"
"21356","None","Default_Length_Conversion","use_measured_length_type"
"21359","None","Default_TS_Relationship","generic_fish_no_swimbladder"
"21359","None","Specific_TS_Relationship","generic_fish_no_swimbladder"
"21359","None","Primary_Length_Type","total_length"
"21359","None","Secondary_Length_Type","fork_length"
"21359","None","Default_Length_Conversion","use_measured_length_type"
"21360","None","Default_TS_Relationship","generic_fish_no_swimbladder"
"21360","None","Specific_TS_Relationship","generic_fish_no_swimbladder"
"21360","None","Primary_Length_Type","total_length"
"21360","None","Secondary_Length_Type","fork_length"
"21360","None","Default_Length_Conversion","use_measured_length_type"
"21363","None","Default_TS_Relationship","generic_fish_no_swimbladder"
"21363","None","Specific_TS_Relationship","generic_fish_no_swimbladder"
"21363","None","Primary_Length_Type","total_length"
"21363","None","Secondary_Length_Type","fork_length"
"21363","None","Default_Length_Conversion","use_measured_length_type"
"21366","None","Default_TS_Relationship","generic_fish_no_swimbladder"
"21366","None","Specific_TS_Relationship","generic_fish_no_swimbladder"
"21366","None","Primary_Length_Type","total_length"
"21366","None","Secondary_Length_Type","fork_length"
"21366","None","Default_Length_Conversion","use_measured_length_type"
"21368","None","Default_TS_Relationship","generic_fish_no_swimbladder"
"21368","None","Specific_TS_Relationship","generic_fish_no_swimbladder"
"21368","None","Primary_Length_Type","total_length"
"21368","None","Secondary_Length_Type","fork_length"
"21368","None","Default_Length_Conversion","use_measured_length_type"
"21369","None","Default_TS_Relationship","generic_fish_no_swimbladder"
"21369","None","Specific_TS_Relationship","generic_fish_no_swimbladder"
"21369","None","Primary_Length_Type","total_length"
"21369","None","Secondary_Length_Type","fork_length"
"21369","None","Default_Length_Conversion","use_measured_length_type"
"21370","None","Default_TS_Relationship","generic_fish_no_swimbladder"
"21370","None","Specific_TS_Relationship","generic_fish_no_swimbladder"
"21370","None","Primary_Length_Type","total_length"
"21370","None","Secondary_Length_Type","fork_length"
"81870","None","Default_Length_Conversion","use_measured_length_type"
"81875","None","Default_TS_Relationship","non_scaling"
"81875","None","Specific_TS_Relationship","non_scaling"
"81875","None","Primary_Length_Type","total_length"
"81875","None","Secondary_Length_Type","total_length"
"81875","None","Default_Length_Conversion","use_measured_length_type"
"81880","None","Default_TS_Relationship","non_scaling"
"81880","None","Specific_TS_Relationship","non_scaling"
"81880","None","Primary_Length_Type","total_length"
"81880","None","Secondary_Length_Type","total_length"
"81880","None","Default_Length_Conversion","use_measured_length_type"
"81890","None","Default_TS_Relationship","non_scaling"
"81890","None","Specific_TS_Relationship","non_scaling"
"81890","None","Primary_Length_Type","total_length"
"81890","None","Secondary_Length_Type","total_length"
"81890","None","Default_Length_Conversion","use_measured_length_type"
"81910","None","Default_TS_Relationship","non_scaling"
"81910","None","Specific_TS_Relationship","non_scaling"
"81910","None","Primary_Length_Type","total_length"
"81910","None","Secondary_Length_Type","total_length"
"81910","None","Default_Length_Conversion","use_measured_length_type"
"81912","None","Default_TS_Relationship","non_scaling"
"81912","None","Specific_TS_Relationship","non_scaling"
"81912","None","Primary_Length_Type","total_length"
"81912","None","Secondary_Length_Type","total_length"
"81912","None","Default_Length_Conversion","use_measured_length_type"
"81919","None","Default_TS_Relationship","non_scaling"
"81919","None","Specific_TS_Relationship","non_scaling"
"81919","None","Primary_Length_Type","total_length"
"81919","None","Secondary_Length_Type","total_length"
"81919","None","Default_Length_Conversion","use_measured_length_type"
"81920","None","Default_TS_Relationship","non_scaling"
"81920","None","Specific_TS_Relationship","non_scaling"
"81920","None","Primary_Length_Type","total_length"
"81920","None","Secondary_Length_Type","total_length"
"81920","None","Default_Length_Conversion","use_measured_length_type"
"81921","None","Default_TS_Relationship","non_scaling"
"81921","None","Specific_TS_Relationship","non_scaling"
"81921","None","Primary_Length_Type","total_length"
"81921","None","Secondary_Length_Type","total_length"
"81921","None","Default_Length_Conversion","use_measured_length_type"
"81930","None","Default_TS_Relationship","non_scaling"
"81930","None","Specific_TS_Relationship","non_scaling"
"81930","None","Primary_Length_Type","total_length"
"81930","None","Secondary_Length_Type","total_length"
"81930","None","Default_Length_Conversion","use_measured_length_type"
"82000","None","Default_TS_Relationship","non_scaling"
"82000","None","Specific_TS_Relationship","non_scaling"
"82000","None","Primary_Length_Type","total_length"
"82000","None","Secondary_Length_Type","total_length"
"82000","None","Default_Length_Conversion","use_measured_length_type"
"82001","None","Default_TS_Relationship","non_scaling"
"82001","None","Specific_TS_Relationship","non_scaling"
"82001","None","Primary_Length_Type","total_length"
"82001","None","Secondary_Length_Type","total_length"
"82001","None","Default_Length_Conversion","use_measured_length_type"
"82002","None","Default_TS_Relationship","non_scaling"
"82002","None","Specific_TS_Relationship","non_scaling"
"82002","None","Primary_Length_Type","total_length"
"82002","None","Secondary_Length_Type","total_length"
"82002","None","Default_Length_Conversion","use_measured_length_type"
"82030","None","Default_TS_Relationship","non_scaling"
"82030","None","Specific_TS_Relationship","non_scaling"
"82030","None","Primary_Length_Type","total_length"
"82030","None","Secondary_Length_Type","total_length"
"82030","None","Default_Length_Conversion","use_measured_length_type"
"82035","None","Default_TS_Relationship","non_scaling"
"82035","None","Specific_TS_Relationship","non_scaling"
"82035","None","Primary_Length_Type","total_length"
"82035","None","Secondary_Length_Type","total_length"
"82035","None","Default_Length_Conversion","use_measured_length_type"
"82060","None","Default_TS_Relationship","non_scaling"
"82060","None","Specific_TS_Relationship","non_scaling"
"82060","None","Primary_Length_Type","total_length"
"82060","None","Secondary_Length_Type","total_length"
"82060","None","Default_Length_Conversion","use_measured_length_type"
"82090","None","Default_TS_Relationship","non_scaling"
"82090","None","Specific_TS_Relationship","non_scaling"
"82090","None","Primary_Length_Type","total_length"
"82090","None","Secondary_Length_Type","total_length"
"82090","None","Default_Length_Conversion","use_measured_length_type"
"82091","None","Default_TS_Relationship","non_scaling"
"82091","None","Specific_TS_Relationship","non_scaling"
"82091","None","Primary_Length_Type","total_length"
"82091","None","Secondary_Length_Type","total_length"
"82091","None","Default_Length_Conversion","use_measured_length_type"
"82100","None","Default_TS_Relationship","non_scaling"
"82100","None","Specific_TS_Relationship","non_scaling"
"82100","None","Primary_Length_Type","total_length"
"82100","None","Secondary_Length_Type","total_length"
"82100","None","Default_Length_Conversion","use_measured_length_type"
"82500","None","Default_TS_Relationship","non_scaling"
"82500","None","Specific_TS_Relationship","non_scaling"
"82500","None","Primary_Length_Type","total_length"
"82500","None","Secondary_Length_Type","total_length"
"82500","None","Default_Length_Conversion","use_measured_length_type"
"82510","None","Default_TS_Relationship","non_scaling"
"82510","None","Specific_TS_Relationship","non_scaling"
"82510","None","Primary_Length_Type","total_length"
"82510","None","Secondary_Length_Type","total_length"
"82510","None","Default_Length_Conversion","use_measured_length_type"
"82511","None","Default_TS_Relationship","non_scaling"
"82511","None","Specific_TS_Relationship","non_scaling"
"82511","None","Primary_Length_Type","total_length"
"82511","None","Secondary_Length_Type","total_length"
"82511","None","Default_Length_Conversion","use_measured_length_type"
"82515","None","Default_TS_Relationship","non_scaling"
"82515","None","Specific_TS_Relationship","non_scaling"
"82515","None","Primary_Length_Type","total_length"
"82515","None","Secondary_Length_Type","total_length"
"82515","None","Default_Length_Conversion","use_measured_length_type"
"82520","None","Default_TS_Relationship","non_scaling"
"82520","None","Specific_TS_Relationship","non_scaling"
"82520","None","Primary_Length_Type","total_length"
"82520","None","Secondary_Length_Type","total_length"
"82520","None","Default_Length_Conversion","use_measured_length_type"
"82522","None","Default_TS_Relationship","non_scaling"
"82522","None","Specific_TS_Relationship","non_scaling"
"82522","None","Primary_Length_Type","total_length"
"82522","None","Secondary_Length_Type","total_length"
"82522","None","Default_Length_Conversion","use_measured_length_type"
"82525","None","Default_TS_Relationship","non_scaling"
"82525","None","Specific_TS_Relationship","non_scaling"
"82525","None","Primary_Length_Type","total_length"
"82525","None","Secondary_Length_Type","total_length"
"82525","None","Default_Length_Conversion","use_measured_length_type"
"82526","None","Default_TS_Relationship","non_scaling"
"82526","None","Specific_TS_Relationship","non_scaling"
"82526","None","Primary_Length_Type","total_length"
"82526","None","Secondary_Length_Type","total_length"
"82526","None","Default_Length_Conversion","use_measured_length_type"
"82530","None","Default_TS_Relationship","non_scaling"
"82530","None","Specific_TS_Relationship","non_scaling"
"82530","None","Primary_Length_Type","total_length"
"82530","None","Secondary_Length_Type","total_length"
"82530","None","Default_Length_Conversion","use_measured_length_type"
"82535","None","Default_TS_Relationship","non_scaling"
"82535","None","Specific_TS_Relationship","non_scaling"
"82535","None","Primary_Length_Type","total_length"
"82535","None","Secondary_Length_Type","total_length"
"82535","None","Default_Length_Conversion","use_measured_length_type"
"82650","None","Default_TS_Relationship","non_scaling"
"82650","None","Specific_TS_Relationship","non_scaling"
"82650","None","Primary_Length_Type","total_length"
"82650","None","Secondary_Length_Type","total_length"
"82650","None","Default_Length_Conversion","use_measured_length_type"
"82660","None","Default_TS_Relationship","non_scaling"
"82660","None","Specific_TS_Relationship","non_scaling"
"82660","None","Primary_Length_Type","total_length"
"82660","None","Secondary_Length_Type","total_length"
"82660","None","Default_Length_Conversion","use_measured_length_type"
"82670","None","Default_TS_Relationship","non_scaling"
"82670","None","Specific_TS_Relationship","non_scaling"
"82670","None","Primary_Length_Type","total_length"
"82670","None","Secondary_Length_Type","total_length"
"82670","None","Default_Length_Conversion","use_measured_length_type"
"82672","None","Default_TS_Relationship","non_scaling"
"82672","None","Specific_TS_Relationship","non_scaling"
"82672","None","Primary_Length_Type","total_length"
"82672","None","Secondary_Length_Type","total_length"
"82672","None","Default_Length_Conversion","use_measured_length_type"
"82673","None","Default_TS_Relationship","non_scaling"
"82673","None","Specific_TS_Relationship","non_scaling"
"82673","None","Primary_Length_Type","total_length"
"82673","None","Secondary_Length_Type","total_length"
"82673","None","Default_Length_Conversion","use_measured_length_type"
"82675","None","Default_TS_Relationship","non_scaling"
"82675","None","Specific_TS_Relationship","non_scaling"
"82675","None","Primary_Length_Type","total_length"
"82675","None","Secondary_Length_Type","total_length"
"82675","None","Default_Length_Conversion","use_measured_length_type"
"82680","None","Default_TS_Relationship","non_scaling"
"82680","None","Specific_TS_Relationship","non_scaling"
"82680","None","Primary_Length_Type","total_length"
"82680","None","Secondary_Length_Type","total_length"
"82680","None","Default_Length_Conversion","use_measured_length_type"
"82685","None","Default_TS_Relationship","non_scaling"
"82685","None","Specific_TS_Relationship","non_scaling"
"82685","None","Primary_Length_Type","total_length"
"82685","None","Secondary_Length_Type","total_length"
"82685","None","Default_Length_Conversion","use_measured_length_type"
"82730","None","Default_TS_Relationship","non_scaling"
"82730","None","Specific_TS_Relationship","non_scaling"
"82730","None","Primary_Length_Type","total_length"
"82730","None","Secondary_Length_Type","total_length"
"82730","None","Default_Length_Conversion","use_measured_length_type"
"82740","None","Default_TS_Relationship","non_scaling"
"82740","None","Specific_TS_Relationship","non_scaling"
"82740","None","Primary_Length_Type","total_length"
"82740","None","Secondary_Length_Type","total_length"
"82740","None","Default_Length_Conversion","use_measured_length_type"
"82750","None","Default_TS_Relationship","non_scaling"
"82750","None","Specific_TS_Relationship","non_scaling"
"82750","None","Primary_Length_Type","total_length"
"82750","None","Secondary_Length_Type","total_length"
"82750","None","Default_Length_Conversion","use_measured_length_type"
"82755","None","Default_TS_Relationship","non_scaling"
"82755","None","Specific_TS_Relationship","non_scaling"
"82755","None","Primary_Length_Type","total_length"
"82755","None","Secondary_Length_Type","total_length"
"82755","None","Default_Length_Conversion","use_measured_length_type"
"82757","None","Default_TS_Relationship","non_scaling"
"82757","None","Specific_TS_Relationship","non_scaling"
"82757","None","Primary_Length_Type","total_length"
"82757","None","Secondary_Length_Type","total_length"
"82757","None","Default_Length_Conversion","use_measured_length_type"
"82760","None","Default_TS_Relationship","non_scaling"
"82760","None","Specific_TS_Relationship","non_scaling"
"82760","None","Primary_Length_Type","total_length"
"82760","None","Secondary_Length_Type","total_length"
"82760","None","Default_Length_Conversion","use_measured_length_type"
"82761","None","Default_TS_Relationship","non_scaling"
"82761","None","Specific_TS_Relationship","non_scaling"
"82761","None","Primary_Length_Type","total_length"
"82761","None","Secondary_Length_Type","total_length"
"82761","None","Default_Length_Conversion","use_measured_length_type"
"82770","None","Default_TS_Relationship","non_scaling"
"82770","None","Specific_TS_Relationship","non_scaling"
"82770","None","Primary_Length_Type","total_length"
"82770","None","Secondary_Length_Type","total_length"
"82770","None","Default_Length_Conversion","use_measured_length_type"
"82771","None","Default_TS_Relationship","non_scaling"
"82771","None","Specific_TS_Relationship","non_scaling"
"82771","None","Primary_Length_Type","total_length"
"82771","None","Secondary_Length_Type","total_length"
"82771","None","Default_Length_Conversion","use_measured_length_type"
"83000","None","Default_TS_Relationship","non_scaling"
"83000","None","Specific_TS_Relationship","non_scaling"
"83000","None","Primary_Length_Type","total_length"
"83000","None","Secondary_Length_Type","total_length"
"83000","None","Default_Length_Conversion","use_measured_length_type"
"83020","None","Default_TS_Relationship","non_scaling"
"83020","None","Specific_TS_Relationship","non_scaling"
"83020","None","Primary_Length_Type","total_length"
"83020","None","Secondary_Length_Type","total_length"
"83020","None","Default_Length_Conversion","use_measured_length_type"
"83021","None","Default_TS_Relationship","non_scaling"
"83021","None","Specific_TS_Relationship","non_scaling"
"83021","None","Primary_Length_Type","total_length"
"83021","None","Secondary_Length_Type","total_length"
"83021","None","Default_Length_Conversion","use_measured_length_type"
"83022","None","Default_TS_Relationship","non_scaling"
"83022","None","Specific_TS_Relationship","non_scaling"
"83022","None","Primary_Length_Type","total_length"
"83022","None","Secondary_Length_Type","total_length"
"83022","None","Default_Length_Conversion","use_measured_length_type"
"83055","None","Default_TS_Relationship","non_scaling"
"83055","None","Specific_TS_Relationship","non_scaling"
"83055","None","Primary_Length_Type","total_length"
"83055","None","Secondary_Length_Type","total_length"
"83055","None","Default_Length_Conversion","use_measured_length_type"
"83060","None","Default_TS_Relationship","non_scaling"
"83060","None","Specific_TS_Relationship","non_scaling"
"83060","None","Primary_Length_Type","total_length"
"83060","None","Secondary_Length_Type","total_length"
"83060","None","Default_Length_Conversion","use_measured_length_type"
"83070","None","Default_TS_Relationship","non_scaling"
"83070","None","Specific_TS_Relationship","non_scaling"
"83070","None","Primary_Length_Type","total_length"
"83070","None","Secondary_Length_Type","total_length"
"83070","None","Default_Length_Conversion","use_measured_length_type"
"83075","None","Default_TS_Relationship","non_scaling"
"83075","None","Specific_TS_Relationship","non_scaling"
"83075","None","Primary_Length_Type","total_length"
"83075","None","Secondary_Length_Type","total_length"
"83080","None","Default_TS_Relationship","non_scaling"
"83075","None","Default_Length_Conversion","use_measured_length_type"
"83080","None","Specific_TS_Relationship","non_scaling"
"83080","None","Primary_Length_Type","total_length"
"83080","None","Secondary_Length_Type","total_length"
"83080","None","Default_Length_Conversion","use_measured_length_type"
"83090","None","Default_TS_Relationship","non_scaling"
"83090","None","Specific_TS_Relationship","non_scaling"
"83090","None","Primary_Length_Type","total_length"
"83090","None","Secondary_Length_Type","total_length"
"83090","None","Default_Length_Conversion","use_measured_length_type"
"83310","None","Default_TS_Relationship","non_scaling"
"83310","None","Specific_TS_Relationship","non_scaling"
"83310","None","Primary_Length_Type","total_length"
"83310","None","Secondary_Length_Type","total_length"
"83310","None","Default_Length_Conversion","use_measured_length_type"
"83319","None","Default_TS_Relationship","non_scaling"
"83319","None","Specific_TS_Relationship","non_scaling"
"83319","None","Primary_Length_Type","total_length"
"83319","None","Secondary_Length_Type","total_length"
"83319","None","Default_Length_Conversion","use_measured_length_type"
"83320","None","Default_TS_Relationship","non_scaling"
"83320","None","Specific_TS_Relationship","non_scaling"
"83320","None","Primary_Length_Type","total_length"
"83320","None","Secondary_Length_Type","total_length"
"83320","None","Default_Length_Conversion","use_measured_length_type"
"83336","None","Default_TS_Relationship","non_scaling"
"83336","None","Specific_TS_Relationship","non_scaling"
"83336","None","Primary_Length_Type","total_length"
"83336","None","Secondary_Length_Type","total_length"
"83336","None","Default_Length_Conversion","use_measured_length_type"
"83339","None","Default_TS_Relationship","non_scaling"
"83339","None","Specific_TS_Relationship","non_scaling"
"83339","None","Primary_Length_Type","total_length"
"83339","None","Secondary_Length_Type","total_length"
"83339","None","Default_Length_Conversion","use_measured_length_type"
"83340","None","Default_TS_Relationship","non_scaling"
"83340","None","Specific_TS_Relationship","non_scaling"
"83340","None","Primary_Length_Type","total_length"
"83340","None","Secondary_Length_Type","total_length"
"83340","None","Default_Length_Conversion","use_measured_length_type"
"83342","None","Default_TS_Relationship","non_scaling"
"83342","None","Specific_TS_Relationship","non_scaling"
"83342","None","Primary_Length_Type","total_length"
"83342","None","Secondary_Length_Type","total_length"
"83342","None","Default_Length_Conversion","use_measured_length_type"
"83343","None","Default_TS_Relationship","non_scaling"
"83343","None","Specific_TS_Relationship","non_scaling"
"83343","None","Primary_Length_Type","total_length"
"83343","None","Secondary_Length_Type","total_length"
"83343","None","Default_Length_Conversion","use_measured_length_type"
"83348","None","Default_TS_Relationship","non_scaling"
"83348","None","Specific_TS_Relationship","non_scaling"
"83348","None","Primary_Length_Type","total_length"
"83348","None","Secondary_Length_Type","total_length"
"83348","None","Default_Length_Conversion","use_measured_length_type"
"83360","None","Default_TS_Relationship","non_scaling"
"83360","None","Specific_TS_Relationship","non_scaling"
"83360","None","Primary_Length_Type","total_length"
"83360","None","Secondary_Length_Type","total_length"
"83360","None","Default_Length_Conversion","use_measured_length_type"
"83390","None","Default_TS_Relationship","non_scaling"
"83390","None","Specific_TS_Relationship","non_scaling"
"83390","None","Primary_Length_Type","total_length"
"83390","None","Secondary_Length_Type","total_length"
"83390","None","Default_Length_Conversion","use_measured_length_type"
"83400","None","Default_TS_Relationship","non_scaling"
"83400","None","Specific_TS_Relationship","non_scaling"
"83400","None","Primary_Length_Type","total_length"
"83400","None","Secondary_Length_Type","total_length"
"83400","None","Default_Length_Conversion","use_measured_length_type"
"83402","None","Default_TS_Relationship","non_scaling"
"83402","None","Specific_TS_Relationship","non_scaling"
"83402","None","Primary_Length_Type","total_length"
"83402","None","Secondary_Length_Type","total_length"
"83402","None","Default_Length_Conversion","use_measured_length_type"
"83405","None","Default_TS_Relationship","non_scaling"
"83405","None","Specific_TS_Relationship","non_scaling"
"83405","None","Primary_Length_Type","total_length"
"83405","None","Secondary_Length_Type","total_length"
"83405","None","Default_Length_Conversion","use_measured_length_type"
"83406","None","Default_TS_Relationship","non_scaling"
"83406","None","Specific_TS_Relationship","non_scaling"
"83406","None","Primary_Length_Type","total_length"
"83406","None","Secondary_Length_Type","total_length"
"83406","None","Default_Length_Conversion","use_measured_length_type"
"83407","None","Default_TS_Relationship","non_scaling"
"83407","None","Specific_TS_Relationship","non_scaling"
"83407","None","Primary_Length_Type","total_length"
"83407","None","Secondary_Length_Type","total_length"
"83407","None","Default_Length_Conversion","use_measured_length_type"
"83411","None","Default_TS_Relationship","non_scaling"
"83411","None","Specific_TS_Relationship","non_scaling"
"83411","None","Primary_Length_Type","total_length"
"83411","None","Secondary_Length_Type","total_length"
"83411","None","Default_Length_Conversion","use_measured_length_type"
"83480","None","Default_TS_Relationship","non_scaling"
"83480","None","Specific_TS_Relationship","non_scaling"
"83480","None","Primary_Length_Type","total_length"
"83480","None","Secondary_Length_Type","total_length"
"83480","None","Default_Length_Conversion","use_measured_length_type"
"83660","None","Default_TS_Relationship","non_scaling"
"83660","None","Specific_TS_Relationship","non_scaling"
"83660","None","Primary_Length_Type","total_length"
"83660","None","Secondary_Length_Type","total_length"
"83660","None","Default_Length_Conversion","use_measured_length_type"
"83700","None","Default_TS_Relationship","non_scaling"
"83700","None","Specific_TS_Relationship","non_scaling"
"83700","None","Primary_Length_Type","total_length"
"83700","None","Secondary_Length_Type","total_length"
"83700","None","Default_Length_Conversion","use_measured_length_type"
"85000","None","Default_TS_Relationship","non_scaling"
"85000","None","Specific_TS_Relationship","non_scaling"
"85000","None","Primary_Length_Type","total_length"
"85000","None","Secondary_Length_Type","total_length"
"85000","None","Default_Length_Conversion","use_measured_length_type"
"85010","None","Default_TS_Relationship","non_scaling"
"85010","None","Specific_TS_Relationship","non_scaling"
"85010","None","Primary_Length_Type","total_length"
"85010","None","Secondary_Length_Type","total_length"
"85010","None","Default_Length_Conversion","use_measured_length_type"
"85013","None","Default_TS_Relationship","non_scaling"
"85013","None","Specific_TS_Relationship","non_scaling"
"85013","None","Primary_Length_Type","total_length"
"85013","None","Secondary_Length_Type","total_length"
"85013","None","Default_Length_Conversion","use_measured_length_type"
"85015","None","Default_TS_Relationship","non_scaling"
"85015","None","Specific_TS_Relationship","non_scaling"
"85015","None","Primary_Length_Type","total_length"
"85015","None","Secondary_Length_Type","total_length"
"85015","None","Default_Length_Conversion","use_measured_length_type"
"85016","None","Default_TS_Relationship","non_scaling"
"85016","None","Specific_TS_Relationship","non_scaling"
"85016","None","Primary_Length_Type","total_length"
"85016","None","Secondary_Length_Type","total_length"
"85016","None","Default_Length_Conversion","use_measured_length_type"
"85020","None","Default_TS_Relationship","non_scaling"
"85020","None","Specific_TS_Relationship","non_scaling"
"85020","None","Primary_Length_Type","total_length"
"85020","None","Secondary_Length_Type","total_length"
"85020","None","Default_Length_Conversion","use_measured_length_type"
"85060","None","Default_TS_Relationship","non_scaling"
"85060","None","Specific_TS_Relationship","non_scaling"
"85060","None","Primary_Length_Type","total_length"
"85060","None","Secondary_Length_Type","total_length"
"85060","None","Default_Length_Conversion","use_measured_length_type"
"85070","None","Default_TS_Relationship","non_scaling"
"85070","None","Specific_TS_Relationship","non_scaling"
"85070","None","Primary_Length_Type","total_length"
"85070","None","Secondary_Length_Type","total_length"
"85070","None","Default_Length_Conversion","use_measured_length_type"
"85085","None","Default_TS_Relationship","non_scaling"
"85085","None","Specific_TS_Relationship","non_scaling"
"85085","None","Primary_Length_Type","total_length"
"85085","None","Secondary_Length_Type","total_length"
"85085","None","Default_Length_Conversion","use_measured_length_type"
"85110","None","Default_TS_Relationship","non_scaling"
"85110","None","Specific_TS_Relationship","non_scaling"
"85110","None","Primary_Length_Type","total_length"
"85110","None","Secondary_Length_Type","total_length"
"85110","None","Default_Length_Conversion","use_measured_length_type"
"85115","None","Default_TS_Relationship","non_scaling"
"85115","None","Specific_TS_Relationship","non_scaling"
"85115","None","Primary_Length_Type","total_length"
"85115","None","Secondary_Length_Type","total_length"
"85115","None","Default_Length_Conversion","use_measured_length_type"
"85120","None","Default_TS_Relationship","non_scaling"
"85120","None","Specific_TS_Relationship","non_scaling"
"85120","None","Primary_Length_Type","total_length"
"85120","None","Secondary_Length_Type","total_length"
"85120","None","Default_Length_Conversion","use_measured_length_type"
"85140","None","Default_TS_Relationship","non_scaling"
"85140","None","Specific_TS_Relationship","non_scaling"
"85140","None","Primary_Length_Type","total_length"
"85140","None","Secondary_Length_Type","total_length"
"85140","None","Default_Length_Conversion","use_measured_length_type"
"85167","None","Default_TS_Relationship","non_scaling"
"85167","None","Specific_TS_Relationship","non_scaling"
"85167","None","Primary_Length_Type","total_length"
"85167","None","Secondary_Length_Type","total_length"
"85167","None","Default_Length_Conversion","use_measured_length_type"
"85169","None","Default_TS_Relationship","non_scaling"
"85169","None","Specific_TS_Relationship","non_scaling"
"85169","None","Primary_Length_Type","total_length"
"85169","None","Secondary_Length_Type","total_length"
"85169","None","Default_Length_Conversion","use_measured_length_type"
"85170","None","Default_TS_Relationship","non_scaling"
"85170","None","Specific_TS_Relationship","non_scaling"
"85170","None","Primary_Length_Type","total_length"
"85170","None","Secondary_Length_Type","total_length"
"85170","None","Default_Length_Conversion","use_measured_length_type"
"85175","None","Default_TS_Relationship","non_scaling"
"85175","None","Specific_TS_Relationship","non_scaling"
"85175","None","Primary_Length_Type","total_length"
"85175","None","Secondary_Length_Type","total_length"
"85175","None","Default_Length_Conversion","use_measured_length_type"
"85180","None","Default_TS_Relationship","non_scaling"
"85180","None","Specific_TS_Relationship","non_scaling"
"85180","None","Primary_Length_Type","total_length"
"85180","None","Secondary_Length_Type","total_length"
"85180","None","Default_Length_Conversion","use_measured_length_type"
"85200","None","Default_TS_Relationship","non_scaling"
"85200","None","Specific_TS_Relationship","non_scaling"
"85200","None","Primary_Length_Type","total_length"
"85200","None","Secondary_Length_Type","total_length"
"85200","None","Default_Length_Conversion","use_measured_length_type"
"85201","None","Default_TS_Relationship","non_scaling"
"85201","None","Specific_TS_Relationship","non_scaling"
"85201","None","Primary_Length_Type","total_length"
"85201","None","Secondary_Length_Type","total_length"
"85201","None","Default_Length_Conversion","use_measured_length_type"
"85202","None","Default_TS_Relationship","non_scaling"
"85202","None","Specific_TS_Relationship","non_scaling"
"85202","None","Primary_Length_Type","total_length"
"85202","None","Secondary_Length_Type","total_length"
"85202","None","Default_Length_Conversion","use_measured_length_type"
"85205","None","Default_TS_Relationship","non_scaling"
"85205","None","Specific_TS_Relationship","non_scaling"
"85205","None","Primary_Length_Type","total_length"
"85205","None","Secondary_Length_Type","total_length"
"85205","None","Default_Length_Conversion","use_measured_length_type"
"85209","None","Default_TS_Relationship","non_scaling"
"85209","None","Specific_TS_Relationship","non_scaling"
"85209","None","Primary_Length_Type","total_length"
"85209","None","Secondary_Length_Type","total_length"
"85209","None","Default_Length_Conversion","use_measured_length_type"
"85210","None","Default_TS_Relationship","non_scaling"
"85210","None","Specific_TS_Relationship","non_scaling"
"85210","None","Primary_Length_Type","total_length"
"85210","None","Secondary_Length_Type","total_length"
"85210","None","Default_Length_Conversion","use_measured_length_type"
"85219","None","Default_TS_Relationship","non_scaling"
"85219","None","Specific_TS_Relationship","non_scaling"
"85219","None","Primary_Length_Type","total_length"
"85219","None","Secondary_Length_Type","total_length"
"85219","None","Default_Length_Conversion","use_measured_length_type"
"85220","None","Default_TS_Relationship","non_scaling"
"85220","None","Specific_TS_Relationship","non_scaling"
"85220","None","Primary_Length_Type","total_length"
"85220","None","Secondary_Length_Type","total_length"
"85220","None","Default_Length_Conversion","use_measured_length_type"
"85221","None","Default_TS_Relationship","non_scaling"
"85221","None","Specific_TS_Relationship","non_scaling"
"85221","None","Primary_Length_Type","total_length"
"85221","None","Secondary_Length_Type","total_length"
"85221","None","Default_Length_Conversion","use_measured_length_type"
"85222","None","Default_TS_Relationship","non_scaling"
"85222","None","Specific_TS_Relationship","non_scaling"
"85222","None","Primary_Length_Type","total_length"
"85222","None","Secondary_Length_Type","total_length"
"85222","None","Default_Length_Conversion","use_measured_length_type"
"85269","None","Default_TS_Relationship","non_scaling"
"85269","None","Specific_TS_Relationship","non_scaling"
"85269","None","Primary_Length_Type","total_length"
"85269","None","Secondary_Length_Type","total_length"
"85269","None","Default_Length_Conversion","use_measured_length_type"
"85270","None","Default_TS_Relationship","non_scaling"
"85270","None","Specific_TS_Relationship","non_scaling"
"85270","None","Primary_Length_Type","total_length"
"85270","None","Secondary_Length_Type","total_length"
"85270","None","Default_Length_Conversion","use_measured_length_type"
"85290","None","Default_TS_Relationship","non_scaling"
"85290","None","Specific_TS_Relationship","non_scaling"
"85290","None","Primary_Length_Type","total_length"
"85290","None","Secondary_Length_Type","total_length"
"85290","None","Default_Length_Conversion","use_measured_length_type"
"85410","None","Default_TS_Relationship","non_scaling"
"85410","None","Specific_TS_Relationship","non_scaling"
"85410","None","Primary_Length_Type","total_length"
"85410","None","Secondary_Length_Type","total_length"
"85410","None","Default_Length_Conversion","use_measured_length_type"
"90000","None","Default_TS_Relationship","non_scaling"
"90000","None","Specific_TS_Relationship","non_scaling"
"90000","None","Primary_Length_Type","total_length"
"90000","None","Secondary_Length_Type","total_length"
"90000","None","Default_Length_Conversion","use_measured_length_type"
"91000","None","Default_TS_Relationship","non_scaling"
"91000","None","Specific_TS_Relationship","non_scaling"
"91000","None","Primary_Length_Type","total_length"
"91000","None","Secondary_Length_Type","total_length"
"91000","None","Default_Length_Conversion","use_measured_length_type"
"91002","None","Default_TS_Relationship","non_scaling"
"91002","None","Specific_TS_Relationship","non_scaling"
"91002","None","Primary_Length_Type","total_length"
"91002","None","Secondary_Length_Type","total_length"
"91002","None","Default_Length_Conversion","use_measured_length_type"
"91005","None","Default_TS_Relationship","non_scaling"
"91005","None","Specific_TS_Relationship","non_scaling"
"91005","None","Primary_Length_Type","total_length"
"91005","None","Secondary_Length_Type","total_length"
"91005","None","Default_Length_Conversion","use_measured_length_type"
"91010","None","Default_TS_Relationship","non_scaling"
"91010","None","Specific_TS_Relationship","non_scaling"
"91010","None","Primary_Length_Type","total_length"
"91010","None","Secondary_Length_Type","total_length"
"91010","None","Default_Length_Conversion","use_measured_length_type"
"91014","None","Default_TS_Relationship","non_scaling"
"91014","None","Specific_TS_Relationship","non_scaling"
"91014","None","Primary_Length_Type","total_length"
"91014","None","Secondary_Length_Type","total_length"
"91014","None","Default_Length_Conversion","use_measured_length_type"
"91015","None","Default_TS_Relationship","non_scaling"
"91015","None","Specific_TS_Relationship","non_scaling"
"91015","None","Primary_Length_Type","total_length"
"91015","None","Secondary_Length_Type","total_length"
"91015","None","Default_Length_Conversion","use_measured_length_type"
"91016","None","Default_TS_Relationship","non_scaling"
"91016","None","Specific_TS_Relationship","non_scaling"
"91016","None","Primary_Length_Type","total_length"
"91016","None","Secondary_Length_Type","total_length"
"91016","None","Default_Length_Conversion","use_measured_length_type"
"91020","None","Default_TS_Relationship","non_scaling"
"91020","None","Specific_TS_Relationship","non_scaling"
"91020","None","Primary_Length_Type","total_length"
"91020","None","Secondary_Length_Type","total_length"
"91020","None","Default_Length_Conversion","use_measured_length_type"
"91030","None","Default_TS_Relationship","non_scaling"
"91030","None","Specific_TS_Relationship","non_scaling"
"91030","None","Primary_Length_Type","total_length"
"91030","None","Secondary_Length_Type","total_length"
"91030","None","Default_Length_Conversion","use_measured_length_type"
"91031","None","Default_TS_Relationship","non_scaling"
"91031","None","Specific_TS_Relationship","non_scaling"
"91031","None","Primary_Length_Type","total_length"
"91031","None","Secondary_Length_Type","total_length"
"91031","None","Default_Length_Conversion","use_measured_length_type"
"91039","None","Default_TS_Relationship","non_scaling"
"91039","None","Specific_TS_Relationship","non_scaling"
"91039","None","Primary_Length_Type","total_length"
"91039","None","Secondary_Length_Type","total_length"
"91039","None","Default_Length_Conversion","use_measured_length_type"
"91040","None","Default_TS_Relationship","non_scaling"
"91040","None","Specific_TS_Relationship","non_scaling"
"91040","None","Primary_Length_Type","total_length"
"91040","None","Secondary_Length_Type","total_length"
"91040","None","Default_Length_Conversion","use_measured_length_type"
"91045","None","Default_TS_Relationship","non_scaling"
"91045","None","Specific_TS_Relationship","non_scaling"
"91045","None","Primary_Length_Type","total_length"
"91045","None","Secondary_Length_Type","total_length"
"91045","None","Default_Length_Conversion","use_measured_length_type"
"91049","None","Default_TS_Relationship","non_scaling"
"91049","None","Specific_TS_Relationship","non_scaling"
"91049","None","Primary_Length_Type","total_length"
"91049","None","Secondary_Length_Type","total_length"
"91049","None","Default_Length_Conversion","use_measured_length_type"
"91050","None","Default_TS_Relationship","non_scaling"
"91050","None","Specific_TS_Relationship","non_scaling"
"91050","None","Primary_Length_Type","total_length"
"91050","None","Secondary_Length_Type","total_length"
"91050","None","Default_Length_Conversion","use_measured_length_type"
"91051","None","Default_TS_Relationship","non_scaling"
"91051","None","Specific_TS_Relationship","non_scaling"
"91051","None","Primary_Length_Type","total_length"
"91051","None","Secondary_Length_Type","total_length"
"91051","None","Default_Length_Conversion","use_measured_length_type"
"91052","None","Default_TS_Relationship","non_scaling"
"91052","None","Specific_TS_Relationship","non_scaling"
"91052","None","Primary_Length_Type","total_length"
"91052","None","Secondary_Length_Type","total_length"
"91052","None","Default_Length_Conversion","use_measured_length_type"
"91053","None","Default_TS_Relationship","non_scaling"
"91053","None","Specific_TS_Relationship","non_scaling"
"91053","None","Primary_Length_Type","total_length"
"91053","None","Secondary_Length_Type","total_length"
"91053","None","Default_Length_Conversion","use_measured_length_type"
"91054","None","Default_TS_Relationship","non_scaling"
"91054","None","Specific_TS_Relationship","non_scaling"
"91054","None","Primary_Length_Type","total_length"
"91054","None","Secondary_Length_Type","total_length"
"91054","None","Default_Length_Conversion","use_measured_length_type"
"91055","None","Default_TS_Relationship","non_scaling"
"91055","None","Specific_TS_Relationship","non_scaling"
"91055","None","Primary_Length_Type","total_length"
"91055","None","Secondary_Length_Type","total_length"
"91055","None","Default_Length_Conversion","use_measured_length_type"
"91056","None","Default_TS_Relationship","non_scaling"
"91056","None","Specific_TS_Relationship","non_scaling"
"91056","None","Primary_Length_Type","total_length"
"91056","None","Secondary_Length_Type","total_length"
"91056","None","Default_Length_Conversion","use_measured_length_type"
"91057","None","Default_TS_Relationship","non_scaling"
"91057","None","Specific_TS_Relationship","non_scaling"
"91057","None","Primary_Length_Type","total_length"
"91057","None","Secondary_Length_Type","total_length"
"91057","None","Default_Length_Conversion","use_measured_length_type"
"91059","None","Default_TS_Relationship","non_scaling"
"91059","None","Specific_TS_Relationship","non_scaling"
"91059","None","Primary_Length_Type","total_length"
"91059","None","Secondary_Length_Type","total_length"
"91059","None","Default_Length_Conversion","use_measured_length_type"
"91060","None","Default_TS_Relationship","non_scaling"
"91060","None","Specific_TS_Relationship","non_scaling"
"91060","None","Primary_Length_Type","total_length"
"91060","None","Secondary_Length_Type","total_length"
"91060","None","Default_Length_Conversion","use_measured_length_type"
"91061","None","Default_TS_Relationship","non_scaling"
"91061","None","Specific_TS_Relationship","non_scaling"
"91061","None","Primary_Length_Type","total_length"
"91061","None","Secondary_Length_Type","total_length"
"91064","None","Default_TS_Relationship","non_scaling"
"91061","None","Default_Length_Conversion","use_measured_length_type"
"91064","None","Specific_TS_Relationship","non_scaling"
"91064","None","Primary_Length_Type","total_length"
"91064","None","Secondary_Length_Type","total_length"
"91064","None","Default_Length_Conversion","use_measured_length_type"
"91065","None","Default_TS_Relationship","non_scaling"
"91065","None","Specific_TS_Relationship","non_scaling"
"91065","None","Primary_Length_Type","total_length"
"91065","None","Secondary_Length_Type","total_length"
"91065","None","Default_Length_Conversion","use_measured_length_type"
"91066","None","Default_TS_Relationship","non_scaling"
"91066","None","Specific_TS_Relationship","non_scaling"
"91066","None","Primary_Length_Type","total_length"
"91066","None","Secondary_Length_Type","total_length"
"91066","None","Default_Length_Conversion","use_measured_length_type"
"91067","None","Default_TS_Relationship","non_scaling"
"91067","None","Specific_TS_Relationship","non_scaling"
"91067","None","Primary_Length_Type","total_length"
"91067","None","Secondary_Length_Type","total_length"
"91067","None","Default_Length_Conversion","use_measured_length_type"
"91068","None","Default_TS_Relationship","non_scaling"
"91068","None","Specific_TS_Relationship","non_scaling"
"91068","None","Primary_Length_Type","total_length"
"91068","None","Secondary_Length_Type","total_length"
"91068","None","Default_Length_Conversion","use_measured_length_type"
"91069","None","Default_TS_Relationship","non_scaling"
"91069","None","Specific_TS_Relationship","non_scaling"
"91069","None","Primary_Length_Type","total_length"
"91069","None","Secondary_Length_Type","total_length"
"91069","None","Default_Length_Conversion","use_measured_length_type"
"91070","None","Default_TS_Relationship","non_scaling"
"91070","None","Specific_TS_Relationship","non_scaling"
"91070","None","Primary_Length_Type","total_length"
"91070","None","Secondary_Length_Type","total_length"
"91070","None","Default_Length_Conversion","use_measured_length_type"
"91071","None","Default_TS_Relationship","non_scaling"
"91071","None","Specific_TS_Relationship","non_scaling"
"91071","None","Primary_Length_Type","total_length"
"91071","None","Secondary_Length_Type","total_length"
"91071","None","Default_Length_Conversion","use_measured_length_type"
"91072","None","Default_TS_Relationship","non_scaling"
"91072","None","Specific_TS_Relationship","non_scaling"
"91072","None","Primary_Length_Type","total_length"
"91072","None","Secondary_Length_Type","total_length"
"91072","None","Default_Length_Conversion","use_measured_length_type"
"91076","None","Default_TS_Relationship","non_scaling"
"91076","None","Specific_TS_Relationship","non_scaling"
"91076","None","Primary_Length_Type","total_length"
"91076","None","Secondary_Length_Type","total_length"
"91076","None","Default_Length_Conversion","use_measured_length_type"
"91077","None","Default_TS_Relationship","non_scaling"
"91077","None","Specific_TS_Relationship","non_scaling"
"91077","None","Primary_Length_Type","total_length"
"91077","None","Secondary_Length_Type","total_length"
"91077","None","Default_Length_Conversion","use_measured_length_type"
"91078","None","Default_TS_Relationship","non_scaling"
"91078","None","Specific_TS_Relationship","non_scaling"
"91078","None","Primary_Length_Type","total_length"
"91078","None","Secondary_Length_Type","total_length"
"91078","None","Default_Length_Conversion","use_measured_length_type"
"91079","None","Default_TS_Relationship","non_scaling"
"91079","None","Specific_TS_Relationship","non_scaling"
"91079","None","Primary_Length_Type","total_length"
"91079","None","Secondary_Length_Type","total_length"
"91079","None","Default_Length_Conversion","use_measured_length_type"
"91080","None","Default_TS_Relationship","non_scaling"
"91080","None","Specific_TS_Relationship","non_scaling"
"91080","None","Primary_Length_Type","total_length"
"91080","None","Secondary_Length_Type","total_length"
"91080","None","Default_Length_Conversion","use_measured_length_type"
"91083","None","Default_TS_Relationship","non_scaling"
"91083","None","Specific_TS_Relationship","non_scaling"
"91083","None","Primary_Length_Type","total_length"
"91083","None","Secondary_Length_Type","total_length"
"91083","None","Default_Length_Conversion","use_measured_length_type"
"91084","None","Default_TS_Relationship","non_scaling"
"91084","None","Specific_TS_Relationship","non_scaling"
"91084","None","Primary_Length_Type","total_length"
"91084","None","Secondary_Length_Type","total_length"
"91084","None","Default_Length_Conversion","use_measured_length_type"
"91086","None","Default_TS_Relationship","non_scaling"
"91086","None","Specific_TS_Relationship","non_scaling"
"91086","None","Primary_Length_Type","total_length"
"91086","None","Secondary_Length_Type","total_length"
"91086","None","Default_Length_Conversion","use_measured_length_type"
"91087","None","Default_TS_Relationship","non_scaling"
"91087","None","Specific_TS_Relationship","non_scaling"
"91087","None","Primary_Length_Type","total_length"
"91087","None","Secondary_Length_Type","total_length"
"91087","None","Default_Length_Conversion","use_measured_length_type"
"91088","None","Default_TS_Relationship","non_scaling"
"91088","None","Specific_TS_Relationship","non_scaling"
"91088","None","Primary_Length_Type","total_length"
"91088","None","Secondary_Length_Type","total_length"
"91088","None","Default_Length_Conversion","use_measured_length_type"
"91090","None","Default_TS_Relationship","non_scaling"
"91090","None","Specific_TS_Relationship","non_scaling"
"91090","None","Primary_Length_Type","total_length"
"91090","None","Secondary_Length_Type","total_length"
"91090","None","Default_Length_Conversion","use_measured_length_type"
"91092","None","Default_TS_Relationship","non_scaling"
"91092","None","Specific_TS_Relationship","non_scaling"
"91092","None","Primary_Length_Type","total_length"
"91092","None","Secondary_Length_Type","total_length"
"91092","None","Default_Length_Conversion","use_measured_length_type"
"91096","None","Default_TS_Relationship","non_scaling"
"91096","None","Specific_TS_Relationship","non_scaling"
"91096","None","Primary_Length_Type","total_length"
"91096","None","Secondary_Length_Type","total_length"
"91096","None","Default_Length_Conversion","use_measured_length_type"
"91100","None","Default_TS_Relationship","non_scaling"
"91100","None","Specific_TS_Relationship","non_scaling"
"91100","None","Primary_Length_Type","total_length"
"91100","None","Secondary_Length_Type","total_length"
"91100","None","Default_Length_Conversion","use_measured_length_type"
"91700","None","Default_TS_Relationship","non_scaling"
"91700","None","Specific_TS_Relationship","non_scaling"
"91700","None","Primary_Length_Type","total_length"
"91700","None","Secondary_Length_Type","total_length"
"91700","None","Default_Length_Conversion","use_measured_length_type"
"92000","None","Default_TS_Relationship","non_scaling"
"92000","None","Specific_TS_Relationship","non_scaling"
"92000","None","Primary_Length_Type","total_length"
"92000","None","Secondary_Length_Type","total_length"
"92000","None","Default_Length_Conversion","use_measured_length_type"
"92021","None","Default_TS_Relationship","non_scaling"
"92021","None","Specific_TS_Relationship","non_scaling"
"92021","None","Primary_Length_Type","total_length"
"92021","None","Secondary_Length_Type","total_length"
"92021","None","Default_Length_Conversion","use_measured_length_type"
"92400","None","Default_TS_Relationship","non_scaling"
"92400","None","Specific_TS_Relationship","non_scaling"
"92400","None","Primary_Length_Type","total_length"
"92400","None","Secondary_Length_Type","total_length"
"92500","None","Specific_TS_Relationship","non_scaling"
"92400","None","Default_Length_Conversion","use_measured_length_type"
"92500","None","Default_TS_Relationship","non_scaling"
"92500","None","Primary_Length_Type","total_length"
"92500","None","Secondary_Length_Type","total_length"
"92500","None","Default_Length_Conversion","use_measured_length_type"
"92900","None","Default_TS_Relationship","non_scaling"
"92900","None","Specific_TS_Relationship","non_scaling"
"92900","None","Primary_Length_Type","total_length"
"92900","None","Secondary_Length_Type","total_length"
"92900","None","Default_Length_Conversion","use_measured_length_type"
"93100","None","Default_TS_Relationship","non_scaling"
"93100","None","Specific_TS_Relationship","non_scaling"
"93100","None","Primary_Length_Type","total_length"
"93100","None","Secondary_Length_Type","total_length"
"93100","None","Default_Length_Conversion","use_measured_length_type"
"93150","None","Default_TS_Relationship","non_scaling"
"93150","None","Specific_TS_Relationship","non_scaling"
"93150","None","Primary_Length_Type","total_length"
"93150","None","Secondary_Length_Type","total_length"
"93150","None","Default_Length_Conversion","use_measured_length_type"
"93500","None","Default_TS_Relationship","non_scaling"
"93500","None","Specific_TS_Relationship","non_scaling"
"93500","None","Primary_Length_Type","total_length"
"93500","None","Secondary_Length_Type","total_length"
"93500","None","Default_Length_Conversion","use_measured_length_type"
"94000","None","Default_TS_Relationship","non_scaling"
"94000","None","Specific_TS_Relationship","non_scaling"
"94000","None","Primary_Length_Type","total_length"
"94000","None","Secondary_Length_Type","total_length"
"94000","None","Default_Length_Conversion","use_measured_length_type"
"94500","None","Default_TS_Relationship","non_scaling"
"94500","None","Specific_TS_Relationship","non_scaling"
"94500","None","Primary_Length_Type","total_length"
"94500","None","Secondary_Length_Type","total_length"
"94500","None","Default_Length_Conversion","use_measured_length_type"
"94900","None","Default_TS_Relationship","non_scaling"
"94900","None","Specific_TS_Relationship","non_scaling"
"94900","None","Primary_Length_Type","total_length"
"94900","None","Secondary_Length_Type","total_length"
"94900","None","Default_Length_Conversion","use_measured_length_type"
"95000","None","Default_TS_Relationship","non_scaling"
"95000","None","Specific_TS_Relationship","non_scaling"
"95000","None","Primary_Length_Type","total_length"
"95000","None","Secondary_Length_Type","total_length"
"95000","None","Default_Length_Conversion","use_measured_length_type"
"95005","None","Default_TS_Relationship","non_scaling"
"95005","None","Specific_TS_Relationship","non_scaling"
"95005","None","Primary_Length_Type","total_length"
"95005","None","Secondary_Length_Type","total_length"
"95005","None","Default_Length_Conversion","use_measured_length_type"
"95010","None","Default_TS_Relationship","non_scaling"
"95010","None","Specific_TS_Relationship","non_scaling"
"95010","None","Primary_Length_Type","total_length"
"95010","None","Secondary_Length_Type","total_length"
"95010","None","Default_Length_Conversion","use_measured_length_type"
"95011","None","Default_TS_Relationship","non_scaling"
"95011","None","Specific_TS_Relationship","non_scaling"
"95011","None","Primary_Length_Type","total_length"
"95011","None","Secondary_Length_Type","total_length"
"95011","None","Default_Length_Conversion","use_measured_length_type"
"95015","None","Default_TS_Relationship","non_scaling"
"95015","None","Specific_TS_Relationship","non_scaling"
"95015","None","Primary_Length_Type","total_length"
"95015","None","Secondary_Length_Type","total_length"
"95015","None","Default_Length_Conversion","use_measured_length_type"
"95016","None","Default_TS_Relationship","non_scaling"
"95016","None","Specific_TS_Relationship","non_scaling"
"95016","None","Primary_Length_Type","total_length"
"95016","None","Secondary_Length_Type","total_length"
"95016","None","Default_Length_Conversion","use_measured_length_type"
"95020","None","Default_TS_Relationship","non_scaling"
"95020","None","Specific_TS_Relationship","non_scaling"
"95020","None","Primary_Length_Type","total_length"
"95020","None","Secondary_Length_Type","total_length"
"95020","None","Default_Length_Conversion","use_measured_length_type"
"95030","None","Default_TS_Relationship","non_scaling"
"95030","None","Specific_TS_Relationship","non_scaling"
"95030","None","Primary_Length_Type","total_length"
"95030","None","Secondary_Length_Type","total_length"
"95030","None","Default_Length_Conversion","use_measured_length_type"
"95035","None","Default_TS_Relationship","non_scaling"
"95035","None","Specific_TS_Relationship","non_scaling"
"95035","None","Primary_Length_Type","total_length"
"95035","None","Secondary_Length_Type","total_length"
"95035","None","Default_Length_Conversion","use_measured_length_type"
"95036","None","Default_TS_Relationship","non_scaling"
"95036","None","Specific_TS_Relationship","non_scaling"
"95036","None","Primary_Length_Type","total_length"
"95036","None","Secondary_Length_Type","total_length"
"95036","None","Default_Length_Conversion","use_measured_length_type"
"95038","None","Default_TS_Relationship","non_scaling"
"95038","None","Specific_TS_Relationship","non_scaling"
"95038","None","Primary_Length_Type","total_length"
"95038","None","Secondary_Length_Type","total_length"
"95038","None","Default_Length_Conversion","use_measured_length_type"
"95039","None","Default_TS_Relationship","non_scaling"
"95039","None","Specific_TS_Relationship","non_scaling"
"95039","None","Primary_Length_Type","total_length"
"95039","None","Secondary_Length_Type","total_length"
"95039","None","Default_Length_Conversion","use_measured_length_type"
"95040","None","Default_TS_Relationship","non_scaling"
"95040","None","Specific_TS_Relationship","non_scaling"
"95040","None","Primary_Length_Type","total_length"
"95040","None","Secondary_Length_Type","total_length"
"95040","None","Default_Length_Conversion","use_measured_length_type"
"95041","None","Default_TS_Relationship","non_scaling"
"95041","None","Specific_TS_Relationship","non_scaling"
"95041","None","Primary_Length_Type","total_length"
"95041","None","Secondary_Length_Type","total_length"
"95041","None","Default_Length_Conversion","use_measured_length_type"
"95050","None","Default_TS_Relationship","non_scaling"
"95050","None","Specific_TS_Relationship","non_scaling"
"95050","None","Primary_Length_Type","total_length"
"95050","None","Secondary_Length_Type","total_length"
"95050","None","Default_Length_Conversion","use_measured_length_type"
"95060","None","Default_TS_Relationship","non_scaling"
"95060","None","Specific_TS_Relationship","non_scaling"
"95060","None","Primary_Length_Type","total_length"
"95060","None","Secondary_Length_Type","total_length"
"95060","None","Default_Length_Conversion","use_measured_length_type"
"95070","None","Default_TS_Relationship","non_scaling"
"95070","None","Specific_TS_Relationship","non_scaling"
"95070","None","Primary_Length_Type","total_length"
"95070","None","Secondary_Length_Type","total_length"
"95070","None","Default_Length_Conversion","use_measured_length_type"
"95080","None","Default_TS_Relationship","non_scaling"
"95080","None","Specific_TS_Relationship","non_scaling"
"95080","None","Primary_Length_Type","total_length"
"95080","None","Secondary_Length_Type","total_length"
"95080","None","Default_Length_Conversion","use_measured_length_type"
"95100","None","Default_TS_Relationship","non_scaling"
"95100","None","Specific_TS_Relationship","non_scaling"
"95100","None","Primary_Length_Type","total_length"
"95100","None","Secondary_Length_Type","total_length"
"95100","None","Default_Length_Conversion","use_measured_length_type"
"95103","None","Default_TS_Relationship","non_scaling"
"95103","None","Specific_TS_Relationship","non_scaling"
"95103","None","Primary_Length_Type","total_length"
"95103","None","Secondary_Length_Type","total_length"
"95103","None","Default_Length_Conversion","use_measured_length_type"
"95104","None","Default_TS_Relationship","non_scaling"
"95104","None","Specific_TS_Relationship","non_scaling"
"95104","None","Primary_Length_Type","total_length"
"95104","None","Secondary_Length_Type","total_length"
"95104","None","Default_Length_Conversion","use_measured_length_type"
"95105","None","Default_TS_Relationship","non_scaling"
"95105","None","Specific_TS_Relationship","non_scaling"
"95105","None","Primary_Length_Type","total_length"
"95105","None","Secondary_Length_Type","total_length"
"95105","None","Default_Length_Conversion","use_measured_length_type"
"97000","None","Default_TS_Relationship","non_scaling"
"97000","None","Specific_TS_Relationship","non_scaling"
"97000","None","Primary_Length_Type","total_length"
"97000","None","Secondary_Length_Type","total_length"
"97000","None","Default_Length_Conversion","use_measured_length_type"
"97100","None","Default_TS_Relationship","non_scaling"
"97100","None","Specific_TS_Relationship","non_scaling"
"97100","None","Primary_Length_Type","total_length"
"97100","None","Secondary_Length_Type","total_length"
"97100","None","Default_Length_Conversion","use_measured_length_type"
"97110","None","Default_TS_Relationship","non_scaling"
"97110","None","Specific_TS_Relationship","non_scaling"
"97110","None","Primary_Length_Type","total_length"
"97110","None","Secondary_Length_Type","total_length"
"97110","None","Default_Length_Conversion","use_measured_length_type"
"97111","None","Default_TS_Relationship","non_scaling"
"97111","None","Specific_TS_Relationship","non_scaling"
"97111","None","Primary_Length_Type","total_length"
"97111","None","Secondary_Length_Type","total_length"
"97111","None","Default_Length_Conversion","use_measured_length_type"
"97115","None","Default_TS_Relationship","non_scaling"
"97115","None","Specific_TS_Relationship","non_scaling"
"97115","None","Primary_Length_Type","total_length"
"97115","None","Secondary_Length_Type","total_length"
"97115","None","Default_Length_Conversion","use_measured_length_type"
"97116","None","Default_TS_Relationship","non_scaling"
"97116","None","Specific_TS_Relationship","non_scaling"
"97116","None","Primary_Length_Type","total_length"
"97116","None","Secondary_Length_Type","total_length"
"97116","None","Default_Length_Conversion","use_measured_length_type"
"97120","None","Default_TS_Relationship","non_scaling"
"97120","None","Specific_TS_Relationship","non_scaling"
"97120","None","Primary_Length_Type","total_length"
"97120","None","Secondary_Length_Type","total_length"
"97120","None","Default_Length_Conversion","use_measured_length_type"
"98000","None","Default_TS_Relationship","non_scaling"
"98000","None","Specific_TS_Relationship","non_scaling"
"98000","None","Primary_Length_Type","total_length"
"98000","None","Secondary_Length_Type","total_length"
"98000","None","Default_Length_Conversion","use_measured_length_type"
"98001","None","Default_TS_Relationship","non_scaling"
"98001","None","Specific_TS_Relationship","non_scaling"
"98001","None","Primary_Length_Type","total_length"
"98001","None","Secondary_Length_Type","total_length"
"98001","None","Default_Length_Conversion","use_measured_length_type"
"98002","None","Default_TS_Relationship","non_scaling"
"98002","None","Specific_TS_Relationship","non_scaling"
"98002","None","Primary_Length_Type","total_length"
"98002","None","Secondary_Length_Type","total_length"
"98002","None","Default_Length_Conversion","use_measured_length_type"
"98003","None","Default_TS_Relationship","non_scaling"
"98003","None","Specific_TS_Relationship","non_scaling"
"98003","None","Primary_Length_Type","total_length"
"98003","None","Secondary_Length_Type","total_length"
"98003","None","Default_Length_Conversion","use_measured_length_type"
"98070","None","Default_TS_Relationship","chrysaora_melanaster"
"98070","None","Specific_TS_Relationship","chrysaora_melanaster"
"98070","None","Primary_Length_Type","total_length"
"98070","None","Secondary_Length_Type","total_length"
"98070","None","Default_Length_Conversion","use_measured_length_type"
"98071","None","Default_TS_Relationship","chrysaora_melanaster"
"98071","None","Specific_TS_Relationship","chrysaora_melanaster"
"98071","None","Primary_Length_Type","total_length"
"98071","None","Secondary_Length_Type","total_length"
"98071","None","Default_Length_Conversion","use_measured_length_type"
"98072","None","Default_TS_Relationship","chrysaora_melanaster"
"98072","None","Specific_TS_Relationship","chrysaora_melanaster"
"98072","None","Primary_Length_Type","total_length"
"98072","None","Secondary_Length_Type","total_length"
"98072","None","Default_Length_Conversion","use_measured_length_type"
"98079","None","Default_TS_Relationship","non_scaling"
"98079","None","Specific_TS_Relationship","non_scaling"
"98079","None","Primary_Length_Type","total_length"
"98079","None","Secondary_Length_Type","total_length"
"98079","None","Default_Length_Conversion","use_measured_length_type"
"98080","None","Default_TS_Relationship","non_scaling"
"98080","None","Specific_TS_Relationship","non_scaling"
"98080","None","Primary_Length_Type","total_length"
"98080","None","Secondary_Length_Type","total_length"
"98080","None","Default_Length_Conversion","use_measured_length_type"
"98082","None","Default_TS_Relationship","non_scaling"
"98082","None","Specific_TS_Relationship","non_scaling"
"98082","None","Primary_Length_Type","total_length"
"98082","None","Secondary_Length_Type","total_length"
"98082","None","Default_Length_Conversion","use_measured_length_type"
"98100","None","Default_TS_Relationship","non_scaling"
"98100","None","Specific_TS_Relationship","non_scaling"
"98100","None","Primary_Length_Type","total_length"
"98100","None","Secondary_Length_Type","total_length"
"98100","None","Default_Length_Conversion","use_measured_length_type"
"98101","None","Default_TS_Relationship","non_scaling"
"98101","None","Specific_TS_Relationship","non_scaling"
"98101","None","Primary_Length_Type","total_length"
"98101","None","Secondary_Length_Type","total_length"
"98101","None","Default_Length_Conversion","use_measured_length_type"
"98102","None","Default_TS_Relationship","non_scaling"
"98102","None","Specific_TS_Relationship","non_scaling"
"98102","None","Primary_Length_Type","total_length"
"98102","None","Secondary_Length_Type","total_length"
"98102","None","Default_Length_Conversion","use_measured_length_type"
"98105","None","Default_TS_Relationship","non_scaling"
"98105","None","Specific_TS_Relationship","non_scaling"
"98105","None","Primary_Length_Type","total_length"
"98105","None","Secondary_Length_Type","total_length"
"98105","None","Default_Length_Conversion","use_measured_length_type"
"98200","None","Default_TS_Relationship","non_scaling"
"98200","None","Specific_TS_Relationship","non_scaling"
"98200","None","Primary_Length_Type","total_length"
"98200","None","Secondary_Length_Type","total_length"
"98200","None","Default_Length_Conversion","use_measured_length_type"
"98205","None","Default_TS_Relationship","non_scaling"
"98205","None","Specific_TS_Relationship","non_scaling"
"98205","None","Primary_Length_Type","total_length"
"98205","None","Secondary_Length_Type","total_length"
"98205","None","Default_Length_Conversion","use_measured_length_type"
"98206","None","Default_TS_Relationship","non_scaling"
"98206","None","Specific_TS_Relationship","non_scaling"
"98206","None","Primary_Length_Type","total_length"
"98206","None","Secondary_Length_Type","total_length"
"98206","None","Default_Length_Conversion","use_measured_length_type"
"98210","None","Default_TS_Relationship","non_scaling"
"98210","None","Specific_TS_Relationship","non_scaling"
"98210","None","Primary_Length_Type","total_length"
"98210","None","Secondary_Length_Type","total_length"
"98210","None","Default_Length_Conversion","use_measured_length_type"
"98220","None","Default_TS_Relationship","non_scaling"
"98220","None","Specific_TS_Relationship","non_scaling"
"98220","None","Primary_Length_Type","total_length"
"98220","None","Secondary_Length_Type","total_length"
"98220","None","Default_Length_Conversion","use_measured_length_type"
"98300","None","Default_TS_Relationship","non_scaling"
"98300","None","Specific_TS_Relationship","non_scaling"
"98300","None","Primary_Length_Type","total_length"
"98300","None","Secondary_Length_Type","total_length"
"98300","None","Default_Length_Conversion","use_measured_length_type"
"98302","None","Default_TS_Relationship","non_scaling"
"98302","None","Specific_TS_Relationship","non_scaling"
"98302","None","Primary_Length_Type","total_length"
"98302","None","Secondary_Length_Type","total_length"
"98302","None","Default_Length_Conversion","use_measured_length_type"
"98309","None","Default_TS_Relationship","non_scaling"
"98309","None","Specific_TS_Relationship","non_scaling"
"98309","None","Primary_Length_Type","total_length"
"98309","None","Secondary_Length_Type","total_length"
"98309","None","Default_Length_Conversion","use_measured_length_type"
"98310","None","Default_TS_Relationship","non_scaling"
"98310","None","Specific_TS_Relationship","non_scaling"
"98310","None","Primary_Length_Type","total_length"
"98310","None","Secondary_Length_Type","total_length"
"98310","None","Default_Length_Conversion","use_measured_length_type"
"98311","None","Default_TS_Relationship","non_scaling"
"98311","None","Specific_TS_Relationship","non_scaling"
"98311","None","Primary_Length_Type","total_length"
"98311","None","Secondary_Length_Type","total_length"
"98311","None","Default_Length_Conversion","use_measured_length_type"
"98320","None","Default_TS_Relationship","non_scaling"
"98320","None","Specific_TS_Relationship","non_scaling"
"98320","None","Primary_Length_Type","total_length"
"98320","None","Secondary_Length_Type","total_length"
"98320","None","Default_Length_Conversion","use_measured_length_type"
"98322","None","Default_TS_Relationship","non_scaling"
"98322","None","Specific_TS_Relationship","non_scaling"
"98322","None","Primary_Length_Type","total_length"
"98322","None","Secondary_Length_Type","total_length"
"98322","None","Default_Length_Conversion","use_measured_length_type"
"98324","None","Default_TS_Relationship","non_scaling"
"98324","None","Specific_TS_Relationship","non_scaling"
"98324","None","Primary_Length_Type","total_length"
"98324","None","Secondary_Length_Type","total_length"
"98324","None","Default_Length_Conversion","use_measured_length_type"
"98330","None","Default_TS_Relationship","non_scaling"
"98330","None","Specific_TS_Relationship","non_scaling"
"98330","None","Primary_Length_Type","total_length"
"98330","None","Secondary_Length_Type","total_length"
"98330","None","Default_Length_Conversion","use_measured_length_type"
"98331","None","Default_TS_Relationship","non_scaling"
"98331","None","Specific_TS_Relationship","non_scaling"
"98331","None","Primary_Length_Type","total_length"
"98331","None","Secondary_Length_Type","total_length"
"98331","None","Default_Length_Conversion","use_measured_length_type"
"98332","None","Default_TS_Relationship","non_scaling"
"98332","None","Specific_TS_Relationship","non_scaling"
"98332","None","Primary_Length_Type","total_length"
"98332","None","Secondary_Length_Type","total_length"
"98332","None","Default_Length_Conversion","use_measured_length_type"
"99900","None","Default_TS_Relationship","non_scaling"
"99900","None","Specific_TS_Relationship","non_scaling"
"99900","None","Primary_Length_Type","total_length"
"99900","None","Secondary_Length_Type","total_length"
"99900","None","Default_Length_Conversion","use_measured_length_type"
"99902","None","Default_TS_Relationship","non_scaling"
"99902","None","Specific_TS_Relationship","non_scaling"
"99902","None","Primary_Length_Type","total_length"
"99902","None","Secondary_Length_Type","total_length"
"99902","None","Default_Length_Conversion","use_measured_length_type"
"99904","None","Default_TS_Relationship","non_scaling"
"99904","None","Specific_TS_Relationship","non_scaling"
"99904","None","Primary_Length_Type","total_length"
"99904","None","Secondary_Length_Type","total_length"
"99904","None","Default_Length_Conversion","use_measured_length_type"
"99987","None","Default_TS_Relationship","non_scaling"
"99987","None","Specific_TS_Relationship","non_scaling"
"99987","None","Primary_Length_Type","total_length"
"99987","None","Secondary_Length_Type","total_length"
"99987","None","Default_Length_Conversion","use_measured_length_type"
"99990","None","Default_TS_Relationship","non_scaling"
"99990","None","Specific_TS_Relationship","non_scaling"
"99990","None","Primary_Length_Type","total_length"
"99990","None","Secondary_Length_Type","total_length"
"99990","None","Default_Length_Conversion","use_measured_length_type"
"99992","None","Default_TS_Relationship","non_scaling"
"99992","None","Specific_TS_Relationship","non_scaling"
"99992","None","Primary_Length_Type","total_length"
"99992","None","Secondary_Length_Type","total_length"
"99992","None","Default_Length_Conversion","use_measured_length_type"
"99993","None","Default_TS_Relationship","non_scaling"
"99993","None","Specific_TS_Relationship","non_scaling"
"99993","None","Primary_Length_Type","total_length"
"99993","None","Secondary_Length_Type","total_length"
"99993","None","Default_Length_Conversion","use_measured_length_type"
"99994","None","Default_TS_Relationship","non_scaling"
"99994","None","Specific_TS_Relationship","non_scaling"
"99994","None","Primary_Length_Type","total_length"
"99994","None","Secondary_Length_Type","total_length"
"99994","None","Default_Length_Conversion","use_measured_length_type"
"99997","None","Default_TS_Relationship","non_scaling"
"99997","None","Specific_TS_Relationship","non_scaling"
"99997","None","Primary_Length_Type","total_length"
"99997","None","Secondary_Length_Type","total_length"
"99997","None","Default_Length_Conversion","use_measured_length_type"
"99998","None","Default_TS_Relationship","non_scaling"
"99998","None","Specific_TS_Relationship","non_scaling"
"99998","None","Primary_Length_Type","total_length"
"99998","None","Secondary_Length_Type","total_length"
"99998","None","Default_Length_Conversion","use_measured_length_type"
"99999","None","Default_TS_Relationship","non_scaling"
"99999","None","Specific_TS_Relationship","non_scaling"
"99999","None","Primary_Length_Type","total_length"
"99999","None","Secondary_Length_Type","total_length"
"99999","None","Default_Length_Conversion","use_measured_length_type"
"213759","None","Default_TS_Relationship","non_scaling"
"213759","None","Specific_TS_Relationship","non_scaling"
"213759","None","Primary_Length_Type","total_length"
"213759","None","Secondary_Length_Type","total_length"
"213759","None","Default_Length_Conversion","use_measured_length_type"
"400610","None","Default_TS_Relationship","non_scaling"
"400610","None","Specific_TS_Relationship","non_scaling"
"400610","None","Primary_Length_Type","total_length"
"400610","None","Secondary_Length_Type","total_length"
"400610","None","Default_Length_Conversion","use_measured_length_type"
"998877","None","Default_TS_Relationship","non_scaling"
"998877","None","Specific_TS_Relationship","non_scaling"
"998877","None","Primary_Length_Type","total_length"
"998877","None","Secondary_Length_Type","total_length"
"998877","None","Default_Length_Conversion","use_measured_length_type"
"999991","None","Default_TS_Relationship","non_scaling"
"999991","None","Specific_TS_Relationship","non_scaling"
"999991","None","Primary_Length_Type","total_length"
"999991","None","Secondary_Length_Type","total_length"
"999991","None","Default_Length_Conversion","use_measured_length_type"
"999992","None","Default_TS_Relationship","non_scaling"
"999992","None","Specific_TS_Relationship","non_scaling"
"999992","None","Primary_Length_Type","total_length"
"999992","None","Secondary_Length_Type","total_length"
"999992","None","Default_Length_Conversion","use_measured_length_type"
"999993","None","Default_TS_Relationship","non_scaling"
"999993","None","Specific_TS_Relationship","non_scaling"
"999993","None","Primary_Length_Type","total_length"
"999993","None","Secondary_Length_Type","total_length"
"999993","None","Default_Length_Conversion","use_measured_length_type"
"999994","None","Default_TS_Relationship","non_scaling"
"999994","None","Specific_TS_Relationship","non_scaling"
"999994","None","Primary_Length_Type","total_length"
"999994","None","Secondary_Length_Type","total_length"
"999994","None","Default_Length_Conversion","use_measured_length_type"
"999995","None","Default_TS_Relationship","non_scaling"
"999995","None","Specific_TS_Relationship","non_scaling"
"999995","None","Primary_Length_Type","total_length"
"999995","None","Secondary_Length_Type","total_length"
"999995","None","Default_Length_Conversion","use_measured_length_type"
"999996","None","Default_TS_Relationship","non_scaling"
"999996","None","Specific_TS_Relationship","non_scaling"
"999996","None","Primary_Length_Type","total_length"
"999996","None","Secondary_Length_Type","total_length"
"999996","None","Default_Length_Conversion","use_measured_length_type"
"999997","None","Default_TS_Relationship","non_scaling"
"999997","None","Specific_TS_Relationship","non_scaling"
"999997","None","Primary_Length_Type","total_length"
"999997","None","Secondary_Length_Type","total_length"
"999997","None","Default_Length_Conversion","use_measured_length_type"
"999998","None","Default_TS_Relationship","non_scaling"
"999998","None","Specific_TS_Relationship","non_scaling"
"999998","None","Primary_Length_Type","total_length"
"999998","None","Secondary_Length_Type","total_length"
"999998","None","Default_Length_Conversion","use_measured_length_type"
"999999","None","Default_TS_Relationship","non_scaling"
"999999","None","Specific_TS_Relationship","non_scaling"
"999999","None","Primary_Length_Type","total_length"
"999999","None","Secondary_Length_Type","total_length"
"999999","None","Default_Length_Conversion","use_measured_length_type"
"10285","None","Default_TS_Relationship","generic_fish_no_swimbladder"
"10285","None","Specific_TS_Relationship","generic_fish_no_swimbladder"
"10285","None","Primary_Length_Type","fork_length"
"10285","None","Secondary_Length_Type","total_length"
"10285","None","Default_Length_Conversion","use_measured_length_type"
"10290","None","Default_TS_Relationship","generic_fish_no_swimbladder"
"10290","None","Specific_TS_Relationship","generic_fish_no_swimbladder"
"10290","None","Primary_Length_Type","fork_length"
"10290","None","Secondary_Length_Type","total_length"
"10290","None","Default_Length_Conversion","use_measured_length_type"
"10291","None","Default_TS_Relationship","generic_fish_no_swimbladder"
"10291","None","Specific_TS_Relationship","generic_fish_no_swimbladder"
"10291","None","Primary_Length_Type","fork_length"
"10291","None","Secondary_Length_Type","total_length"
"10291","None","Default_Length_Conversion","use_measured_length_type"
"10295","None","Default_TS_Relationship","generic_fish_no_swimbladder"
"10295","None","Specific_TS_Relationship","generic_fish_no_swimbladder"
"10295","None","Primary_Length_Type","fork_length"
"10295","None","Secondary_Length_Type","total_length"
"10295","None","Default_Length_Conversion","use_measured_length_type"
"10400","None","Default_TS_Relationship","generic_fish_no_swimbladder"
"10400","None","Specific_TS_Relationship","generic_fish_no_swimbladder"
"10400","None","Primary_Length_Type","fork_length"
"10400","None","Secondary_Length_Type","total_length"
"10400","None","Default_Length_Conversion","use_measured_length_type"
"20000","None","Default_TS_Relationship","generic_fish_no_swimbladder"
"20000","None","Specific_TS_Relationship","generic_fish_no_swimbladder"
"20000","None","Primary_Length_Type","total_length"
"20000","None","Secondary_Length_Type","fork_length"
"20000","None","Default_Length_Conversion","use_measured_length_type"
"20001","None","Default_TS_Relationship","generic_fish_no_swimbladder"
"20001","None","Specific_TS_Relationship","generic_fish_no_swimbladder"
"20001","None","Primary_Length_Type","total_length"
"20001","None","Secondary_Length_Type","fork_length"
"20001","None","Default_Length_Conversion","use_measured_length_type"
"20002","None","Default_TS_Relationship","generic_fish_no_swimbladder"
"20002","None","Specific_TS_Relationship","generic_fish_no_swimbladder"
"20002","None","Primary_Length_Type","total_length"
"20002","None","Secondary_Length_Type","fork_length"
"20002","None","Default_Length_Conversion","use_measured_length_type"
"20004","None","Default_TS_Relationship","generic_fish_no_swimbladder"
"20004","None","Specific_TS_Relationship","generic_fish_no_swimbladder"
"20004","None","Primary_Length_Type","total_length"
"20004","None","Secondary_Length_Type","fork_length"
"20004","None","Default_Length_Conversion","use_measured_length_type"
"20005","None","Default_TS_Relationship","generic_fish_no_swimbladder"
"20005","None","Specific_TS_Relationship","generic_fish_no_swimbladder"
"20005","None","Primary_Length_Type","total_length"
"20005","None","Secondary_Length_Type","fork_length"
"20005","None","Default_Length_Conversion","use_measured_length_type"
"20006","None","Default_TS_Relationship","generic_fish_no_swimbladder"
"20006","None","Specific_TS_Relationship","generic_fish_no_swimbladder"
"20006","None","Primary_Length_Type","total_length"
"20006","None","Secondary_Length_Type","fork_length"
"20006","None","Default_Length_Conversion","use_measured_length_type"
"20015","None","Default_TS_Relationship","generic_fish_no_swimbladder"
"20015","None","Specific_TS_Relationship","generic_fish_no_swimbladder"
"20015","None","Primary_Length_Type","total_length"
"20015","None","Secondary_Length_Type","fork_length"
"20015","None","Default_Length_Conversion","use_measured_length_type"
"20018","None","Default_TS_Relationship","generic_fish_no_swimbladder"
"20018","None","Specific_TS_Relationship","generic_fish_no_swimbladder"
"20018","None","Primary_Length_Type","total_length"
"20018","None","Secondary_Length_Type","fork_length"
"20018","None","Default_Length_Conversion","use_measured_length_type"
"20020","None","Default_TS_Relationship","generic_fish_no_swimbladder"
"20020","None","Specific_TS_Relationship","generic_fish_no_swimbladder"
"20020","None","Primary_Length_Type","total_length"
"20020","None","Secondary_Length_Type","fork_length"
"20020","None","Default_Length_Conversion","use_measured_length_type"
"20021","None","Default_TS_Relationship","generic_fish_no_swimbladder"
"20021","None","Specific_TS_Relationship","generic_fish_no_swimbladder"
"20021","None","Primary_Length_Type","total_length"
"20021","None","Secondary_Length_Type","fork_length"
"20021","None","Default_Length_Conversion","use_measured_length_type"
"20022","None","Default_TS_Relationship","generic_fish_no_swimbladder"
"20022","None","Specific_TS_Relationship","generic_fish_no_swimbladder"
"20022","None","Primary_Length_Type","total_length"
"20022","None","Secondary_Length_Type","fork_length"
"20022","None","Default_Length_Conversion","use_measured_length_type"
"20023","None","Default_TS_Relationship","generic_fish_no_swimbladder"
"20023","None","Specific_TS_Relationship","generic_fish_no_swimbladder"
"20023","None","Primary_Length_Type","total_length"
"20023","None","Secondary_Length_Type","fork_length"
"20023","None","Default_Length_Conversion","use_measured_length_type"
"20034","None","Default_TS_Relationship","generic_fish_no_swimbladder"
"20034","None","Specific_TS_Relationship","generic_fish_no_swimbladder"
"20034","None","Primary_Length_Type","total_length"
"20034","None","Secondary_Length_Type","fork_length"
"20034","None","Default_Length_Conversion","use_measured_length_type"
"20035","None","Default_TS_Relationship","generic_fish_no_swimbladder"
"20035","None","Specific_TS_Relationship","generic_fish_no_swimbladder"
"20035","None","Primary_Length_Type","total_length"
"20035","None","Secondary_Length_Type","fork_length"
"20035","None","Default_Length_Conversion","use_measured_length_type"
"20036","None","Default_TS_Relationship","generic_fish_no_swimbladder"
"20036","None","Specific_TS_Relationship","generic_fish_no_swimbladder"
"20036","None","Primary_Length_Type","total_length"
"20036","None","Secondary_Length_Type","fork_length"
"20036","None","Default_Length_Conversion","use_measured_length_type"
"20037","None","Default_TS_Relationship","generic_fish_no_swimbladder"
"20037","None","Specific_TS_Relationship","generic_fish_no_swimbladder"
"20037","None","Primary_Length_Type","total_length"
"20037","None","Secondary_Length_Type","fork_length"
"20037","None","Default_Length_Conversion","use_measured_length_type"
"20038","None","Default_TS_Relationship","generic_fish_no_swimbladder"
"20038","None","Specific_TS_Relationship","generic_fish_no_swimbladder"
"20038","None","Primary_Length_Type","total_length"
"20038","None","Secondary_Length_Type","fork_length"
"20038","None","Default_Length_Conversion","use_measured_length_type"
"20039","None","Default_TS_Relationship","generic_fish_no_swimbladder"
"20039","None","Specific_TS_Relationship","generic_fish_no_swimbladder"
"20039","None","Primary_Length_Type","total_length"
"20039","None","Secondary_Length_Type","fork_length"
"20039","None","Default_Length_Conversion","use_measured_length_type"
"20040","None","Default_TS_Relationship","generic_fish_no_swimbladder"
"20040","None","Specific_TS_Relationship","generic_fish_no_swimbladder"
"20040","None","Primary_Length_Type","total_length"
"20040","None","Secondary_Length_Type","fork_length"
"20040","None","Default_Length_Conversion","use_measured_length_type"
"20041","None","Default_TS_Relationship","generic_fish_no_swimbladder"
"20041","None","Specific_TS_Relationship","generic_fish_no_swimbladder"
"20041","None","Primary_Length_Type","total_length"
"20041","None","Secondary_Length_Type","fork_length"
"20041","None","Default_Length_Conversion","use_measured_length_type"
"20050","None","Default_TS_Relationship","generic_fish_no_swimbladder"
"20050","None","Specific_TS_Relationship","generic_fish_no_swimbladder"
"20050","None","Primary_Length_Type","total_length"
"20050","None","Secondary_Length_Type","fork_length"
"20050","None","Default_Length_Conversion","use_measured_length_type"
"20051","None","Default_TS_Relationship","generic_fish_no_swimbladder"
"20051","None","Specific_TS_Relationship","generic_fish_no_swimbladder"
"20051","None","Primary_Length_Type","total_length"
"20051","None","Secondary_Length_Type","fork_length"
"20051","None","Default_Length_Conversion","use_measured_length_type"
"20055","None","Default_TS_Relationship","generic_fish_no_swimbladder"
"20055","None","Specific_TS_Relationship","generic_fish_no_swimbladder"
"20055","None","Primary_Length_Type","total_length"
"20055","None","Secondary_Length_Type","fork_length"
"20055","None","Default_Length_Conversion","use_measured_length_type"
"20060","None","Default_TS_Relationship","generic_fish_no_swimbladder"
"20060","None","Specific_TS_Relationship","generic_fish_no_swimbladder"
"20060","None","Primary_Length_Type","total_length"
"20060","None","Secondary_Length_Type","fork_length"
"20060","None","Default_Length_Conversion","use_measured_length_type"
"20061","None","Default_TS_Relationship","generic_fish_no_swimbladder"
"20061","None","Specific_TS_Relationship","generic_fish_no_swimbladder"
"20061","None","Primary_Length_Type","total_length"
"20061","None","Secondary_Length_Type","fork_length"
"20061","None","Default_Length_Conversion","use_measured_length_type"
"20071","None","Default_TS_Relationship","generic_fish_no_swimbladder"
"20071","None","Specific_TS_Relationship","generic_fish_no_swimbladder"
"20071","None","Primary_Length_Type","total_length"
"20071","None","Secondary_Length_Type","fork_length"
"20071","None","Default_Length_Conversion","use_measured_length_type"
"20075","None","Default_TS_Relationship","generic_fish_no_swimbladder"
"20075","None","Specific_TS_Relationship","generic_fish_no_swimbladder"
"20075","None","Primary_Length_Type","total_length"
"20075","None","Secondary_Length_Type","fork_length"
"20075","None","Default_Length_Conversion","use_measured_length_type"
"20100","None","Default_TS_Relationship","generic_fish_no_swimbladder"
"20100","None","Specific_TS_Relationship","generic_fish_no_swimbladder"
"20100","None","Primary_Length_Type","total_length"
"20100","None","Secondary_Length_Type","fork_length"
"20100","None","Default_Length_Conversion","use_measured_length_type"
"20110","None","Default_TS_Relationship","generic_fish_no_swimbladder"
"20110","None","Specific_TS_Relationship","generic_fish_no_swimbladder"
"20110","None","Primary_Length_Type","total_length"
"20110","None","Secondary_Length_Type","fork_length"
"20110","None","Default_Length_Conversion","use_measured_length_type"
"20120","None","Default_TS_Relationship","generic_fish_no_swimbladder"
"20120","None","Specific_TS_Relationship","generic_fish_no_swimbladder"
"20120","None","Primary_Length_Type","total_length"
"20120","None","Secondary_Length_Type","fork_length"
"20120","None","Default_Length_Conversion","use_measured_length_type"
"20121","None","Default_TS_Relationship","generic_fish_no_swimbladder"
"20121","None","Specific_TS_Relationship","generic_fish_no_swimbladder"
"20121","None","Primary_Length_Type","total_length"
"20121","None","Secondary_Length_Type","fork_length"
"20121","None","Default_Length_Conversion","use_measured_length_type"
"20122","None","Default_TS_Relationship","generic_fish_no_swimbladder"
"20122","None","Specific_TS_Relationship","generic_fish_no_swimbladder"
"20122","None","Primary_Length_Type","total_length"
"20122","None","Secondary_Length_Type","fork_length"
"20122","None","Default_Length_Conversion","use_measured_length_type"
"20150","None","Default_TS_Relationship","generic_fish_no_swimbladder"
"20150","None","Specific_TS_Relationship","generic_fish_no_swimbladder"
"20150","None","Primary_Length_Type","total_length"
"20150","None","Secondary_Length_Type","fork_length"
"20150","None","Default_Length_Conversion","use_measured_length_type"
"20179","None","Default_TS_Relationship","generic_fish_no_swimbladder"
"20179","None","Specific_TS_Relationship","generic_fish_no_swimbladder"
"20179","None","Primary_Length_Type","total_length"
"20179","None","Secondary_Length_Type","fork_length"
"20179","None","Default_Length_Conversion","use_measured_length_type"
"20180","None","Default_TS_Relationship","generic_fish_no_swimbladder"
"20180","None","Specific_TS_Relationship","generic_fish_no_swimbladder"
"20180","None","Primary_Length_Type","total_length"
"20180","None","Secondary_Length_Type","fork_length"
"20180","None","Default_Length_Conversion","use_measured_length_type"
"20202","None","Default_TS_Relationship","generic_fish_no_swimbladder"
"20202","None","Specific_TS_Relationship","sandlance"
"20202","None","Primary_Length_Type","total_length"
"20202","None","Secondary_Length_Type","total_length"
"20202","None","Default_Length_Conversion","use_measured_length_type"
"20203","None","Default_TS_Relationship","generic_fish_no_swimbladder"
"20203","None","Specific_TS_Relationship","sandlance"
"20203","None","Primary_Length_Type","total_length"
"20203","None","Secondary_Length_Type","total_length"
"20203","None","Default_Length_Conversion","use_measured_length_type"
"20204","None","Default_TS_Relationship","generic_fish_no_swimbladder"
"20204","None","Specific_TS_Relationship","sandlance"
"20204","None","Primary_Length_Type","total_length"
"20204","None","Secondary_Length_Type","total_length"
"20204","None","Default_Length_Conversion","use_measured_length_type"
"20320","None","Default_TS_Relationship","generic_fish_no_swimbladder"
"20320","None","Specific_TS_Relationship","generic_fish_no_swimbladder"
"20320","None","Primary_Length_Type","total_length"
"20320","None","Secondary_Length_Type","fork_length"
"20320","None","Default_Length_Conversion","use_measured_length_type"
"20322","None","Default_TS_Relationship","generic_fish_no_swimbladder"
"20322","None","Specific_TS_Relationship","generic_fish_no_swimbladder"
"20322","None","Primary_Length_Type","total_length"
"20322","None","Secondary_Length_Type","fork_length"
"20322","None","Default_Length_Conversion","use_measured_length_type"
"20420","None","Default_TS_Relationship","generic_fish_no_swimbladder"
"20420","None","Specific_TS_Relationship","generic_fish_no_swimbladder"
"20420","None","Primary_Length_Type","total_length"
"20420","None","Secondary_Length_Type","fork_length"
"20420","None","Default_Length_Conversion","use_measured_length_type"
"20510","None","Default_TS_Relationship","generic_fish_no_swimbladder"
"20510","None","Specific_TS_Relationship","generic_fish_no_swimbladder"
"20510","None","Primary_Length_Type","total_length"
"20510","None","Secondary_Length_Type","fork_length"
"20510","None","Default_Length_Conversion","use_measured_length_type"
"20542","None","Default_TS_Relationship","generic_swimbladder_fish"
"20542","None","Specific_TS_Relationship","generic_swimbladder_fish"
"20542","None","Primary_Length_Type","total_length"
"20542","None","Secondary_Length_Type","fork_length"
"20542","None","Default_Length_Conversion","use_measured_length_type"
"20571","None","Default_TS_Relationship","generic_swimbladder_fish"
"20571","None","Specific_TS_Relationship","generic_swimbladder_fish"
"20571","None","Primary_Length_Type","total_length"
"20571","None","Secondary_Length_Type","fork_length"
"20571","None","Default_Length_Conversion","use_measured_length_type"
"20572","None","Default_TS_Relationship","generic_swimbladder_fish"
"20572","None","Specific_TS_Relationship","generic_swimbladder_fish"
"20572","None","Primary_Length_Type","total_length"
"20572","None","Secondary_Length_Type","fork_length"
"20572","None","Default_Length_Conversion","use_measured_length_type"
"20573","None","Default_TS_Relationship","generic_swimbladder_fish"
"20573","None","Specific_TS_Relationship","generic_swimbladder_fish"
"20573","None","Primary_Length_Type","total_length"
"20573","None","Secondary_Length_Type","fork_length"
"20573","None","Default_Length_Conversion","use_measured_length_type"
"20575","None","Default_TS_Relationship","generic_swimbladder_fish"
"20575","None","Specific_TS_Relationship","generic_swimbladder_fish"
"20575","None","Primary_Length_Type","total_length"
"20575","None","Secondary_Length_Type","fork_length"
"20575","None","Default_Length_Conversion","use_measured_length_type"
"20610","None","Default_TS_Relationship","generic_swimbladder_fish"
"20610","None","Specific_TS_Relationship","generic_swimbladder_fish"
"20610","None","Primary_Length_Type","total_length"
"20610","None","Secondary_Length_Type","fork_length"
"20610","None","Default_Length_Conversion","use_measured_length_type"
"20614","None","Default_TS_Relationship","generic_fish_no_swimbladder"
"20614","None","Specific_TS_Relationship","generic_fish_no_swimbladder"
"20614","None","Primary_Length_Type","total_length"
"20614","None","Secondary_Length_Type","fork_length"
"20614","None","Default_Length_Conversion","use_measured_length_type"
"20615","None","Default_TS_Relationship","generic_fish_no_swimbladder"
"20615","None","Specific_TS_Relationship","generic_fish_no_swimbladder"
"20615","None","Primary_Length_Type","total_length"
"20615","None","Secondary_Length_Type","fork_length"
"20615","None","Default_Length_Conversion","use_measured_length_type"
"20619","None","Default_TS_Relationship","generic_fish_no_swimbladder"
"20619","None","Specific_TS_Relationship","generic_fish_no_swimbladder"
"20619","None","Primary_Length_Type","total_length"
"20619","None","Secondary_Length_Type","fork_length"
"20619","None","Default_Length_Conversion","use_measured_length_type"
"20620","None","Default_TS_Relationship","generic_fish_no_swimbladder"
"20620","None","Specific_TS_Relationship","generic_fish_no_swimbladder"
"20620","None","Primary_Length_Type","total_length"
"20620","None","Secondary_Length_Type","fork_length"
"20620","None","Default_Length_Conversion","use_measured_length_type"
"20622","None","Default_TS_Relationship","generic_fish_no_swimbladder"
"20622","None","Specific_TS_Relationship","generic_fish_no_swimbladder"
"20622","None","Primary_Length_Type","total_length"
"20622","None","Secondary_Length_Type","fork_length"
"20622","None","Default_Length_Conversion","use_measured_length_type"
"20624","None","Default_TS_Relationship","generic_fish_no_swimbladder"
"20624","None","Specific_TS_Relationship","generic_fish_no_swimbladder"
"20624","None","Primary_Length_Type","total_length"
"20624","None","Secondary_Length_Type","fork_length"
"20624","None","Default_Length_Conversion","use_measured_length_type"
"20660","None","Default_TS_Relationship","generic_fish_no_swimbladder"
"20660","None","Specific_TS_Relationship","generic_fish_no_swimbladder"
"20660","None","Primary_Length_Type","total_length"
"20660","None","Secondary_Length_Type","fork_length"
"20660","None","Default_Length_Conversion","use_measured_length_type"
"20662","None","Default_TS_Relationship","generic_fish_no_swimbladder"
"20662","None","Specific_TS_Relationship","generic_fish_no_swimbladder"
"20662","None","Primary_Length_Type","total_length"
"20662","None","Secondary_Length_Type","fork_length"
"20662","None","Default_Length_Conversion","use_measured_length_type"
"20700","None","Default_TS_Relationship","generic_fish_no_swimbladder"
"20700","None","Specific_TS_Relationship","generic_fish_no_swimbladder"
"20700","None","Primary_Length_Type","total_length"
"20700","None","Secondary_Length_Type","fork_length"
"20700","None","Default_Length_Conversion","use_measured_length_type"
"20702","None","Default_TS_Relationship","generic_fish_no_swimbladder"
"20702","None","Specific_TS_Relationship","generic_fish_no_swimbladder"
"20702","None","Primary_Length_Type","total_length"
"20702","None","Secondary_Length_Type","fork_length"
"20702","None","Default_Length_Conversion","use_measured_length_type"
"20712","None","Default_TS_Relationship","generic_fish_no_swimbladder"
"20712","None","Specific_TS_Relationship","generic_fish_no_swimbladder"
"20712","None","Primary_Length_Type","total_length"
"20712","None","Secondary_Length_Type","fork_length"
"20712","None","Default_Length_Conversion","use_measured_length_type"
"20713","None","Default_TS_Relationship","generic_fish_no_swimbladder"
"20713","None","Specific_TS_Relationship","generic_fish_no_swimbladder"
"20713","None","Primary_Length_Type","total_length"
"20713","None","Secondary_Length_Type","fork_length"
"20713","None","Default_Length_Conversion","use_measured_length_type"
"20720","None","Default_TS_Relationship","generic_fish_no_swimbladder"
"20720","None","Specific_TS_Relationship","generic_fish_no_swimbladder"
"20720","None","Primary_Length_Type","total_length"
"20720","None","Secondary_Length_Type","fork_length"
"20720","None","Default_Length_Conversion","use_measured_length_type"
"20722","None","Default_TS_Relationship","generic_fish_no_swimbladder"
"20722","None","Specific_TS_Relationship","generic_fish_no_swimbladder"
"20722","None","Primary_Length_Type","total_length"
"20722","None","Secondary_Length_Type","fork_length"
"20722","None","Default_Length_Conversion","use_measured_length_type"
"20731","None","Default_TS_Relationship","generic_fish_no_swimbladder"
"20731","None","Specific_TS_Relationship","generic_fish_no_swimbladder"
"20731","None","Primary_Length_Type","total_length"
"20731","None","Secondary_Length_Type","fork_length"
"20731","None","Default_Length_Conversion","use_measured_length_type"
"20801","None","Default_TS_Relationship","generic_swimbladder_fish"
"20801","None","Specific_TS_Relationship","generic_swimbladder_fish"
"20801","None","Primary_Length_Type","total_length"
"20801","None","Secondary_Length_Type","fork_length"
"20801","None","Default_Length_Conversion","use_measured_length_type"
"20802","None","Default_TS_Relationship","generic_swimbladder_fish"
"20802","None","Specific_TS_Relationship","generic_swimbladder_fish"
"20802","None","Primary_Length_Type","total_length"
"20802","None","Secondary_Length_Type","fork_length"
"20802","None","Default_Length_Conversion","use_measured_length_type"
"20842","None","Default_TS_Relationship","generic_swimbladder_fish"
"20842","None","Specific_TS_Relationship","generic_swimbladder_fish"
"20842","None","Primary_Length_Type","total_length"
"20842","None","Secondary_Length_Type","fork_length"
"20842","None","Default_Length_Conversion","use_measured_length_type"
"20871","None","Default_TS_Relationship","generic_fish_no_swimbladder"
"20871","None","Specific_TS_Relationship","generic_fish_no_swimbladder"
"20871","None","Primary_Length_Type","total_length"
"20871","None","Secondary_Length_Type","fork_length"
"20871","None","Default_Length_Conversion","use_measured_length_type"
"20900","None","Default_TS_Relationship","generic_swimbladder_fish"
"20900","None","Specific_TS_Relationship","generic_swimbladder_fish"
"20900","None","Primary_Length_Type","total_length"
"20900","None","Secondary_Length_Type","fork_length"
"20900","None","Default_Length_Conversion","use_measured_length_type"
"20901","None","Default_TS_Relationship","generic_swimbladder_fish"
"20901","None","Specific_TS_Relationship","generic_swimbladder_fish"
"20901","None","Primary_Length_Type","total_length"
"20901","None","Secondary_Length_Type","fork_length"
"20901","None","Default_Length_Conversion","use_measured_length_type"
"20902","None","Default_TS_Relationship","generic_swimbladder_fish"
"20902","None","Specific_TS_Relationship","generic_swimbladder_fish"
"20902","None","Primary_Length_Type","total_length"
"20902","None","Secondary_Length_Type","fork_length"
"20902","None","Default_Length_Conversion","use_measured_length_type"
"20905","None","Default_TS_Relationship","generic_swimbladder_fish"
"20905","None","Specific_TS_Relationship","generic_swimbladder_fish"
"20905","None","Primary_Length_Type","total_length"
"20905","None","Secondary_Length_Type","fork_length"
"20905","None","Default_Length_Conversion","use_measured_length_type"
"20908","None","Default_TS_Relationship","generic_swimbladder_fish"
"20908","None","Specific_TS_Relationship","generic_swimbladder_fish"
"20908","None","Primary_Length_Type","total_length"
"20908","None","Secondary_Length_Type","fork_length"
"20908","None","Default_Length_Conversion","use_measured_length_type"
"20910","None","Default_TS_Relationship","generic_swimbladder_fish"
"20910","None","Specific_TS_Relationship","generic_swimbladder_fish"
"20910","None","Primary_Length_Type","total_length"
"20910","None","Secondary_Length_Type","fork_length"
"20910","None","Default_Length_Conversion","use_measured_length_type"
"20915","None","Default_TS_Relationship","non_scaling"
"20915","None","Specific_TS_Relationship","non_scaling"
"20915","None","Primary_Length_Type","total_length"
"20915","None","Secondary_Length_Type","total_length"
"20915","None","Default_Length_Conversion","use_measured_length_type"
"20920","None","Default_TS_Relationship","generic_swimbladder_fish"
"20920","None","Specific_TS_Relationship","generic_swimbladder_fish"
"20920","None","Primary_Length_Type","total_length"
"20920","None","Secondary_Length_Type","fork_length"
"20920","None","Default_Length_Conversion","use_measured_length_type"
"20921","None","Default_TS_Relationship","generic_swimbladder_fish"
"20921","None","Specific_TS_Relationship","generic_swimbladder_fish"
"20921","None","Primary_Length_Type","total_length"
"20921","None","Secondary_Length_Type","fork_length"
"20921","None","Default_Length_Conversion","use_measured_length_type"
"20930","None","Default_TS_Relationship","generic_swimbladder_fish"
"20930","None","Specific_TS_Relationship","generic_swimbladder_fish"
"20930","None","Primary_Length_Type","total_length"
"20930","None","Secondary_Length_Type","fork_length"
"20930","None","Default_Length_Conversion","use_measured_length_type"
"20952","None","Default_TS_Relationship","generic_swimbladder_fish"
"20952","None","Specific_TS_Relationship","generic_swimbladder_fish"
"20952","None","Primary_Length_Type","total_length"
"20952","None","Secondary_Length_Type","fork_length"
"20952","None","Default_Length_Conversion","use_measured_length_type"
"20960","None","Default_TS_Relationship","non_scaling"
"20960","None","Specific_TS_Relationship","non_scaling"
"20960","None","Primary_Length_Type","total_length"
"20960","None","Secondary_Length_Type","total_length"
"20960","None","Default_Length_Conversion","use_measured_length_type"
"20971","None","Default_TS_Relationship","generic_fish_no_swimbladder"
"20971","None","Specific_TS_Relationship","generic_fish_no_swimbladder"
"20971","None","Primary_Length_Type","total_length"
"20971","None","Secondary_Length_Type","fork_length"
"20971","None","Default_Length_Conversion","use_measured_length_type"
"20980","None","Default_TS_Relationship","generic_swimbladder_fish"
"20980","None","Specific_TS_Relationship","generic_swimbladder_fish"
"20980","None","Primary_Length_Type","total_length"
"20980","None","Secondary_Length_Type","fork_length"
"20980","None","Default_Length_Conversion","use_measured_length_type"
"20990","None","Default_TS_Relationship","generic_fish_no_swimbladder"
"20990","None","Specific_TS_Relationship","generic_fish_no_swimbladder"
"20990","None","Primary_Length_Type","total_length"
"20990","None","Secondary_Length_Type","fork_length"
"20990","None","Default_Length_Conversion","use_measured_length_type"
"20995","None","Default_TS_Relationship","generic_fish_no_swimbladder"
"20995","None","Specific_TS_Relationship","generic_fish_no_swimbladder"
"20995","None","Primary_Length_Type","total_length"
"20995","None","Secondary_Length_Type","fork_length"
"20995","None","Default_Length_Conversion","use_measured_length_type"
"21000","None","Default_TS_Relationship","generic_fish_no_swimbladder"
"21000","None","Specific_TS_Relationship","generic_fish_no_swimbladder"
"21000","None","Primary_Length_Type","total_length"
"21000","None","Secondary_Length_Type","fork_length"
"21000","None","Default_Length_Conversion","use_measured_length_type"
"21010","None","Default_TS_Relationship","generic_fish_no_swimbladder"
"21010","None","Specific_TS_Relationship","generic_fish_no_swimbladder"
"21010","None","Primary_Length_Type","total_length"
"21010","None","Secondary_Length_Type","fork_length"
"21010","None","Default_Length_Conversion","use_measured_length_type"
"21110","None","Default_TS_Relationship","herring_75m_v2"
"21110","None","Specific_TS_Relationship","herring_75m_v2"
"21110","None","Primary_Length_Type","fork_length"
"21110","None","Secondary_Length_Type","standard_length"
"21110","None","Default_Length_Conversion","herring_length_conversions"
"21120","None","Default_TS_Relationship","generic_swimbladder_fish"
"21120","None","Specific_TS_Relationship","generic_swimbladder_fish"
"21120","None","Primary_Length_Type","fork_length"
"21120","None","Secondary_Length_Type","standard_length"
"21120","None","Default_Length_Conversion","use_measured_length_type"
"21130","None","Default_TS_Relationship","generic_swimbladder_fish"
"21130","None","Specific_TS_Relationship","generic_swimbladder_fish"
"21130","None","Primary_Length_Type","fork_length"
"21130","None","Secondary_Length_Type","standard_length"
"21130","None","Default_Length_Conversion","use_measured_length_type"
"21150","None","Default_TS_Relationship","generic_swimbladder_fish"
"21150","None","Specific_TS_Relationship","generic_swimbladder_fish"
"21150","None","Primary_Length_Type","fork_length"
"21150","None","Secondary_Length_Type","standard_length"
"21150","None","Default_Length_Conversion","use_measured_length_type"
"21200","None","Default_TS_Relationship","generic_fish_no_swimbladder"
"21200","None","Specific_TS_Relationship","generic_fish_no_swimbladder"
"21200","None","Primary_Length_Type","preanal_fin_length"
"21200","None","Secondary_Length_Type","total_length"
"21200","None","Default_Length_Conversion","use_measured_length_type"
"21201","None","Default_TS_Relationship","generic_fish_no_swimbladder"
"21201","None","Specific_TS_Relationship","generic_fish_no_swimbladder"
"21201","None","Primary_Length_Type","total_length"
"21201","None","Secondary_Length_Type","fork_length"
"21201","None","Default_Length_Conversion","use_measured_length_type"
"21202","None","Default_TS_Relationship","generic_fish_no_swimbladder"
"21202","None","Specific_TS_Relationship","generic_fish_no_swimbladder"
"21202","None","Primary_Length_Type","total_length"
"21202","None","Secondary_Length_Type","fork_length"
"21202","None","Default_Length_Conversion","use_measured_length_type"
"21204","None","Default_TS_Relationship","generic_fish_no_swimbladder"
"21204","None","Specific_TS_Relationship","generic_fish_no_swimbladder"
"21204","None","Primary_Length_Type","total_length"
"21204","None","Secondary_Length_Type","fork_length"
"21204","None","Default_Length_Conversion","use_measured_length_type"
"21210","None","Default_TS_Relationship","generic_fish_no_swimbladder"
"21210","None","Specific_TS_Relationship","generic_fish_no_swimbladder"
"21210","None","Primary_Length_Type","total_length"
"21210","None","Secondary_Length_Type","fork_length"
"21210","None","Default_Length_Conversion","use_measured_length_type"
"21220","None","Default_TS_Relationship","generic_fish_no_swimbladder"
"21220","None","Specific_TS_Relationship","generic_fish_no_swimbladder"
